activity_id,participant_id,participant_role,participation_started_at,participation_ended_at
APP0010_DOCUMENT_SCREEN_DOCUMENT_REVIEW,DOCUMENT_SCREEN_PANEL_01_RECRUITER,RECRUITER,2026-10-20T09:46:00+09:00,2026-10-20T10:11:00+09:00
APP0009_DOCUMENT_SCREEN_DOCUMENT_REVIEW,DOCUMENT_SCREEN_PANEL_01_RECRUITER,RECRUITER,2026-10-16T10:49:00+09:00,2026-10-16T11:14:00+09:00
APP0013_DOCUMENT_SCREEN_DOCUMENT_REVIEW,DOCUMENT_SCREEN_PANEL_01_RECRUITER,RECRUITER,2026-10-15T11:29:00+09:00,2026-10-15T11:54:00+09:00
APP0008_DOCUMENT_SCREEN_DOCUMENT_REVIEW,DOCUMENT_SCREEN_PANEL_01_RECRUITER,RECRUITER,2026-10-17T10:22:00+09:00,2026-10-17T10:37:00+09:00
APP0020_DOCUMENT_SCREEN_DOCUMENT_REVIEW,DOCUMENT_SCREEN_PANEL_01_RECRUITER,RECRUITER,2026-10-21T12:49:00+09:00,2026-10-21T13:09:00+09:00
APP0027_DOCUMENT_SCREEN_DOCUMENT_REVIEW,DOCUMENT_SCREEN_PANEL_01_RECRUITER,RECRUITER,2026-10-19T14:27:00+09:00,2026-10-19T14:42:00+09:00
APP0018_DOCUMENT_SCREEN_DOCUMENT_REVIEW,DOCUMENT_SCREEN_PANEL_01_RECRUITER,RECRUITER,2026-10-21T14:38:00+09:00,2026-10-21T14:53:00+09:00
APP0025_DOCUMENT_SCREEN_DOCUMENT_REVIEW,DOCUMENT_SCREEN_PANEL_01_RECRUITER,RECRUITER,2026-10-21T15:42:00+09:00,2026-10-21T16:02:00+09:00
APP0022_DOCUMENT_SCREEN_DOCUMENT_REVIEW,DOCUMENT_SCREEN_PANEL_01_RECRUITER,RECRUITER,2026-10-18T12:29:00+09:00,2026-10-18T12:44:00+09:00
APP0030_DOCUMENT_SCREEN_DOCUMENT_REVIEW,DOCUMENT_SCREEN_PANEL_01_RECRUITER,RECRUITER,2026-10-22T12:35:00+09:00,2026-10-22T13:00:00+09:00
APP0033_DOCUMENT_SCREEN_DOCUMENT_REVIEW,DOCUMENT_SCREEN_PANEL_01_RECRUITER,RECRUITER,2026-10-22T13:02:00+09:00,2026-10-22T13:27:00+09:00
APP0046_DOCUMENT_SCREEN_DOCUMENT_REVIEW,DOCUMENT_SCREEN_PANEL_01_RECRUITER,RECRUITER,2026-10-17T15:34:00+09:00,2026-10-17T15:49:00+09:00
APP0031_DOCUMENT_SCREEN_DOCUMENT_REVIEW,DOCUMENT_SCREEN_PANEL_01_RECRUITER,RECRUITER,2026-10-20T16:31:00+09:00,2026-10-20T16:51:00+09:00
APP0051_DOCUMENT_SCREEN_DOCUMENT_REVIEW,DOCUMENT_SCREEN_PANEL_01_RECRUITER,RECRUITER,2026-10-23T12:01:00+09:00,2026-10-23T12:21:00+09:00
APP0021_DOCUMENT_SCREEN_DOCUMENT_REVIEW,DOCUMENT_SCREEN_PANEL_01_RECRUITER,RECRUITER,2026-10-18T12:51:00+09:00,2026-10-18T13:16:00+09:00
APP0014_DOCUMENT_SCREEN_DOCUMENT_REVIEW,DOCUMENT_SCREEN_PANEL_01_RECRUITER,RECRUITER,2026-10-19T13:47:00+09:00,2026-10-19T14:07:00+09:00
APP0041_DOCUMENT_SCREEN_DOCUMENT_REVIEW,DOCUMENT_SCREEN_PANEL_01_RECRUITER,RECRUITER,2026-10-19T15:59:00+09:00,2026-10-19T16:14:00+09:00
APP0034_DOCUMENT_SCREEN_DOCUMENT_REVIEW,DOCUMENT_SCREEN_PANEL_01_RECRUITER,RECRUITER,2026-10-18T16:52:00+09:00,2026-10-18T17:12:00+09:00
APP0062_DOCUMENT_SCREEN_DOCUMENT_REVIEW,DOCUMENT_SCREEN_PANEL_01_RECRUITER,RECRUITER,2026-10-22T09:09:00+09:00,2026-10-22T09:24:00+09:00
APP0006_DOCUMENT_SCREEN_DOCUMENT_REVIEW,DOCUMENT_SCREEN_PANEL_01_RECRUITER,RECRUITER,2026-10-19T09:25:00+09:00,2026-10-19T09:45:00+09:00
APP0012_DOCUMENT_SCREEN_DOCUMENT_REVIEW,DOCUMENT_SCREEN_PANEL_01_RECRUITER,RECRUITER,2026-10-19T09:45:00+09:00,2026-10-19T10:00:00+09:00
APP0076_DOCUMENT_SCREEN_DOCUMENT_REVIEW,DOCUMENT_SCREEN_PANEL_01_RECRUITER,RECRUITER,2026-10-24T10:06:00+09:00,2026-10-24T10:26:00+09:00
APP0056_DOCUMENT_SCREEN_DOCUMENT_REVIEW,DOCUMENT_SCREEN_PANEL_01_RECRUITER,RECRUITER,2026-10-24T10:32:00+09:00,2026-10-24T10:47:00+09:00
APP0068_DOCUMENT_SCREEN_DOCUMENT_REVIEW,DOCUMENT_SCREEN_PANEL_01_RECRUITER,RECRUITER,2026-10-22T11:33:00+09:00,2026-10-22T11:58:00+09:00
APP0043_DOCUMENT_SCREEN_DOCUMENT_REVIEW,DOCUMENT_SCREEN_PANEL_01_RECRUITER,RECRUITER,2026-10-20T11:43:00+09:00,2026-10-20T12:08:00+09:00
APP0048_DOCUMENT_SCREEN_DOCUMENT_REVIEW,DOCUMENT_SCREEN_PANEL_01_RECRUITER,RECRUITER,2026-10-24T12:02:00+09:00,2026-10-24T12:22:00+09:00
APP0058_DOCUMENT_SCREEN_DOCUMENT_REVIEW,DOCUMENT_SCREEN_PANEL_01_RECRUITER,RECRUITER,2026-10-19T14:42:00+09:00,2026-10-19T15:02:00+09:00
APP0045_DOCUMENT_SCREEN_DOCUMENT_REVIEW,DOCUMENT_SCREEN_PANEL_01_RECRUITER,RECRUITER,2026-10-20T14:33:00+09:00,2026-10-20T14:53:00+09:00
APP0086_DOCUMENT_SCREEN_DOCUMENT_REVIEW,DOCUMENT_SCREEN_PANEL_01_RECRUITER,RECRUITER,2026-10-22T15:09:00+09:00,2026-10-22T15:29:00+09:00
APP0035_DOCUMENT_SCREEN_DOCUMENT_REVIEW,DOCUMENT_SCREEN_PANEL_01_RECRUITER,RECRUITER,2026-10-20T15:46:00+09:00,2026-10-20T16:06:00+09:00
APP0053_DOCUMENT_SCREEN_DOCUMENT_REVIEW,DOCUMENT_SCREEN_PANEL_01_RECRUITER,RECRUITER,2026-10-21T09:03:00+09:00,2026-10-21T09:28:00+09:00
APP0079_DOCUMENT_SCREEN_DOCUMENT_REVIEW,DOCUMENT_SCREEN_PANEL_01_RECRUITER,RECRUITER,2026-10-21T09:57:00+09:00,2026-10-21T10:22:00+09:00
APP0029_DOCUMENT_SCREEN_DOCUMENT_REVIEW,DOCUMENT_SCREEN_PANEL_01_RECRUITER,RECRUITER,2026-10-20T10:39:00+09:00,2026-10-20T11:04:00+09:00
APP0059_DOCUMENT_SCREEN_DOCUMENT_REVIEW,DOCUMENT_SCREEN_PANEL_01_RECRUITER,RECRUITER,2026-10-20T12:08:00+09:00,2026-10-20T12:23:00+09:00
APP0085_DOCUMENT_SCREEN_DOCUMENT_REVIEW,DOCUMENT_SCREEN_PANEL_01_RECRUITER,RECRUITER,2026-10-20T12:23:00+09:00,2026-10-20T12:43:00+09:00
APP0024_DOCUMENT_SCREEN_DOCUMENT_REVIEW,DOCUMENT_SCREEN_PANEL_01_RECRUITER,RECRUITER,2026-10-20T13:29:00+09:00,2026-10-20T13:44:00+09:00
APP0103_DOCUMENT_SCREEN_DOCUMENT_REVIEW,DOCUMENT_SCREEN_PANEL_01_RECRUITER,RECRUITER,2026-10-23T13:37:00+09:00,2026-10-23T14:02:00+09:00
APP0074_DOCUMENT_SCREEN_DOCUMENT_REVIEW,DOCUMENT_SCREEN_PANEL_01_RECRUITER,RECRUITER,2026-10-21T13:41:00+09:00,2026-10-21T14:01:00+09:00
APP0088_DOCUMENT_SCREEN_DOCUMENT_REVIEW,DOCUMENT_SCREEN_PANEL_01_RECRUITER,RECRUITER,2026-10-20T13:46:00+09:00,2026-10-20T14:01:00+09:00
APP0026_DOCUMENT_SCREEN_DOCUMENT_REVIEW,DOCUMENT_SCREEN_PANEL_01_RECRUITER,RECRUITER,2026-10-23T14:02:00+09:00,2026-10-23T14:27:00+09:00
APP0083_DOCUMENT_SCREEN_DOCUMENT_REVIEW,DOCUMENT_SCREEN_PANEL_01_RECRUITER,RECRUITER,2026-10-20T14:53:00+09:00,2026-10-20T15:18:00+09:00
APP0077_DOCUMENT_SCREEN_DOCUMENT_REVIEW,DOCUMENT_SCREEN_PANEL_01_RECRUITER,RECRUITER,2026-10-23T16:24:00+09:00,2026-10-23T16:39:00+09:00
APP0113_DOCUMENT_SCREEN_DOCUMENT_REVIEW,DOCUMENT_SCREEN_PANEL_01_RECRUITER,RECRUITER,2026-10-24T10:47:00+09:00,2026-10-24T11:07:00+09:00
APP0040_DOCUMENT_SCREEN_DOCUMENT_REVIEW,DOCUMENT_SCREEN_PANEL_01_RECRUITER,RECRUITER,2026-10-22T11:58:00+09:00,2026-10-22T12:18:00+09:00
APP0112_DOCUMENT_SCREEN_DOCUMENT_REVIEW,DOCUMENT_SCREEN_PANEL_01_RECRUITER,RECRUITER,2026-10-22T12:18:00+09:00,2026-10-22T12:33:00+09:00
APP0111_DOCUMENT_SCREEN_DOCUMENT_REVIEW,DOCUMENT_SCREEN_PANEL_01_RECRUITER,RECRUITER,2026-10-24T12:29:00+09:00,2026-10-24T12:49:00+09:00
APP0078_DOCUMENT_SCREEN_DOCUMENT_REVIEW,DOCUMENT_SCREEN_PANEL_01_RECRUITER,RECRUITER,2026-10-22T13:27:00+09:00,2026-10-22T13:52:00+09:00
APP0087_DOCUMENT_SCREEN_DOCUMENT_REVIEW,DOCUMENT_SCREEN_PANEL_01_RECRUITER,RECRUITER,2026-10-21T13:09:00+09:00,2026-10-21T13:34:00+09:00
APP0123_DOCUMENT_SCREEN_DOCUMENT_REVIEW,DOCUMENT_SCREEN_PANEL_01_RECRUITER,RECRUITER,2026-10-22T13:52:00+09:00,2026-10-22T14:12:00+09:00
APP0080_DOCUMENT_SCREEN_DOCUMENT_REVIEW,DOCUMENT_SCREEN_PANEL_01_RECRUITER,RECRUITER,2026-10-26T13:28:00+09:00,2026-10-26T13:48:00+09:00
APP0073_DOCUMENT_SCREEN_DOCUMENT_REVIEW,DOCUMENT_SCREEN_PANEL_01_RECRUITER,RECRUITER,2026-10-21T14:13:00+09:00,2026-10-21T14:38:00+09:00
APP0070_DOCUMENT_SCREEN_DOCUMENT_REVIEW,DOCUMENT_SCREEN_PANEL_01_RECRUITER,RECRUITER,2026-10-21T14:53:00+09:00,2026-10-21T15:08:00+09:00
APP0116_DOCUMENT_SCREEN_DOCUMENT_REVIEW,DOCUMENT_SCREEN_PANEL_01_RECRUITER,RECRUITER,2026-10-26T14:35:00+09:00,2026-10-26T15:00:00+09:00
APP0089_DOCUMENT_SCREEN_DOCUMENT_REVIEW,DOCUMENT_SCREEN_PANEL_01_RECRUITER,RECRUITER,2026-10-21T15:08:00+09:00,2026-10-21T15:23:00+09:00
APP0042_DOCUMENT_SCREEN_DOCUMENT_REVIEW,DOCUMENT_SCREEN_PANEL_01_RECRUITER,RECRUITER,2026-10-26T15:08:00+09:00,2026-10-26T15:33:00+09:00
APP0049_DOCUMENT_SCREEN_DOCUMENT_REVIEW,DOCUMENT_SCREEN_PANEL_01_RECRUITER,RECRUITER,2026-10-26T16:03:00+09:00,2026-10-26T16:28:00+09:00
APP0102_DOCUMENT_SCREEN_DOCUMENT_REVIEW,DOCUMENT_SCREEN_PANEL_01_RECRUITER,RECRUITER,2026-10-22T16:55:00+09:00,2026-10-22T17:10:00+09:00
APP0050_DOCUMENT_SCREEN_DOCUMENT_REVIEW,DOCUMENT_SCREEN_PANEL_01_RECRUITER,RECRUITER,2026-10-22T09:24:00+09:00,2026-10-22T09:39:00+09:00
APP0128_DOCUMENT_SCREEN_DOCUMENT_REVIEW,DOCUMENT_SCREEN_PANEL_01_RECRUITER,RECRUITER,2026-10-23T09:42:00+09:00,2026-10-23T09:57:00+09:00
APP0090_DOCUMENT_SCREEN_DOCUMENT_REVIEW,DOCUMENT_SCREEN_PANEL_01_RECRUITER,RECRUITER,2026-10-27T09:58:00+09:00,2026-10-27T10:13:00+09:00
APP0061_DOCUMENT_SCREEN_DOCUMENT_REVIEW,DOCUMENT_SCREEN_PANEL_01_RECRUITER,RECRUITER,2026-10-25T10:08:00+09:00,2026-10-25T10:23:00+09:00
APP0057_DOCUMENT_SCREEN_DOCUMENT_REVIEW,DOCUMENT_SCREEN_PANEL_01_RECRUITER,RECRUITER,2026-10-23T11:16:00+09:00,2026-10-23T11:31:00+09:00
APP0097_DOCUMENT_SCREEN_DOCUMENT_REVIEW,DOCUMENT_SCREEN_PANEL_01_RECRUITER,RECRUITER,2026-10-27T11:34:00+09:00,2026-10-27T11:59:00+09:00
APP0105_DOCUMENT_SCREEN_DOCUMENT_REVIEW,DOCUMENT_SCREEN_PANEL_01_RECRUITER,RECRUITER,2026-10-25T11:34:00+09:00,2026-10-25T11:59:00+09:00
APP0063_DOCUMENT_SCREEN_DOCUMENT_REVIEW,DOCUMENT_SCREEN_PANEL_01_RECRUITER,RECRUITER,2026-10-25T12:24:00+09:00,2026-10-25T12:39:00+09:00
APP0096_DOCUMENT_SCREEN_DOCUMENT_REVIEW,DOCUMENT_SCREEN_PANEL_01_RECRUITER,RECRUITER,2026-10-22T14:12:00+09:00,2026-10-22T14:37:00+09:00
APP0142_DOCUMENT_SCREEN_DOCUMENT_REVIEW,DOCUMENT_SCREEN_PANEL_01_RECRUITER,RECRUITER,2026-10-25T13:34:00+09:00,2026-10-25T13:54:00+09:00
APP0003_DOCUMENT_SCREEN_DOCUMENT_REVIEW,DOCUMENT_SCREEN_PANEL_01_RECRUITER,RECRUITER,2026-10-25T13:54:00+09:00,2026-10-25T14:14:00+09:00
APP0119_DOCUMENT_SCREEN_DOCUMENT_REVIEW,DOCUMENT_SCREEN_PANEL_01_RECRUITER,RECRUITER,2026-10-27T14:22:00+09:00,2026-10-27T14:42:00+09:00
APP0005_DOCUMENT_SCREEN_DOCUMENT_REVIEW,DOCUMENT_SCREEN_PANEL_01_RECRUITER,RECRUITER,2026-10-23T14:27:00+09:00,2026-10-23T14:42:00+09:00
APP0093_DOCUMENT_SCREEN_DOCUMENT_REVIEW,DOCUMENT_SCREEN_PANEL_01_RECRUITER,RECRUITER,2026-10-23T14:55:00+09:00,2026-10-23T15:10:00+09:00
APP0134_DOCUMENT_SCREEN_DOCUMENT_REVIEW,DOCUMENT_SCREEN_PANEL_01_RECRUITER,RECRUITER,2026-10-25T14:59:00+09:00,2026-10-25T15:24:00+09:00
APP0095_DOCUMENT_SCREEN_DOCUMENT_REVIEW,DOCUMENT_SCREEN_PANEL_01_RECRUITER,RECRUITER,2026-10-23T15:10:00+09:00,2026-10-23T15:25:00+09:00
APP0127_DOCUMENT_SCREEN_DOCUMENT_REVIEW,DOCUMENT_SCREEN_PANEL_01_RECRUITER,RECRUITER,2026-10-27T15:07:00+09:00,2026-10-27T15:22:00+09:00
APP0004_DOCUMENT_SCREEN_DOCUMENT_REVIEW,DOCUMENT_SCREEN_PANEL_01_RECRUITER,RECRUITER,2026-10-27T15:40:00+09:00,2026-10-27T16:00:00+09:00
APP0101_DOCUMENT_SCREEN_DOCUMENT_REVIEW,DOCUMENT_SCREEN_PANEL_01_RECRUITER,RECRUITER,2026-10-23T15:59:00+09:00,2026-10-23T16:14:00+09:00
APP0139_DOCUMENT_SCREEN_DOCUMENT_REVIEW,DOCUMENT_SCREEN_PANEL_01_RECRUITER,RECRUITER,2026-10-25T16:04:00+09:00,2026-10-25T16:24:00+09:00
APP0109_DOCUMENT_SCREEN_DOCUMENT_REVIEW,DOCUMENT_SCREEN_PANEL_01_RECRUITER,RECRUITER,2026-10-22T16:25:00+09:00,2026-10-22T16:50:00+09:00
APP0002_DOCUMENT_SCREEN_DOCUMENT_REVIEW,DOCUMENT_SCREEN_PANEL_01_RECRUITER,RECRUITER,2026-10-23T16:39:00+09:00,2026-10-23T16:59:00+09:00
APP0007_DOCUMENT_SCREEN_DOCUMENT_REVIEW,DOCUMENT_SCREEN_PANEL_01_RECRUITER,RECRUITER,2026-10-25T16:46:00+09:00,2026-10-25T17:06:00+09:00
APP0110_DOCUMENT_SCREEN_DOCUMENT_REVIEW,DOCUMENT_SCREEN_PANEL_01_RECRUITER,RECRUITER,2026-10-26T09:04:00+09:00,2026-10-26T09:19:00+09:00
APP0143_DOCUMENT_SCREEN_DOCUMENT_REVIEW,DOCUMENT_SCREEN_PANEL_01_RECRUITER,RECRUITER,2026-10-26T12:15:00+09:00,2026-10-26T12:40:00+09:00
APP0121_DOCUMENT_SCREEN_DOCUMENT_REVIEW,DOCUMENT_SCREEN_PANEL_01_RECRUITER,RECRUITER,2026-10-28T12:23:00+09:00,2026-10-28T12:38:00+09:00
APP0147_DOCUMENT_SCREEN_DOCUMENT_REVIEW,DOCUMENT_SCREEN_PANEL_01_RECRUITER,RECRUITER,2026-10-24T16:15:00+09:00,2026-10-24T16:40:00+09:00
APP0044_DOCUMENT_SCREEN_DOCUMENT_REVIEW,DOCUMENT_SCREEN_PANEL_01_RECRUITER,RECRUITER,2026-10-27T11:04:00+09:00,2026-10-27T11:19:00+09:00
APP0162_DOCUMENT_SCREEN_DOCUMENT_REVIEW,DOCUMENT_SCREEN_PANEL_01_RECRUITER,RECRUITER,2026-10-27T11:59:00+09:00,2026-10-27T12:24:00+09:00
APP0150_DOCUMENT_SCREEN_DOCUMENT_REVIEW,DOCUMENT_SCREEN_PANEL_01_RECRUITER,RECRUITER,2026-10-24T12:58:00+09:00,2026-10-24T13:13:00+09:00
APP0167_DOCUMENT_SCREEN_DOCUMENT_REVIEW,DOCUMENT_SCREEN_PANEL_01_RECRUITER,RECRUITER,2026-10-25T14:14:00+09:00,2026-10-25T14:39:00+09:00
APP0151_DOCUMENT_SCREEN_DOCUMENT_REVIEW,DOCUMENT_SCREEN_PANEL_01_RECRUITER,RECRUITER,2026-10-25T14:39:00+09:00,2026-10-25T14:54:00+09:00
APP0124_DOCUMENT_SCREEN_DOCUMENT_REVIEW,DOCUMENT_SCREEN_PANEL_01_RECRUITER,RECRUITER,2026-10-25T15:24:00+09:00,2026-10-25T15:39:00+09:00
APP0172_DOCUMENT_SCREEN_DOCUMENT_REVIEW,DOCUMENT_SCREEN_PANEL_01_RECRUITER,RECRUITER,2026-10-29T14:20:00+09:00,2026-10-29T14:35:00+09:00
APP0141_DOCUMENT_SCREEN_DOCUMENT_REVIEW,DOCUMENT_SCREEN_PANEL_01_RECRUITER,RECRUITER,2026-10-27T16:00:00+09:00,2026-10-27T16:20:00+09:00
APP0038_DOCUMENT_SCREEN_DOCUMENT_REVIEW,DOCUMENT_SCREEN_PANEL_01_RECRUITER,RECRUITER,2026-10-27T16:20:00+09:00,2026-10-27T16:40:00+09:00
APP0039_DOCUMENT_SCREEN_DOCUMENT_REVIEW,DOCUMENT_SCREEN_PANEL_01_RECRUITER,RECRUITER,2026-10-25T15:39:00+09:00,2026-10-25T15:54:00+09:00
APP0168_DOCUMENT_SCREEN_DOCUMENT_REVIEW,DOCUMENT_SCREEN_PANEL_01_RECRUITER,RECRUITER,2026-10-24T15:29:00+09:00,2026-10-24T15:54:00+09:00
APP0153_DOCUMENT_SCREEN_DOCUMENT_REVIEW,DOCUMENT_SCREEN_PANEL_01_RECRUITER,RECRUITER,2026-10-25T17:06:00+09:00,2026-10-25T17:31:00+09:00
APP0166_DOCUMENT_SCREEN_DOCUMENT_REVIEW,DOCUMENT_SCREEN_PANEL_01_RECRUITER,RECRUITER,2026-10-24T16:40:00+09:00,2026-10-24T17:05:00+09:00
APP0037_DOCUMENT_SCREEN_DOCUMENT_REVIEW,DOCUMENT_SCREEN_PANEL_01_RECRUITER,RECRUITER,2026-10-27T16:40:00+09:00,2026-10-27T17:00:00+09:00
APP0098_DOCUMENT_SCREEN_DOCUMENT_REVIEW,DOCUMENT_SCREEN_PANEL_01_RECRUITER,RECRUITER,2026-10-25T16:24:00+09:00,2026-10-25T16:39:00+09:00
APP0136_DOCUMENT_SCREEN_DOCUMENT_REVIEW,DOCUMENT_SCREEN_PANEL_01_RECRUITER,RECRUITER,2026-10-29T16:46:00+09:00,2026-10-29T17:06:00+09:00
APP0067_DOCUMENT_SCREEN_DOCUMENT_REVIEW,DOCUMENT_SCREEN_PANEL_01_RECRUITER,RECRUITER,2026-10-28T09:28:00+09:00,2026-10-28T09:43:00+09:00
APP0117_DOCUMENT_SCREEN_DOCUMENT_REVIEW,DOCUMENT_SCREEN_PANEL_01_RECRUITER,RECRUITER,2026-10-30T09:46:00+09:00,2026-10-30T10:01:00+09:00
APP0154_DOCUMENT_SCREEN_DOCUMENT_REVIEW,DOCUMENT_SCREEN_PANEL_01_RECRUITER,RECRUITER,2026-10-26T10:07:00+09:00,2026-10-26T10:27:00+09:00
APP0161_DOCUMENT_SCREEN_DOCUMENT_REVIEW,DOCUMENT_SCREEN_PANEL_01_RECRUITER,RECRUITER,2026-10-28T11:00:00+09:00,2026-10-28T11:15:00+09:00
APP0155_DOCUMENT_SCREEN_DOCUMENT_REVIEW,DOCUMENT_SCREEN_PANEL_01_RECRUITER,RECRUITER,2026-10-26T12:40:00+09:00,2026-10-26T13:00:00+09:00
APP0064_DOCUMENT_SCREEN_DOCUMENT_REVIEW,DOCUMENT_SCREEN_PANEL_01_RECRUITER,RECRUITER,2026-10-25T12:45:00+09:00,2026-10-25T13:10:00+09:00
APP0052_DOCUMENT_SCREEN_DOCUMENT_REVIEW,DOCUMENT_SCREEN_PANEL_01_RECRUITER,RECRUITER,2026-10-25T17:31:00+09:00,2026-10-25T17:56:00+09:00
APP0163_DOCUMENT_SCREEN_DOCUMENT_REVIEW,DOCUMENT_SCREEN_PANEL_01_RECRUITER,RECRUITER,2026-10-25T17:56:00+09:00,2026-10-25T18:11:00+09:00
APP0149_DOCUMENT_SCREEN_DOCUMENT_REVIEW,DOCUMENT_SCREEN_PANEL_01_RECRUITER,RECRUITER,2026-10-30T14:54:00+09:00,2026-10-30T15:14:00+09:00
APP0170_DOCUMENT_SCREEN_DOCUMENT_REVIEW,DOCUMENT_SCREEN_PANEL_01_RECRUITER,RECRUITER,2026-10-25T18:11:00+09:00,2026-10-25T18:36:00+09:00
APP0066_DOCUMENT_SCREEN_DOCUMENT_REVIEW,DOCUMENT_SCREEN_PANEL_01_RECRUITER,RECRUITER,2026-10-25T18:36:00+09:00,2026-10-25T18:56:00+09:00
APP0191_DOCUMENT_SCREEN_DOCUMENT_REVIEW,DOCUMENT_SCREEN_PANEL_01_RECRUITER,RECRUITER,2026-10-29T09:15:00+09:00,2026-10-29T09:35:00+09:00
APP0131_DOCUMENT_SCREEN_DOCUMENT_REVIEW,DOCUMENT_SCREEN_PANEL_01_RECRUITER,RECRUITER,2026-10-26T10:27:00+09:00,2026-10-26T10:42:00+09:00
APP0164_DOCUMENT_SCREEN_DOCUMENT_REVIEW,DOCUMENT_SCREEN_PANEL_01_RECRUITER,RECRUITER,2026-10-29T11:57:00+09:00,2026-10-29T12:17:00+09:00
APP0129_DOCUMENT_SCREEN_DOCUMENT_REVIEW,DOCUMENT_SCREEN_PANEL_01_RECRUITER,RECRUITER,2026-10-27T12:48:00+09:00,2026-10-27T13:13:00+09:00
APP0193_DOCUMENT_SCREEN_DOCUMENT_REVIEW,DOCUMENT_SCREEN_PANEL_01_RECRUITER,RECRUITER,2026-10-27T13:29:00+09:00,2026-10-27T13:44:00+09:00
APP0082_DOCUMENT_SCREEN_DOCUMENT_REVIEW,DOCUMENT_SCREEN_PANEL_01_RECRUITER,RECRUITER,2026-10-29T15:21:00+09:00,2026-10-29T15:46:00+09:00
APP0125_DOCUMENT_SCREEN_DOCUMENT_REVIEW,DOCUMENT_SCREEN_PANEL_01_RECRUITER,RECRUITER,2026-10-27T17:00:00+09:00,2026-10-27T17:25:00+09:00
APP0182_DOCUMENT_SCREEN_DOCUMENT_REVIEW,DOCUMENT_SCREEN_PANEL_01_RECRUITER,RECRUITER,2026-10-28T10:16:00+09:00,2026-10-28T10:31:00+09:00
APP0186_DOCUMENT_SCREEN_DOCUMENT_REVIEW,DOCUMENT_SCREEN_PANEL_01_RECRUITER,RECRUITER,2026-10-30T11:00:00+09:00,2026-10-30T11:25:00+09:00
APP0205_DOCUMENT_SCREEN_DOCUMENT_REVIEW,DOCUMENT_SCREEN_PANEL_01_RECRUITER,RECRUITER,2026-10-30T12:24:00+09:00,2026-10-30T12:39:00+09:00
APP0104_DOCUMENT_SCREEN_DOCUMENT_REVIEW,DOCUMENT_SCREEN_PANEL_01_RECRUITER,RECRUITER,2026-10-30T13:41:00+09:00,2026-10-30T14:01:00+09:00
APP0099_DOCUMENT_SCREEN_DOCUMENT_REVIEW,DOCUMENT_SCREEN_PANEL_01_RECRUITER,RECRUITER,2026-10-28T14:14:00+09:00,2026-10-28T14:29:00+09:00
APP0209_DOCUMENT_SCREEN_DOCUMENT_REVIEW,DOCUMENT_SCREEN_PANEL_01_RECRUITER,RECRUITER,2026-10-28T14:42:00+09:00,2026-10-28T15:02:00+09:00
APP0185_DOCUMENT_SCREEN_DOCUMENT_REVIEW,DOCUMENT_SCREEN_PANEL_01_RECRUITER,RECRUITER,2026-10-28T15:02:00+09:00,2026-10-28T15:22:00+09:00
APP0196_DOCUMENT_SCREEN_DOCUMENT_REVIEW,DOCUMENT_SCREEN_PANEL_01_RECRUITER,RECRUITER,2026-10-28T15:22:00+09:00,2026-10-28T15:42:00+09:00
APP0190_DOCUMENT_SCREEN_DOCUMENT_REVIEW,DOCUMENT_SCREEN_PANEL_01_RECRUITER,RECRUITER,2026-11-01T15:59:00+09:00,2026-11-01T16:14:00+09:00
APP0199_DOCUMENT_SCREEN_DOCUMENT_REVIEW,DOCUMENT_SCREEN_PANEL_01_RECRUITER,RECRUITER,2026-10-27T17:25:00+09:00,2026-10-27T17:45:00+09:00
APP0091_DOCUMENT_SCREEN_DOCUMENT_REVIEW,DOCUMENT_SCREEN_PANEL_01_RECRUITER,RECRUITER,2026-10-28T16:02:00+09:00,2026-10-28T16:17:00+09:00
APP0159_DOCUMENT_SCREEN_DOCUMENT_REVIEW,DOCUMENT_SCREEN_PANEL_01_RECRUITER,RECRUITER,2026-10-28T09:43:00+09:00,2026-10-28T09:58:00+09:00
APP0120_DOCUMENT_SCREEN_DOCUMENT_REVIEW,DOCUMENT_SCREEN_PANEL_01_RECRUITER,RECRUITER,2026-11-02T10:07:00+09:00,2026-11-02T10:32:00+09:00
APP0216_DOCUMENT_SCREEN_DOCUMENT_REVIEW,DOCUMENT_SCREEN_PANEL_01_RECRUITER,RECRUITER,2026-10-28T10:31:00+09:00,2026-10-28T10:51:00+09:00
APP0220_DOCUMENT_SCREEN_DOCUMENT_REVIEW,DOCUMENT_SCREEN_PANEL_01_RECRUITER,RECRUITER,2026-10-28T11:15:00+09:00,2026-10-28T11:35:00+09:00
APP0107_DOCUMENT_SCREEN_DOCUMENT_REVIEW,DOCUMENT_SCREEN_PANEL_01_RECRUITER,RECRUITER,2026-10-28T11:35:00+09:00,2026-10-28T11:50:00+09:00
APP0173_DOCUMENT_SCREEN_DOCUMENT_REVIEW,DOCUMENT_SCREEN_PANEL_01_RECRUITER,RECRUITER,2026-10-28T11:50:00+09:00,2026-10-28T12:05:00+09:00
APP0219_DOCUMENT_SCREEN_DOCUMENT_REVIEW,DOCUMENT_SCREEN_PANEL_01_RECRUITER,RECRUITER,2026-10-28T12:05:00+09:00,2026-10-28T12:20:00+09:00
APP0189_DOCUMENT_SCREEN_DOCUMENT_REVIEW,DOCUMENT_SCREEN_PANEL_01_RECRUITER,RECRUITER,2026-10-31T14:23:00+09:00,2026-10-31T14:38:00+09:00
APP0115_DOCUMENT_SCREEN_DOCUMENT_REVIEW,DOCUMENT_SCREEN_PANEL_01_RECRUITER,RECRUITER,2026-11-02T14:24:00+09:00,2026-11-02T14:44:00+09:00
APP0157_DOCUMENT_SCREEN_DOCUMENT_REVIEW,DOCUMENT_SCREEN_PANEL_01_RECRUITER,RECRUITER,2026-10-28T15:42:00+09:00,2026-10-28T15:57:00+09:00
APP0222_DOCUMENT_SCREEN_DOCUMENT_REVIEW,DOCUMENT_SCREEN_PANEL_01_RECRUITER,RECRUITER,2026-10-31T14:55:00+09:00,2026-10-31T15:20:00+09:00
APP0203_DOCUMENT_SCREEN_DOCUMENT_REVIEW,DOCUMENT_SCREEN_PANEL_01_RECRUITER,RECRUITER,2026-10-31T16:39:00+09:00,2026-10-31T16:59:00+09:00
APP0175_DOCUMENT_SCREEN_DOCUMENT_REVIEW,DOCUMENT_SCREEN_PANEL_01_RECRUITER,RECRUITER,2026-10-29T09:35:00+09:00,2026-10-29T09:50:00+09:00
APP0239_DOCUMENT_SCREEN_DOCUMENT_REVIEW,DOCUMENT_SCREEN_PANEL_01_RECRUITER,RECRUITER,2026-11-03T10:16:00+09:00,2026-11-03T10:31:00+09:00
APP0247_DOCUMENT_SCREEN_DOCUMENT_REVIEW,DOCUMENT_SCREEN_PANEL_01_RECRUITER,RECRUITER,2026-11-03T10:35:00+09:00,2026-11-03T11:00:00+09:00
APP0177_DOCUMENT_SCREEN_DOCUMENT_REVIEW,DOCUMENT_SCREEN_PANEL_01_RECRUITER,RECRUITER,2026-11-03T11:00:00+09:00,2026-11-03T11:15:00+09:00
APP0140_DOCUMENT_SCREEN_DOCUMENT_REVIEW,DOCUMENT_SCREEN_PANEL_01_RECRUITER,RECRUITER,2026-11-03T11:15:00+09:00,2026-11-03T11:40:00+09:00
APP0251_DOCUMENT_SCREEN_DOCUMENT_REVIEW,DOCUMENT_SCREEN_PANEL_01_RECRUITER,RECRUITER,2026-10-29T11:08:00+09:00,2026-10-29T11:28:00+09:00
APP0241_DOCUMENT_SCREEN_DOCUMENT_REVIEW,DOCUMENT_SCREEN_PANEL_01_RECRUITER,RECRUITER,2026-10-29T12:17:00+09:00,2026-10-29T12:32:00+09:00
APP0240_DOCUMENT_SCREEN_DOCUMENT_REVIEW,DOCUMENT_SCREEN_PANEL_01_RECRUITER,RECRUITER,2026-11-01T13:08:00+09:00,2026-11-01T13:33:00+09:00
APP0230_DOCUMENT_SCREEN_DOCUMENT_REVIEW,DOCUMENT_SCREEN_PANEL_01_RECRUITER,RECRUITER,2026-10-30T13:20:00+09:00,2026-10-30T13:40:00+09:00
APP0135_DOCUMENT_SCREEN_DOCUMENT_REVIEW,DOCUMENT_SCREEN_PANEL_01_RECRUITER,RECRUITER,2026-11-03T13:21:00+09:00,2026-11-03T13:41:00+09:00
APP0217_DOCUMENT_SCREEN_DOCUMENT_REVIEW,DOCUMENT_SCREEN_PANEL_01_RECRUITER,RECRUITER,2026-10-30T14:22:00+09:00,2026-10-30T14:42:00+09:00
APP0179_DOCUMENT_SCREEN_DOCUMENT_REVIEW,DOCUMENT_SCREEN_PANEL_01_RECRUITER,RECRUITER,2026-11-01T14:37:00+09:00,2026-11-01T14:52:00+09:00
APP0130_DOCUMENT_SCREEN_DOCUMENT_REVIEW,DOCUMENT_SCREEN_PANEL_01_RECRUITER,RECRUITER,2026-10-29T14:41:00+09:00,2026-10-29T15:01:00+09:00
APP0243_DOCUMENT_SCREEN_DOCUMENT_REVIEW,DOCUMENT_SCREEN_PANEL_01_RECRUITER,RECRUITER,2026-10-30T15:14:00+09:00,2026-10-30T15:34:00+09:00
APP0227_DOCUMENT_SCREEN_DOCUMENT_REVIEW,DOCUMENT_SCREEN_PANEL_01_RECRUITER,RECRUITER,2026-10-29T15:46:00+09:00,2026-10-29T16:06:00+09:00
APP0176_DOCUMENT_SCREEN_DOCUMENT_REVIEW,DOCUMENT_SCREEN_PANEL_01_RECRUITER,RECRUITER,2026-10-29T16:06:00+09:00,2026-10-29T16:21:00+09:00
APP0213_DOCUMENT_SCREEN_DOCUMENT_REVIEW,DOCUMENT_SCREEN_PANEL_01_RECRUITER,RECRUITER,2026-11-01T16:20:00+09:00,2026-11-01T16:35:00+09:00
APP0215_DOCUMENT_SCREEN_DOCUMENT_REVIEW,DOCUMENT_SCREEN_PANEL_01_RECRUITER,RECRUITER,2026-11-03T16:23:00+09:00,2026-11-03T16:48:00+09:00
APP0137_DOCUMENT_SCREEN_DOCUMENT_REVIEW,DOCUMENT_SCREEN_PANEL_01_RECRUITER,RECRUITER,2026-10-30T16:55:00+09:00,2026-10-30T17:10:00+09:00
APP0146_DOCUMENT_SCREEN_DOCUMENT_REVIEW,DOCUMENT_SCREEN_PANEL_01_RECRUITER,RECRUITER,2026-10-30T10:01:00+09:00,2026-10-30T10:26:00+09:00
APP0223_DOCUMENT_SCREEN_DOCUMENT_REVIEW,DOCUMENT_SCREEN_PANEL_01_RECRUITER,RECRUITER,2026-10-30T10:26:00+09:00,2026-10-30T10:46:00+09:00
APP0248_DOCUMENT_SCREEN_DOCUMENT_REVIEW,DOCUMENT_SCREEN_PANEL_01_RECRUITER,RECRUITER,2026-11-02T12:12:00+09:00,2026-11-02T12:32:00+09:00
APP0263_DOCUMENT_SCREEN_DOCUMENT_REVIEW,DOCUMENT_SCREEN_PANEL_01_RECRUITER,RECRUITER,2026-10-30T12:46:00+09:00,2026-10-30T13:11:00+09:00
APP0152_DOCUMENT_SCREEN_DOCUMENT_REVIEW,DOCUMENT_SCREEN_PANEL_01_RECRUITER,RECRUITER,2026-10-31T13:18:00+09:00,2026-10-31T13:43:00+09:00
APP0235_DOCUMENT_SCREEN_DOCUMENT_REVIEW,DOCUMENT_SCREEN_PANEL_01_RECRUITER,RECRUITER,2026-11-02T14:44:00+09:00,2026-11-02T14:59:00+09:00
APP0231_DOCUMENT_SCREEN_DOCUMENT_REVIEW,DOCUMENT_SCREEN_PANEL_01_RECRUITER,RECRUITER,2026-10-30T15:34:00+09:00,2026-10-30T15:49:00+09:00
APP0228_DOCUMENT_SCREEN_DOCUMENT_REVIEW,DOCUMENT_SCREEN_PANEL_01_RECRUITER,RECRUITER,2026-10-30T15:49:00+09:00,2026-10-30T16:09:00+09:00
APP0148_DOCUMENT_SCREEN_DOCUMENT_REVIEW,DOCUMENT_SCREEN_PANEL_01_RECRUITER,RECRUITER,2026-11-02T15:49:00+09:00,2026-11-02T16:14:00+09:00
APP0249_DOCUMENT_SCREEN_DOCUMENT_REVIEW,DOCUMENT_SCREEN_PANEL_01_RECRUITER,RECRUITER,2026-11-04T15:59:00+09:00,2026-11-04T16:24:00+09:00
APP0229_DOCUMENT_SCREEN_DOCUMENT_REVIEW,DOCUMENT_SCREEN_PANEL_01_RECRUITER,RECRUITER,2026-10-31T16:14:00+09:00,2026-10-31T16:34:00+09:00
APP0188_DOCUMENT_SCREEN_DOCUMENT_REVIEW,DOCUMENT_SCREEN_PANEL_01_RECRUITER,RECRUITER,2026-10-30T16:31:00+09:00,2026-10-30T16:51:00+09:00
APP0246_DOCUMENT_SCREEN_DOCUMENT_REVIEW,DOCUMENT_SCREEN_PANEL_01_RECRUITER,RECRUITER,2026-11-01T09:26:00+09:00,2026-11-01T09:41:00+09:00
APP0257_DOCUMENT_SCREEN_DOCUMENT_REVIEW,DOCUMENT_SCREEN_PANEL_01_RECRUITER,RECRUITER,2026-10-31T09:31:00+09:00,2026-10-31T09:46:00+09:00
APP0201_DOCUMENT_SCREEN_DOCUMENT_REVIEW,DOCUMENT_SCREEN_PANEL_01_RECRUITER,RECRUITER,2026-11-05T10:35:00+09:00,2026-11-05T10:55:00+09:00
APP0267_DOCUMENT_SCREEN_DOCUMENT_REVIEW,DOCUMENT_SCREEN_PANEL_01_RECRUITER,RECRUITER,2026-11-03T11:40:00+09:00,2026-11-03T12:00:00+09:00
APP0156_DOCUMENT_SCREEN_DOCUMENT_REVIEW,DOCUMENT_SCREEN_PANEL_01_RECRUITER,RECRUITER,2026-11-03T12:00:00+09:00,2026-11-03T12:25:00+09:00
APP0210_DOCUMENT_SCREEN_DOCUMENT_REVIEW,DOCUMENT_SCREEN_PANEL_01_RECRUITER,RECRUITER,2026-11-05T11:10:00+09:00,2026-11-05T11:35:00+09:00
APP0278_DOCUMENT_SCREEN_DOCUMENT_REVIEW,DOCUMENT_SCREEN_PANEL_01_RECRUITER,RECRUITER,2026-11-03T14:10:00+09:00,2026-11-03T14:35:00+09:00
APP0171_DOCUMENT_SCREEN_DOCUMENT_REVIEW,DOCUMENT_SCREEN_PANEL_01_RECRUITER,RECRUITER,2026-11-01T15:01:00+09:00,2026-11-01T15:21:00+09:00
APP0253_DOCUMENT_SCREEN_DOCUMENT_REVIEW,DOCUMENT_SCREEN_PANEL_01_RECRUITER,RECRUITER,2026-10-31T15:46:00+09:00,2026-10-31T16:01:00+09:00
APP0202_DOCUMENT_SCREEN_DOCUMENT_REVIEW,DOCUMENT_SCREEN_PANEL_01_RECRUITER,RECRUITER,2026-11-03T16:48:00+09:00,2026-11-03T17:13:00+09:00
APP0232_DOCUMENT_SCREEN_DOCUMENT_REVIEW,DOCUMENT_SCREEN_PANEL_01_RECRUITER,RECRUITER,2026-11-02T09:25:00+09:00,2026-11-02T09:40:00+09:00
APP0184_DOCUMENT_SCREEN_DOCUMENT_REVIEW,DOCUMENT_SCREEN_PANEL_01_RECRUITER,RECRUITER,2026-11-06T10:02:00+09:00,2026-11-06T10:17:00+09:00
APP0225_DOCUMENT_SCREEN_DOCUMENT_REVIEW,DOCUMENT_SCREEN_PANEL_01_RECRUITER,RECRUITER,2026-11-06T12:27:00+09:00,2026-11-06T12:52:00+09:00
APP0181_DOCUMENT_SCREEN_DOCUMENT_REVIEW,DOCUMENT_SCREEN_PANEL_01_RECRUITER,RECRUITER,2026-11-01T13:35:00+09:00,2026-11-01T13:55:00+09:00
APP0297_DOCUMENT_SCREEN_DOCUMENT_REVIEW,DOCUMENT_SCREEN_PANEL_01_RECRUITER,RECRUITER,2026-11-06T14:11:00+09:00,2026-11-06T14:31:00+09:00
APP0276_DOCUMENT_SCREEN_DOCUMENT_REVIEW,DOCUMENT_SCREEN_PANEL_01_RECRUITER,RECRUITER,2026-11-06T14:36:00+09:00,2026-11-06T14:51:00+09:00
APP0255_DOCUMENT_SCREEN_DOCUMENT_REVIEW,DOCUMENT_SCREEN_PANEL_01_RECRUITER,RECRUITER,2026-11-01T15:21:00+09:00,2026-11-01T15:36:00+09:00
APP0268_DOCUMENT_SCREEN_DOCUMENT_REVIEW,DOCUMENT_SCREEN_PANEL_01_RECRUITER,RECRUITER,2026-11-06T15:32:00+09:00,2026-11-06T15:52:00+09:00
APP0258_DOCUMENT_SCREEN_DOCUMENT_REVIEW,DOCUMENT_SCREEN_PANEL_01_RECRUITER,RECRUITER,2026-11-04T16:24:00+09:00,2026-11-04T16:49:00+09:00
APP0264_DOCUMENT_SCREEN_DOCUMENT_REVIEW,DOCUMENT_SCREEN_PANEL_01_RECRUITER,RECRUITER,2026-11-01T16:35:00+09:00,2026-11-01T17:00:00+09:00
APP0218_DOCUMENT_SCREEN_DOCUMENT_REVIEW,DOCUMENT_SCREEN_PANEL_01_RECRUITER,RECRUITER,2026-11-04T16:49:00+09:00,2026-11-04T17:09:00+09:00
APP0301_DOCUMENT_SCREEN_DOCUMENT_REVIEW,DOCUMENT_SCREEN_PANEL_01_RECRUITER,RECRUITER,2026-11-03T09:21:00+09:00,2026-11-03T09:46:00+09:00
APP0274_DOCUMENT_SCREEN_DOCUMENT_REVIEW,DOCUMENT_SCREEN_PANEL_01_RECRUITER,RECRUITER,2026-11-02T09:40:00+09:00,2026-11-02T10:05:00+09:00
APP0273_DOCUMENT_SCREEN_DOCUMENT_REVIEW,DOCUMENT_SCREEN_PANEL_01_RECRUITER,RECRUITER,2026-11-03T09:56:00+09:00,2026-11-03T10:16:00+09:00
APP0242_DOCUMENT_SCREEN_DOCUMENT_REVIEW,DOCUMENT_SCREEN_PANEL_01_RECRUITER,RECRUITER,2026-11-02T11:11:00+09:00,2026-11-02T11:36:00+09:00
APP0305_DOCUMENT_SCREEN_DOCUMENT_REVIEW,DOCUMENT_SCREEN_PANEL_01_RECRUITER,RECRUITER,2026-11-02T11:53:00+09:00,2026-11-02T12:08:00+09:00
APP0265_DOCUMENT_SCREEN_DOCUMENT_REVIEW,DOCUMENT_SCREEN_PANEL_01_RECRUITER,RECRUITER,2026-11-05T12:03:00+09:00,2026-11-05T12:23:00+09:00
APP0194_DOCUMENT_SCREEN_DOCUMENT_REVIEW,DOCUMENT_SCREEN_PANEL_01_RECRUITER,RECRUITER,2026-11-05T12:23:00+09:00,2026-11-05T12:48:00+09:00
APP0294_DOCUMENT_SCREEN_DOCUMENT_REVIEW,DOCUMENT_SCREEN_PANEL_01_RECRUITER,RECRUITER,2026-11-03T12:40:00+09:00,2026-11-03T13:00:00+09:00
APP0292_DOCUMENT_SCREEN_DOCUMENT_REVIEW,DOCUMENT_SCREEN_PANEL_01_RECRUITER,RECRUITER,2026-11-02T13:00:00+09:00,2026-11-02T13:25:00+09:00
APP0192_DOCUMENT_SCREEN_DOCUMENT_REVIEW,DOCUMENT_SCREEN_PANEL_01_RECRUITER,RECRUITER,2026-11-05T13:04:00+09:00,2026-11-05T13:29:00+09:00
APP0269_DOCUMENT_SCREEN_DOCUMENT_REVIEW,DOCUMENT_SCREEN_PANEL_01_RECRUITER,RECRUITER,2026-11-07T13:25:00+09:00,2026-11-07T13:45:00+09:00
APP0288_DOCUMENT_SCREEN_DOCUMENT_REVIEW,DOCUMENT_SCREEN_PANEL_01_RECRUITER,RECRUITER,2026-11-07T14:19:00+09:00,2026-11-07T14:39:00+09:00
APP0275_DOCUMENT_SCREEN_DOCUMENT_REVIEW,DOCUMENT_SCREEN_PANEL_01_RECRUITER,RECRUITER,2026-11-03T14:35:00+09:00,2026-11-03T15:00:00+09:00
APP0238_DOCUMENT_SCREEN_DOCUMENT_REVIEW,DOCUMENT_SCREEN_PANEL_01_RECRUITER,RECRUITER,2026-11-05T14:30:00+09:00,2026-11-05T14:45:00+09:00
APP0299_DOCUMENT_SCREEN_DOCUMENT_REVIEW,DOCUMENT_SCREEN_PANEL_01_RECRUITER,RECRUITER,2026-11-07T16:03:00+09:00,2026-11-07T16:23:00+09:00
APP0286_DOCUMENT_SCREEN_DOCUMENT_REVIEW,DOCUMENT_SCREEN_PANEL_01_RECRUITER,RECRUITER,2026-11-07T16:34:00+09:00,2026-11-07T16:59:00+09:00
APP0200_DOCUMENT_SCREEN_DOCUMENT_REVIEW,DOCUMENT_SCREEN_PANEL_01_RECRUITER,RECRUITER,2026-11-06T09:19:00+09:00,2026-11-06T09:39:00+09:00
APP0320_DOCUMENT_SCREEN_DOCUMENT_REVIEW,DOCUMENT_SCREEN_PANEL_01_RECRUITER,RECRUITER,2026-11-06T10:17:00+09:00,2026-11-06T10:42:00+09:00
APP0285_DOCUMENT_SCREEN_DOCUMENT_REVIEW,DOCUMENT_SCREEN_PANEL_01_RECRUITER,RECRUITER,2026-11-04T09:53:00+09:00,2026-11-04T10:13:00+09:00
APP0325_DOCUMENT_SCREEN_DOCUMENT_REVIEW,DOCUMENT_SCREEN_PANEL_01_RECRUITER,RECRUITER,2026-11-08T10:03:00+09:00,2026-11-08T10:18:00+09:00
APP0295_DOCUMENT_SCREEN_DOCUMENT_REVIEW,DOCUMENT_SCREEN_PANEL_01_RECRUITER,RECRUITER,2026-11-06T11:39:00+09:00,2026-11-06T11:54:00+09:00
APP0314_DOCUMENT_SCREEN_DOCUMENT_REVIEW,DOCUMENT_SCREEN_PANEL_01_RECRUITER,RECRUITER,2026-11-08T12:10:00+09:00,2026-11-08T12:25:00+09:00
APP0296_DOCUMENT_SCREEN_DOCUMENT_REVIEW,DOCUMENT_SCREEN_PANEL_01_RECRUITER,RECRUITER,2026-11-04T13:47:00+09:00,2026-11-04T14:02:00+09:00
APP0324_DOCUMENT_SCREEN_DOCUMENT_REVIEW,DOCUMENT_SCREEN_PANEL_01_RECRUITER,RECRUITER,2026-11-06T15:13:00+09:00,2026-11-06T15:28:00+09:00
APP0206_DOCUMENT_SCREEN_DOCUMENT_REVIEW,DOCUMENT_SCREEN_PANEL_01_RECRUITER,RECRUITER,2026-11-04T15:27:00+09:00,2026-11-04T15:47:00+09:00
APP0337_DOCUMENT_SCREEN_DOCUMENT_REVIEW,DOCUMENT_SCREEN_PANEL_01_RECRUITER,RECRUITER,2026-11-05T11:35:00+09:00,2026-11-05T12:00:00+09:00
APP0302_DOCUMENT_SCREEN_DOCUMENT_REVIEW,DOCUMENT_SCREEN_PANEL_01_RECRUITER,RECRUITER,2026-11-05T13:29:00+09:00,2026-11-05T13:49:00+09:00
APP0307_DOCUMENT_SCREEN_DOCUMENT_REVIEW,DOCUMENT_SCREEN_PANEL_01_RECRUITER,RECRUITER,2026-11-09T11:48:00+09:00,2026-11-09T12:03:00+09:00
APP0270_DOCUMENT_SCREEN_DOCUMENT_REVIEW,DOCUMENT_SCREEN_PANEL_01_RECRUITER,RECRUITER,2026-11-09T12:13:00+09:00,2026-11-09T12:38:00+09:00
APP0332_DOCUMENT_SCREEN_DOCUMENT_REVIEW,DOCUMENT_SCREEN_PANEL_01_RECRUITER,RECRUITER,2026-11-05T15:33:00+09:00,2026-11-05T15:53:00+09:00
APP0272_DOCUMENT_SCREEN_DOCUMENT_REVIEW,DOCUMENT_SCREEN_PANEL_01_RECRUITER,RECRUITER,2026-11-05T16:09:00+09:00,2026-11-05T16:29:00+09:00
APP0342_DOCUMENT_SCREEN_DOCUMENT_REVIEW,DOCUMENT_SCREEN_PANEL_01_RECRUITER,RECRUITER,2026-11-07T16:59:00+09:00,2026-11-07T17:24:00+09:00
APP0338_DOCUMENT_SCREEN_DOCUMENT_REVIEW,DOCUMENT_SCREEN_PANEL_01_RECRUITER,RECRUITER,2026-11-05T16:53:00+09:00,2026-11-05T17:08:00+09:00
APP0237_DOCUMENT_SCREEN_DOCUMENT_REVIEW,DOCUMENT_SCREEN_PANEL_01_RECRUITER,RECRUITER,2026-11-05T13:49:00+09:00,2026-11-05T14:14:00+09:00
APP0335_DOCUMENT_SCREEN_DOCUMENT_REVIEW,DOCUMENT_SCREEN_PANEL_01_RECRUITER,RECRUITER,2026-11-05T14:45:00+09:00,2026-11-05T15:10:00+09:00
APP0330_DOCUMENT_SCREEN_DOCUMENT_REVIEW,DOCUMENT_SCREEN_PANEL_01_RECRUITER,RECRUITER,2026-11-05T16:29:00+09:00,2026-11-05T16:49:00+09:00
APP0254_DOCUMENT_SCREEN_DOCUMENT_REVIEW,DOCUMENT_SCREEN_PANEL_01_RECRUITER,RECRUITER,2026-11-06T12:52:00+09:00,2026-11-06T13:17:00+09:00
APP0300_DOCUMENT_SCREEN_DOCUMENT_REVIEW,DOCUMENT_SCREEN_PANEL_01_RECRUITER,RECRUITER,2026-11-11T14:21:00+09:00,2026-11-11T14:41:00+09:00
APP0256_DOCUMENT_SCREEN_DOCUMENT_REVIEW,DOCUMENT_SCREEN_PANEL_01_RECRUITER,RECRUITER,2026-11-07T15:06:00+09:00,2026-11-07T15:31:00+09:00
APP0262_DOCUMENT_SCREEN_DOCUMENT_REVIEW,DOCUMENT_SCREEN_PANEL_01_RECRUITER,RECRUITER,2026-11-11T16:33:00+09:00,2026-11-11T16:53:00+09:00
APP0310_DOCUMENT_SCREEN_DOCUMENT_REVIEW,DOCUMENT_SCREEN_PANEL_01_RECRUITER,RECRUITER,2026-11-09T16:37:00+09:00,2026-11-09T16:52:00+09:00
APP0279_DOCUMENT_SCREEN_DOCUMENT_REVIEW,DOCUMENT_SCREEN_PANEL_01_RECRUITER,RECRUITER,2026-11-07T10:49:00+09:00,2026-11-07T11:04:00+09:00
APP0327_DOCUMENT_SCREEN_DOCUMENT_REVIEW,DOCUMENT_SCREEN_PANEL_01_RECRUITER,RECRUITER,2026-11-07T11:04:00+09:00,2026-11-07T11:19:00+09:00
APP0319_DOCUMENT_SCREEN_DOCUMENT_REVIEW,DOCUMENT_SCREEN_PANEL_01_RECRUITER,RECRUITER,2026-11-12T12:29:00+09:00,2026-11-12T12:49:00+09:00
APP0318_DOCUMENT_SCREEN_DOCUMENT_REVIEW,DOCUMENT_SCREEN_PANEL_01_RECRUITER,RECRUITER,2026-11-08T13:56:00+09:00,2026-11-08T14:11:00+09:00
APP0322_DOCUMENT_SCREEN_DOCUMENT_REVIEW,DOCUMENT_SCREEN_PANEL_01_RECRUITER,RECRUITER,2026-11-10T14:37:00+09:00,2026-11-10T14:57:00+09:00
APP0289_DOCUMENT_SCREEN_DOCUMENT_REVIEW,DOCUMENT_SCREEN_PANEL_01_RECRUITER,RECRUITER,2026-11-08T14:11:00+09:00,2026-11-08T14:31:00+09:00
APP0331_DOCUMENT_SCREEN_DOCUMENT_REVIEW,DOCUMENT_SCREEN_PANEL_01_RECRUITER,RECRUITER,2026-11-09T15:45:00+09:00,2026-11-09T16:00:00+09:00
APP0309_DOCUMENT_SCREEN_DOCUMENT_REVIEW,DOCUMENT_SCREEN_PANEL_01_RECRUITER,RECRUITER,2026-11-12T12:49:00+09:00,2026-11-12T13:04:00+09:00
APP0326_DOCUMENT_SCREEN_DOCUMENT_REVIEW,DOCUMENT_SCREEN_PANEL_01_RECRUITER,RECRUITER,2026-11-11T11:11:00+09:00,2026-11-11T11:26:00+09:00
APP0313_DOCUMENT_SCREEN_DOCUMENT_REVIEW,DOCUMENT_SCREEN_PANEL_01_RECRUITER,RECRUITER,2026-11-15T13:46:00+09:00,2026-11-15T14:06:00+09:00
APP0334_DOCUMENT_SCREEN_DOCUMENT_REVIEW,DOCUMENT_SCREEN_PANEL_01_RECRUITER,RECRUITER,2026-11-16T11:54:00+09:00,2026-11-16T12:09:00+09:00
APP0336_DOCUMENT_SCREEN_DOCUMENT_REVIEW,DOCUMENT_SCREEN_PANEL_01_RECRUITER,RECRUITER,2026-11-12T14:36:00+09:00,2026-11-12T15:01:00+09:00
APP0005_FIRST_INTERVIEW_FIRST_INTERVIEW_SESSION,FIRST_PANEL_02_ML_ENGINEER,ML_ENGINEER,2026-12-10T09:00:00+09:00,2026-12-10T10:00:00+09:00
APP0005_FIRST_INTERVIEW_FIRST_INTERVIEW_SESSION,FIRST_PANEL_02_HIRING_MANAGER,HIRING_MANAGER,2026-12-10T09:00:00+09:00,2026-12-10T10:00:00+09:00
APP0005_FIRST_INTERVIEW_FIRST_INTERVIEW_SESSION,FIRST_PANEL_02_TECHNICAL_REVIEWER,TECHNICAL_REVIEWER,2026-12-10T09:00:00+09:00,2026-12-10T10:00:00+09:00
APP0005_FIRST_INTERVIEW_CALIBRATION,FIRST_PANEL_02_ML_ENGINEER,ML_ENGINEER,2026-12-10T10:00:00+09:00,2026-12-10T10:15:00+09:00
APP0005_FIRST_INTERVIEW_CALIBRATION,FIRST_PANEL_02_HIRING_MANAGER,HIRING_MANAGER,2026-12-10T10:00:00+09:00,2026-12-10T10:15:00+09:00
APP0025_FIRST_INTERVIEW_FIRST_INTERVIEW_SESSION,FIRST_PANEL_03_ML_ENGINEER,ML_ENGINEER,2026-12-10T09:00:00+09:00,2026-12-10T10:00:00+09:00
APP0025_FIRST_INTERVIEW_FIRST_INTERVIEW_SESSION,FIRST_PANEL_03_HIRING_MANAGER,HIRING_MANAGER,2026-12-10T09:00:00+09:00,2026-12-10T10:00:00+09:00
APP0025_FIRST_INTERVIEW_FIRST_INTERVIEW_SESSION,FIRST_PANEL_03_TECHNICAL_REVIEWER,TECHNICAL_REVIEWER,2026-12-10T09:00:00+09:00,2026-12-10T10:00:00+09:00
APP0025_FIRST_INTERVIEW_CALIBRATION,FIRST_PANEL_03_ML_ENGINEER,ML_ENGINEER,2026-12-10T10:00:00+09:00,2026-12-10T10:15:00+09:00
APP0025_FIRST_INTERVIEW_CALIBRATION,FIRST_PANEL_03_HIRING_MANAGER,HIRING_MANAGER,2026-12-10T10:00:00+09:00,2026-12-10T10:15:00+09:00
APP0031_FIRST_INTERVIEW_FIRST_INTERVIEW_SESSION,FIRST_PANEL_04_ML_ENGINEER,ML_ENGINEER,2026-12-10T09:00:00+09:00,2026-12-10T10:00:00+09:00
APP0031_FIRST_INTERVIEW_FIRST_INTERVIEW_SESSION,FIRST_PANEL_04_HIRING_MANAGER,HIRING_MANAGER,2026-12-10T09:00:00+09:00,2026-12-10T10:00:00+09:00
APP0031_FIRST_INTERVIEW_FIRST_INTERVIEW_SESSION,FIRST_PANEL_04_TECHNICAL_REVIEWER,TECHNICAL_REVIEWER,2026-12-10T09:00:00+09:00,2026-12-10T10:00:00+09:00
APP0031_FIRST_INTERVIEW_CALIBRATION,FIRST_PANEL_04_ML_ENGINEER,ML_ENGINEER,2026-12-10T10:00:00+09:00,2026-12-10T10:15:00+09:00
APP0031_FIRST_INTERVIEW_CALIBRATION,FIRST_PANEL_04_HIRING_MANAGER,HIRING_MANAGER,2026-12-10T10:00:00+09:00,2026-12-10T10:15:00+09:00
APP0037_FIRST_INTERVIEW_FIRST_INTERVIEW_SESSION,FIRST_PANEL_05_ML_ENGINEER,ML_ENGINEER,2026-12-10T09:00:00+09:00,2026-12-10T10:00:00+09:00
APP0037_FIRST_INTERVIEW_FIRST_INTERVIEW_SESSION,FIRST_PANEL_05_HIRING_MANAGER,HIRING_MANAGER,2026-12-10T09:00:00+09:00,2026-12-10T10:00:00+09:00
APP0037_FIRST_INTERVIEW_FIRST_INTERVIEW_SESSION,FIRST_PANEL_05_TECHNICAL_REVIEWER,TECHNICAL_REVIEWER,2026-12-10T09:00:00+09:00,2026-12-10T10:00:00+09:00
APP0039_FIRST_INTERVIEW_FIRST_INTERVIEW_SESSION,FIRST_PANEL_06_ML_ENGINEER,ML_ENGINEER,2026-12-10T09:00:00+09:00,2026-12-10T10:00:00+09:00
APP0039_FIRST_INTERVIEW_FIRST_INTERVIEW_SESSION,FIRST_PANEL_06_HIRING_MANAGER,HIRING_MANAGER,2026-12-10T09:00:00+09:00,2026-12-10T10:00:00+09:00
APP0039_FIRST_INTERVIEW_FIRST_INTERVIEW_SESSION,FIRST_PANEL_06_TECHNICAL_REVIEWER,TECHNICAL_REVIEWER,2026-12-10T09:00:00+09:00,2026-12-10T10:00:00+09:00
APP0046_FIRST_INTERVIEW_FIRST_INTERVIEW_SESSION,FIRST_PANEL_07_ML_ENGINEER,ML_ENGINEER,2026-12-10T09:00:00+09:00,2026-12-10T10:00:00+09:00
APP0046_FIRST_INTERVIEW_FIRST_INTERVIEW_SESSION,FIRST_PANEL_07_HIRING_MANAGER,HIRING_MANAGER,2026-12-10T09:00:00+09:00,2026-12-10T10:00:00+09:00
APP0046_FIRST_INTERVIEW_FIRST_INTERVIEW_SESSION,FIRST_PANEL_07_TECHNICAL_REVIEWER,TECHNICAL_REVIEWER,2026-12-10T09:00:00+09:00,2026-12-10T10:00:00+09:00
APP0046_FIRST_INTERVIEW_CALIBRATION,FIRST_PANEL_07_ML_ENGINEER,ML_ENGINEER,2026-12-10T10:00:00+09:00,2026-12-10T10:15:00+09:00
APP0046_FIRST_INTERVIEW_CALIBRATION,FIRST_PANEL_07_HIRING_MANAGER,HIRING_MANAGER,2026-12-10T10:00:00+09:00,2026-12-10T10:15:00+09:00
APP0056_FIRST_INTERVIEW_FIRST_INTERVIEW_SESSION,FIRST_PANEL_09_ML_ENGINEER,ML_ENGINEER,2026-12-10T09:00:00+09:00,2026-12-10T10:00:00+09:00
APP0056_FIRST_INTERVIEW_FIRST_INTERVIEW_SESSION,FIRST_PANEL_09_HIRING_MANAGER,HIRING_MANAGER,2026-12-10T09:00:00+09:00,2026-12-10T10:00:00+09:00
APP0056_FIRST_INTERVIEW_FIRST_INTERVIEW_SESSION,FIRST_PANEL_09_TECHNICAL_REVIEWER,TECHNICAL_REVIEWER,2026-12-10T09:00:00+09:00,2026-12-10T10:00:00+09:00
APP0056_FIRST_INTERVIEW_CALIBRATION,FIRST_PANEL_09_ML_ENGINEER,ML_ENGINEER,2026-12-10T10:00:00+09:00,2026-12-10T10:15:00+09:00
APP0056_FIRST_INTERVIEW_CALIBRATION,FIRST_PANEL_09_HIRING_MANAGER,HIRING_MANAGER,2026-12-10T10:00:00+09:00,2026-12-10T10:15:00+09:00
APP0058_FIRST_INTERVIEW_FIRST_INTERVIEW_SESSION,FIRST_PANEL_10_ML_ENGINEER,ML_ENGINEER,2026-12-10T09:00:00+09:00,2026-12-10T10:00:00+09:00
APP0058_FIRST_INTERVIEW_FIRST_INTERVIEW_SESSION,FIRST_PANEL_10_HIRING_MANAGER,HIRING_MANAGER,2026-12-10T09:00:00+09:00,2026-12-10T10:00:00+09:00
APP0058_FIRST_INTERVIEW_FIRST_INTERVIEW_SESSION,FIRST_PANEL_10_TECHNICAL_REVIEWER,TECHNICAL_REVIEWER,2026-12-10T09:00:00+09:00,2026-12-10T10:00:00+09:00
APP0058_FIRST_INTERVIEW_CALIBRATION,FIRST_PANEL_10_ML_ENGINEER,ML_ENGINEER,2026-12-10T10:00:00+09:00,2026-12-10T10:15:00+09:00
APP0058_FIRST_INTERVIEW_CALIBRATION,FIRST_PANEL_10_HIRING_MANAGER,HIRING_MANAGER,2026-12-10T10:00:00+09:00,2026-12-10T10:15:00+09:00
APP0061_FIRST_INTERVIEW_FIRST_INTERVIEW_SESSION,FIRST_PANEL_01_ML_ENGINEER,ML_ENGINEER,2026-12-14T09:00:00+09:00,2026-12-14T10:00:00+09:00
APP0061_FIRST_INTERVIEW_FIRST_INTERVIEW_SESSION,FIRST_PANEL_01_HIRING_MANAGER,HIRING_MANAGER,2026-12-14T09:00:00+09:00,2026-12-14T10:00:00+09:00
APP0061_FIRST_INTERVIEW_FIRST_INTERVIEW_SESSION,FIRST_PANEL_01_TECHNICAL_REVIEWER,TECHNICAL_REVIEWER,2026-12-14T09:00:00+09:00,2026-12-14T10:00:00+09:00
APP0061_FIRST_INTERVIEW_CALIBRATION,FIRST_PANEL_01_ML_ENGINEER,ML_ENGINEER,2026-12-14T10:00:00+09:00,2026-12-14T10:15:00+09:00
APP0061_FIRST_INTERVIEW_CALIBRATION,FIRST_PANEL_01_HIRING_MANAGER,HIRING_MANAGER,2026-12-14T10:00:00+09:00,2026-12-14T10:15:00+09:00
APP0064_FIRST_INTERVIEW_FIRST_INTERVIEW_SESSION,FIRST_PANEL_02_ML_ENGINEER,ML_ENGINEER,2026-12-14T09:00:00+09:00,2026-12-14T10:00:00+09:00
APP0064_FIRST_INTERVIEW_FIRST_INTERVIEW_SESSION,FIRST_PANEL_02_HIRING_MANAGER,HIRING_MANAGER,2026-12-14T09:00:00+09:00,2026-12-14T10:00:00+09:00
APP0064_FIRST_INTERVIEW_FIRST_INTERVIEW_SESSION,FIRST_PANEL_02_TECHNICAL_REVIEWER,TECHNICAL_REVIEWER,2026-12-14T09:00:00+09:00,2026-12-14T10:00:00+09:00
APP0064_FIRST_INTERVIEW_CALIBRATION,FIRST_PANEL_02_ML_ENGINEER,ML_ENGINEER,2026-12-14T10:00:00+09:00,2026-12-14T10:15:00+09:00
APP0064_FIRST_INTERVIEW_CALIBRATION,FIRST_PANEL_02_HIRING_MANAGER,HIRING_MANAGER,2026-12-14T10:00:00+09:00,2026-12-14T10:15:00+09:00
APP0068_FIRST_INTERVIEW_FIRST_INTERVIEW_SESSION,FIRST_PANEL_03_ML_ENGINEER,ML_ENGINEER,2026-12-14T09:00:00+09:00,2026-12-14T10:00:00+09:00
APP0068_FIRST_INTERVIEW_FIRST_INTERVIEW_SESSION,FIRST_PANEL_03_HIRING_MANAGER,HIRING_MANAGER,2026-12-14T09:00:00+09:00,2026-12-14T10:00:00+09:00
APP0068_FIRST_INTERVIEW_FIRST_INTERVIEW_SESSION,FIRST_PANEL_03_TECHNICAL_REVIEWER,TECHNICAL_REVIEWER,2026-12-14T09:00:00+09:00,2026-12-14T10:00:00+09:00
APP0068_FIRST_INTERVIEW_CALIBRATION,FIRST_PANEL_03_ML_ENGINEER,ML_ENGINEER,2026-12-14T10:00:00+09:00,2026-12-14T10:15:00+09:00
APP0068_FIRST_INTERVIEW_CALIBRATION,FIRST_PANEL_03_HIRING_MANAGER,HIRING_MANAGER,2026-12-14T10:00:00+09:00,2026-12-14T10:15:00+09:00
APP0070_FIRST_INTERVIEW_FIRST_INTERVIEW_SESSION,FIRST_PANEL_04_ML_ENGINEER,ML_ENGINEER,2026-12-14T09:00:00+09:00,2026-12-14T10:00:00+09:00
APP0070_FIRST_INTERVIEW_FIRST_INTERVIEW_SESSION,FIRST_PANEL_04_HIRING_MANAGER,HIRING_MANAGER,2026-12-14T09:00:00+09:00,2026-12-14T10:00:00+09:00
APP0070_FIRST_INTERVIEW_FIRST_INTERVIEW_SESSION,FIRST_PANEL_04_TECHNICAL_REVIEWER,TECHNICAL_REVIEWER,2026-12-14T09:00:00+09:00,2026-12-14T10:00:00+09:00
APP0070_FIRST_INTERVIEW_CALIBRATION,FIRST_PANEL_04_ML_ENGINEER,ML_ENGINEER,2026-12-14T10:00:00+09:00,2026-12-14T10:15:00+09:00
APP0070_FIRST_INTERVIEW_CALIBRATION,FIRST_PANEL_04_HIRING_MANAGER,HIRING_MANAGER,2026-12-14T10:00:00+09:00,2026-12-14T10:15:00+09:00
APP0076_FIRST_INTERVIEW_FIRST_INTERVIEW_SESSION,FIRST_PANEL_05_ML_ENGINEER,ML_ENGINEER,2026-12-14T09:00:00+09:00,2026-12-14T10:00:00+09:00
APP0076_FIRST_INTERVIEW_FIRST_INTERVIEW_SESSION,FIRST_PANEL_05_HIRING_MANAGER,HIRING_MANAGER,2026-12-14T09:00:00+09:00,2026-12-14T10:00:00+09:00
APP0076_FIRST_INTERVIEW_FIRST_INTERVIEW_SESSION,FIRST_PANEL_05_TECHNICAL_REVIEWER,TECHNICAL_REVIEWER,2026-12-14T09:00:00+09:00,2026-12-14T10:00:00+09:00
APP0076_FIRST_INTERVIEW_CALIBRATION,FIRST_PANEL_05_ML_ENGINEER,ML_ENGINEER,2026-12-14T10:00:00+09:00,2026-12-14T10:15:00+09:00
APP0076_FIRST_INTERVIEW_CALIBRATION,FIRST_PANEL_05_HIRING_MANAGER,HIRING_MANAGER,2026-12-14T10:00:00+09:00,2026-12-14T10:15:00+09:00
APP0082_FIRST_INTERVIEW_FIRST_INTERVIEW_SESSION,FIRST_PANEL_06_ML_ENGINEER,ML_ENGINEER,2026-12-14T09:00:00+09:00,2026-12-14T10:00:00+09:00
APP0082_FIRST_INTERVIEW_FIRST_INTERVIEW_SESSION,FIRST_PANEL_06_HIRING_MANAGER,HIRING_MANAGER,2026-12-14T09:00:00+09:00,2026-12-14T10:00:00+09:00
APP0082_FIRST_INTERVIEW_FIRST_INTERVIEW_SESSION,FIRST_PANEL_06_TECHNICAL_REVIEWER,TECHNICAL_REVIEWER,2026-12-14T09:00:00+09:00,2026-12-14T10:00:00+09:00
APP0095_FIRST_INTERVIEW_FIRST_INTERVIEW_SESSION,FIRST_PANEL_08_ML_ENGINEER,ML_ENGINEER,2026-12-14T09:00:00+09:00,2026-12-14T10:00:00+09:00
APP0095_FIRST_INTERVIEW_FIRST_INTERVIEW_SESSION,FIRST_PANEL_08_HIRING_MANAGER,HIRING_MANAGER,2026-12-14T09:00:00+09:00,2026-12-14T10:00:00+09:00
APP0095_FIRST_INTERVIEW_FIRST_INTERVIEW_SESSION,FIRST_PANEL_08_TECHNICAL_REVIEWER,TECHNICAL_REVIEWER,2026-12-14T09:00:00+09:00,2026-12-14T10:00:00+09:00
APP0095_FIRST_INTERVIEW_CALIBRATION,FIRST_PANEL_08_ML_ENGINEER,ML_ENGINEER,2026-12-14T10:00:00+09:00,2026-12-14T10:15:00+09:00
APP0095_FIRST_INTERVIEW_CALIBRATION,FIRST_PANEL_08_HIRING_MANAGER,HIRING_MANAGER,2026-12-14T10:00:00+09:00,2026-12-14T10:15:00+09:00
APP0101_FIRST_INTERVIEW_FIRST_INTERVIEW_SESSION,FIRST_PANEL_09_ML_ENGINEER,ML_ENGINEER,2026-12-14T09:00:00+09:00,2026-12-14T10:00:00+09:00
APP0101_FIRST_INTERVIEW_FIRST_INTERVIEW_SESSION,FIRST_PANEL_09_HIRING_MANAGER,HIRING_MANAGER,2026-12-14T09:00:00+09:00,2026-12-14T10:00:00+09:00
APP0101_FIRST_INTERVIEW_FIRST_INTERVIEW_SESSION,FIRST_PANEL_09_TECHNICAL_REVIEWER,TECHNICAL_REVIEWER,2026-12-14T09:00:00+09:00,2026-12-14T10:00:00+09:00
APP0105_FIRST_INTERVIEW_FIRST_INTERVIEW_SESSION,FIRST_PANEL_10_ML_ENGINEER,ML_ENGINEER,2026-12-14T09:00:00+09:00,2026-12-14T10:00:00+09:00
APP0105_FIRST_INTERVIEW_FIRST_INTERVIEW_SESSION,FIRST_PANEL_10_HIRING_MANAGER,HIRING_MANAGER,2026-12-14T09:00:00+09:00,2026-12-14T10:00:00+09:00
APP0105_FIRST_INTERVIEW_FIRST_INTERVIEW_SESSION,FIRST_PANEL_10_TECHNICAL_REVIEWER,TECHNICAL_REVIEWER,2026-12-14T09:00:00+09:00,2026-12-14T10:00:00+09:00
APP0105_FIRST_INTERVIEW_CALIBRATION,FIRST_PANEL_10_ML_ENGINEER,ML_ENGINEER,2026-12-14T10:00:00+09:00,2026-12-14T10:15:00+09:00
APP0105_FIRST_INTERVIEW_CALIBRATION,FIRST_PANEL_10_HIRING_MANAGER,HIRING_MANAGER,2026-12-14T10:00:00+09:00,2026-12-14T10:15:00+09:00
APP0107_FIRST_INTERVIEW_FIRST_INTERVIEW_SESSION,FIRST_PANEL_01_ML_ENGINEER,ML_ENGINEER,2026-12-17T09:00:00+09:00,2026-12-17T10:00:00+09:00
APP0107_FIRST_INTERVIEW_FIRST_INTERVIEW_SESSION,FIRST_PANEL_01_HIRING_MANAGER,HIRING_MANAGER,2026-12-17T09:00:00+09:00,2026-12-17T10:00:00+09:00
APP0107_FIRST_INTERVIEW_FIRST_INTERVIEW_SESSION,FIRST_PANEL_01_TECHNICAL_REVIEWER,TECHNICAL_REVIEWER,2026-12-17T09:00:00+09:00,2026-12-17T10:00:00+09:00
APP0107_FIRST_INTERVIEW_CALIBRATION,FIRST_PANEL_01_ML_ENGINEER,ML_ENGINEER,2026-12-17T10:00:00+09:00,2026-12-17T10:15:00+09:00
APP0107_FIRST_INTERVIEW_CALIBRATION,FIRST_PANEL_01_HIRING_MANAGER,HIRING_MANAGER,2026-12-17T10:00:00+09:00,2026-12-17T10:15:00+09:00
APP0110_FIRST_INTERVIEW_FIRST_INTERVIEW_SESSION,FIRST_PANEL_02_ML_ENGINEER,ML_ENGINEER,2026-12-17T09:00:00+09:00,2026-12-17T10:00:00+09:00
APP0110_FIRST_INTERVIEW_FIRST_INTERVIEW_SESSION,FIRST_PANEL_02_HIRING_MANAGER,HIRING_MANAGER,2026-12-17T09:00:00+09:00,2026-12-17T10:00:00+09:00
APP0110_FIRST_INTERVIEW_FIRST_INTERVIEW_SESSION,FIRST_PANEL_02_TECHNICAL_REVIEWER,TECHNICAL_REVIEWER,2026-12-17T09:00:00+09:00,2026-12-17T10:00:00+09:00
APP0128_FIRST_INTERVIEW_FIRST_INTERVIEW_SESSION,FIRST_PANEL_04_ML_ENGINEER,ML_ENGINEER,2026-12-17T09:00:00+09:00,2026-12-17T10:00:00+09:00
APP0128_FIRST_INTERVIEW_FIRST_INTERVIEW_SESSION,FIRST_PANEL_04_HIRING_MANAGER,HIRING_MANAGER,2026-12-17T09:00:00+09:00,2026-12-17T10:00:00+09:00
APP0128_FIRST_INTERVIEW_FIRST_INTERVIEW_SESSION,FIRST_PANEL_04_TECHNICAL_REVIEWER,TECHNICAL_REVIEWER,2026-12-17T09:00:00+09:00,2026-12-17T10:00:00+09:00
APP0128_FIRST_INTERVIEW_CALIBRATION,FIRST_PANEL_04_ML_ENGINEER,ML_ENGINEER,2026-12-17T10:00:00+09:00,2026-12-17T10:15:00+09:00
APP0128_FIRST_INTERVIEW_CALIBRATION,FIRST_PANEL_04_HIRING_MANAGER,HIRING_MANAGER,2026-12-17T10:00:00+09:00,2026-12-17T10:15:00+09:00
APP0130_FIRST_INTERVIEW_FIRST_INTERVIEW_SESSION,FIRST_PANEL_05_ML_ENGINEER,ML_ENGINEER,2026-12-17T09:00:00+09:00,2026-12-17T10:00:00+09:00
APP0130_FIRST_INTERVIEW_FIRST_INTERVIEW_SESSION,FIRST_PANEL_05_HIRING_MANAGER,HIRING_MANAGER,2026-12-17T09:00:00+09:00,2026-12-17T10:00:00+09:00
APP0130_FIRST_INTERVIEW_FIRST_INTERVIEW_SESSION,FIRST_PANEL_05_TECHNICAL_REVIEWER,TECHNICAL_REVIEWER,2026-12-17T09:00:00+09:00,2026-12-17T10:00:00+09:00
APP0141_FIRST_INTERVIEW_FIRST_INTERVIEW_SESSION,FIRST_PANEL_06_ML_ENGINEER,ML_ENGINEER,2026-12-17T09:00:00+09:00,2026-12-17T10:00:00+09:00
APP0141_FIRST_INTERVIEW_FIRST_INTERVIEW_SESSION,FIRST_PANEL_06_HIRING_MANAGER,HIRING_MANAGER,2026-12-17T09:00:00+09:00,2026-12-17T10:00:00+09:00
APP0141_FIRST_INTERVIEW_FIRST_INTERVIEW_SESSION,FIRST_PANEL_06_TECHNICAL_REVIEWER,TECHNICAL_REVIEWER,2026-12-17T09:00:00+09:00,2026-12-17T10:00:00+09:00
APP0143_FIRST_INTERVIEW_FIRST_INTERVIEW_SESSION,FIRST_PANEL_07_ML_ENGINEER,ML_ENGINEER,2026-12-17T09:00:00+09:00,2026-12-17T10:00:00+09:00
APP0143_FIRST_INTERVIEW_FIRST_INTERVIEW_SESSION,FIRST_PANEL_07_HIRING_MANAGER,HIRING_MANAGER,2026-12-17T09:00:00+09:00,2026-12-17T10:00:00+09:00
APP0143_FIRST_INTERVIEW_FIRST_INTERVIEW_SESSION,FIRST_PANEL_07_TECHNICAL_REVIEWER,TECHNICAL_REVIEWER,2026-12-17T09:00:00+09:00,2026-12-17T10:00:00+09:00
APP0143_FIRST_INTERVIEW_CALIBRATION,FIRST_PANEL_07_ML_ENGINEER,ML_ENGINEER,2026-12-17T10:00:00+09:00,2026-12-17T10:15:00+09:00
APP0143_FIRST_INTERVIEW_CALIBRATION,FIRST_PANEL_07_HIRING_MANAGER,HIRING_MANAGER,2026-12-17T10:00:00+09:00,2026-12-17T10:15:00+09:00
APP0150_FIRST_INTERVIEW_FIRST_INTERVIEW_SESSION,FIRST_PANEL_08_ML_ENGINEER,ML_ENGINEER,2026-12-17T09:00:00+09:00,2026-12-17T10:00:00+09:00
APP0150_FIRST_INTERVIEW_FIRST_INTERVIEW_SESSION,FIRST_PANEL_08_HIRING_MANAGER,HIRING_MANAGER,2026-12-17T09:00:00+09:00,2026-12-17T10:00:00+09:00
APP0150_FIRST_INTERVIEW_FIRST_INTERVIEW_SESSION,FIRST_PANEL_08_TECHNICAL_REVIEWER,TECHNICAL_REVIEWER,2026-12-17T09:00:00+09:00,2026-12-17T10:00:00+09:00
APP0150_FIRST_INTERVIEW_CALIBRATION,FIRST_PANEL_08_ML_ENGINEER,ML_ENGINEER,2026-12-17T10:00:00+09:00,2026-12-17T10:15:00+09:00
APP0150_FIRST_INTERVIEW_CALIBRATION,FIRST_PANEL_08_HIRING_MANAGER,HIRING_MANAGER,2026-12-17T10:00:00+09:00,2026-12-17T10:15:00+09:00
APP0153_FIRST_INTERVIEW_FIRST_INTERVIEW_SESSION,FIRST_PANEL_09_ML_ENGINEER,ML_ENGINEER,2026-12-17T09:00:00+09:00,2026-12-17T10:00:00+09:00
APP0153_FIRST_INTERVIEW_FIRST_INTERVIEW_SESSION,FIRST_PANEL_09_HIRING_MANAGER,HIRING_MANAGER,2026-12-17T09:00:00+09:00,2026-12-17T10:00:00+09:00
APP0153_FIRST_INTERVIEW_FIRST_INTERVIEW_SESSION,FIRST_PANEL_09_TECHNICAL_REVIEWER,TECHNICAL_REVIEWER,2026-12-17T09:00:00+09:00,2026-12-17T10:00:00+09:00
APP0153_FIRST_INTERVIEW_CALIBRATION,FIRST_PANEL_09_ML_ENGINEER,ML_ENGINEER,2026-12-17T10:00:00+09:00,2026-12-17T10:15:00+09:00
APP0153_FIRST_INTERVIEW_CALIBRATION,FIRST_PANEL_09_HIRING_MANAGER,HIRING_MANAGER,2026-12-17T10:00:00+09:00,2026-12-17T10:15:00+09:00
APP0155_FIRST_INTERVIEW_FIRST_INTERVIEW_SESSION,FIRST_PANEL_10_ML_ENGINEER,ML_ENGINEER,2026-12-17T09:00:00+09:00,2026-12-17T10:00:00+09:00
APP0155_FIRST_INTERVIEW_FIRST_INTERVIEW_SESSION,FIRST_PANEL_10_HIRING_MANAGER,HIRING_MANAGER,2026-12-17T09:00:00+09:00,2026-12-17T10:00:00+09:00
APP0155_FIRST_INTERVIEW_FIRST_INTERVIEW_SESSION,FIRST_PANEL_10_TECHNICAL_REVIEWER,TECHNICAL_REVIEWER,2026-12-17T09:00:00+09:00,2026-12-17T10:00:00+09:00
APP0163_FIRST_INTERVIEW_FIRST_INTERVIEW_SESSION,FIRST_PANEL_01_ML_ENGINEER,ML_ENGINEER,2026-12-21T09:00:00+09:00,2026-12-21T10:00:00+09:00
APP0163_FIRST_INTERVIEW_FIRST_INTERVIEW_SESSION,FIRST_PANEL_01_HIRING_MANAGER,HIRING_MANAGER,2026-12-21T09:00:00+09:00,2026-12-21T10:00:00+09:00
APP0163_FIRST_INTERVIEW_FIRST_INTERVIEW_SESSION,FIRST_PANEL_01_TECHNICAL_REVIEWER,TECHNICAL_REVIEWER,2026-12-21T09:00:00+09:00,2026-12-21T10:00:00+09:00
APP0163_FIRST_INTERVIEW_CALIBRATION,FIRST_PANEL_01_ML_ENGINEER,ML_ENGINEER,2026-12-21T10:00:00+09:00,2026-12-21T10:15:00+09:00
APP0163_FIRST_INTERVIEW_CALIBRATION,FIRST_PANEL_01_HIRING_MANAGER,HIRING_MANAGER,2026-12-21T10:00:00+09:00,2026-12-21T10:15:00+09:00
APP0167_FIRST_INTERVIEW_FIRST_INTERVIEW_SESSION,FIRST_PANEL_02_ML_ENGINEER,ML_ENGINEER,2026-12-21T09:00:00+09:00,2026-12-21T10:00:00+09:00
APP0167_FIRST_INTERVIEW_FIRST_INTERVIEW_SESSION,FIRST_PANEL_02_HIRING_MANAGER,HIRING_MANAGER,2026-12-21T09:00:00+09:00,2026-12-21T10:00:00+09:00
APP0167_FIRST_INTERVIEW_FIRST_INTERVIEW_SESSION,FIRST_PANEL_02_TECHNICAL_REVIEWER,TECHNICAL_REVIEWER,2026-12-21T09:00:00+09:00,2026-12-21T10:00:00+09:00
APP0167_FIRST_INTERVIEW_CALIBRATION,FIRST_PANEL_02_ML_ENGINEER,ML_ENGINEER,2026-12-21T10:00:00+09:00,2026-12-21T10:15:00+09:00
APP0167_FIRST_INTERVIEW_CALIBRATION,FIRST_PANEL_02_HIRING_MANAGER,HIRING_MANAGER,2026-12-21T10:00:00+09:00,2026-12-21T10:15:00+09:00
APP0170_FIRST_INTERVIEW_FIRST_INTERVIEW_SESSION,FIRST_PANEL_03_ML_ENGINEER,ML_ENGINEER,2026-12-21T09:00:00+09:00,2026-12-21T10:00:00+09:00
APP0170_FIRST_INTERVIEW_FIRST_INTERVIEW_SESSION,FIRST_PANEL_03_HIRING_MANAGER,HIRING_MANAGER,2026-12-21T09:00:00+09:00,2026-12-21T10:00:00+09:00
APP0170_FIRST_INTERVIEW_FIRST_INTERVIEW_SESSION,FIRST_PANEL_03_TECHNICAL_REVIEWER,TECHNICAL_REVIEWER,2026-12-21T09:00:00+09:00,2026-12-21T10:00:00+09:00
APP0170_FIRST_INTERVIEW_CALIBRATION,FIRST_PANEL_03_ML_ENGINEER,ML_ENGINEER,2026-12-21T10:00:00+09:00,2026-12-21T10:15:00+09:00
APP0170_FIRST_INTERVIEW_CALIBRATION,FIRST_PANEL_03_HIRING_MANAGER,HIRING_MANAGER,2026-12-21T10:00:00+09:00,2026-12-21T10:15:00+09:00
APP0181_FIRST_INTERVIEW_FIRST_INTERVIEW_SESSION,FIRST_PANEL_04_ML_ENGINEER,ML_ENGINEER,2026-12-21T09:00:00+09:00,2026-12-21T10:00:00+09:00
APP0181_FIRST_INTERVIEW_FIRST_INTERVIEW_SESSION,FIRST_PANEL_04_HIRING_MANAGER,HIRING_MANAGER,2026-12-21T09:00:00+09:00,2026-12-21T10:00:00+09:00
APP0181_FIRST_INTERVIEW_FIRST_INTERVIEW_SESSION,FIRST_PANEL_04_TECHNICAL_REVIEWER,TECHNICAL_REVIEWER,2026-12-21T09:00:00+09:00,2026-12-21T10:00:00+09:00
APP0181_FIRST_INTERVIEW_CALIBRATION,FIRST_PANEL_04_ML_ENGINEER,ML_ENGINEER,2026-12-21T10:00:00+09:00,2026-12-21T10:15:00+09:00
APP0181_FIRST_INTERVIEW_CALIBRATION,FIRST_PANEL_04_HIRING_MANAGER,HIRING_MANAGER,2026-12-21T10:00:00+09:00,2026-12-21T10:15:00+09:00
APP0189_FIRST_INTERVIEW_FIRST_INTERVIEW_SESSION,FIRST_PANEL_05_ML_ENGINEER,ML_ENGINEER,2026-12-21T09:00:00+09:00,2026-12-21T10:00:00+09:00
APP0189_FIRST_INTERVIEW_FIRST_INTERVIEW_SESSION,FIRST_PANEL_05_HIRING_MANAGER,HIRING_MANAGER,2026-12-21T09:00:00+09:00,2026-12-21T10:00:00+09:00
APP0189_FIRST_INTERVIEW_FIRST_INTERVIEW_SESSION,FIRST_PANEL_05_TECHNICAL_REVIEWER,TECHNICAL_REVIEWER,2026-12-21T09:00:00+09:00,2026-12-21T10:00:00+09:00
APP0189_FIRST_INTERVIEW_CALIBRATION,FIRST_PANEL_05_ML_ENGINEER,ML_ENGINEER,2026-12-21T10:00:00+09:00,2026-12-21T10:15:00+09:00
APP0189_FIRST_INTERVIEW_CALIBRATION,FIRST_PANEL_05_HIRING_MANAGER,HIRING_MANAGER,2026-12-21T10:00:00+09:00,2026-12-21T10:15:00+09:00
APP0193_FIRST_INTERVIEW_FIRST_INTERVIEW_SESSION,FIRST_PANEL_06_ML_ENGINEER,ML_ENGINEER,2026-12-21T09:00:00+09:00,2026-12-21T10:00:00+09:00
APP0193_FIRST_INTERVIEW_FIRST_INTERVIEW_SESSION,FIRST_PANEL_06_HIRING_MANAGER,HIRING_MANAGER,2026-12-21T09:00:00+09:00,2026-12-21T10:00:00+09:00
APP0193_FIRST_INTERVIEW_FIRST_INTERVIEW_SESSION,FIRST_PANEL_06_TECHNICAL_REVIEWER,TECHNICAL_REVIEWER,2026-12-21T09:00:00+09:00,2026-12-21T10:00:00+09:00
APP0193_FIRST_INTERVIEW_CALIBRATION,FIRST_PANEL_06_ML_ENGINEER,ML_ENGINEER,2026-12-21T10:00:00+09:00,2026-12-21T10:15:00+09:00
APP0193_FIRST_INTERVIEW_CALIBRATION,FIRST_PANEL_06_HIRING_MANAGER,HIRING_MANAGER,2026-12-21T10:00:00+09:00,2026-12-21T10:15:00+09:00
APP0194_FIRST_INTERVIEW_FIRST_INTERVIEW_SESSION,FIRST_PANEL_07_ML_ENGINEER,ML_ENGINEER,2026-12-21T09:00:00+09:00,2026-12-21T10:00:00+09:00
APP0194_FIRST_INTERVIEW_FIRST_INTERVIEW_SESSION,FIRST_PANEL_07_HIRING_MANAGER,HIRING_MANAGER,2026-12-21T09:00:00+09:00,2026-12-21T10:00:00+09:00
APP0194_FIRST_INTERVIEW_FIRST_INTERVIEW_SESSION,FIRST_PANEL_07_TECHNICAL_REVIEWER,TECHNICAL_REVIEWER,2026-12-21T09:00:00+09:00,2026-12-21T10:00:00+09:00
APP0194_FIRST_INTERVIEW_CALIBRATION,FIRST_PANEL_07_ML_ENGINEER,ML_ENGINEER,2026-12-21T10:00:00+09:00,2026-12-21T10:15:00+09:00
APP0194_FIRST_INTERVIEW_CALIBRATION,FIRST_PANEL_07_HIRING_MANAGER,HIRING_MANAGER,2026-12-21T10:00:00+09:00,2026-12-21T10:15:00+09:00
APP0202_FIRST_INTERVIEW_FIRST_INTERVIEW_SESSION,FIRST_PANEL_08_ML_ENGINEER,ML_ENGINEER,2026-12-21T09:00:00+09:00,2026-12-21T10:00:00+09:00
APP0202_FIRST_INTERVIEW_FIRST_INTERVIEW_SESSION,FIRST_PANEL_08_HIRING_MANAGER,HIRING_MANAGER,2026-12-21T09:00:00+09:00,2026-12-21T10:00:00+09:00
APP0202_FIRST_INTERVIEW_FIRST_INTERVIEW_SESSION,FIRST_PANEL_08_TECHNICAL_REVIEWER,TECHNICAL_REVIEWER,2026-12-21T09:00:00+09:00,2026-12-21T10:00:00+09:00
APP0202_FIRST_INTERVIEW_CALIBRATION,FIRST_PANEL_08_ML_ENGINEER,ML_ENGINEER,2026-12-21T10:00:00+09:00,2026-12-21T10:15:00+09:00
APP0202_FIRST_INTERVIEW_CALIBRATION,FIRST_PANEL_08_HIRING_MANAGER,HIRING_MANAGER,2026-12-21T10:00:00+09:00,2026-12-21T10:15:00+09:00
APP0205_FIRST_INTERVIEW_FIRST_INTERVIEW_SESSION,FIRST_PANEL_09_ML_ENGINEER,ML_ENGINEER,2026-12-21T09:00:00+09:00,2026-12-21T10:00:00+09:00
APP0205_FIRST_INTERVIEW_FIRST_INTERVIEW_SESSION,FIRST_PANEL_09_HIRING_MANAGER,HIRING_MANAGER,2026-12-21T09:00:00+09:00,2026-12-21T10:00:00+09:00
APP0205_FIRST_INTERVIEW_FIRST_INTERVIEW_SESSION,FIRST_PANEL_09_TECHNICAL_REVIEWER,TECHNICAL_REVIEWER,2026-12-21T09:00:00+09:00,2026-12-21T10:00:00+09:00
APP0205_FIRST_INTERVIEW_CALIBRATION,FIRST_PANEL_09_ML_ENGINEER,ML_ENGINEER,2026-12-21T10:00:00+09:00,2026-12-21T10:15:00+09:00
APP0205_FIRST_INTERVIEW_CALIBRATION,FIRST_PANEL_09_HIRING_MANAGER,HIRING_MANAGER,2026-12-21T10:00:00+09:00,2026-12-21T10:15:00+09:00
APP0216_FIRST_INTERVIEW_FIRST_INTERVIEW_SESSION,FIRST_PANEL_10_ML_ENGINEER,ML_ENGINEER,2026-12-21T09:00:00+09:00,2026-12-21T10:00:00+09:00
APP0216_FIRST_INTERVIEW_FIRST_INTERVIEW_SESSION,FIRST_PANEL_10_HIRING_MANAGER,HIRING_MANAGER,2026-12-21T09:00:00+09:00,2026-12-21T10:00:00+09:00
APP0216_FIRST_INTERVIEW_FIRST_INTERVIEW_SESSION,FIRST_PANEL_10_TECHNICAL_REVIEWER,TECHNICAL_REVIEWER,2026-12-21T09:00:00+09:00,2026-12-21T10:00:00+09:00
APP0223_FIRST_INTERVIEW_FIRST_INTERVIEW_SESSION,FIRST_PANEL_02_ML_ENGINEER,ML_ENGINEER,2026-12-24T09:00:00+09:00,2026-12-24T10:00:00+09:00
APP0223_FIRST_INTERVIEW_FIRST_INTERVIEW_SESSION,FIRST_PANEL_02_HIRING_MANAGER,HIRING_MANAGER,2026-12-24T09:00:00+09:00,2026-12-24T10:00:00+09:00
APP0223_FIRST_INTERVIEW_FIRST_INTERVIEW_SESSION,FIRST_PANEL_02_TECHNICAL_REVIEWER,TECHNICAL_REVIEWER,2026-12-24T09:00:00+09:00,2026-12-24T10:00:00+09:00
APP0223_FIRST_INTERVIEW_CALIBRATION,FIRST_PANEL_02_ML_ENGINEER,ML_ENGINEER,2026-12-24T10:00:00+09:00,2026-12-24T10:15:00+09:00
APP0223_FIRST_INTERVIEW_CALIBRATION,FIRST_PANEL_02_HIRING_MANAGER,HIRING_MANAGER,2026-12-24T10:00:00+09:00,2026-12-24T10:15:00+09:00
APP0228_FIRST_INTERVIEW_FIRST_INTERVIEW_SESSION,FIRST_PANEL_03_ML_ENGINEER,ML_ENGINEER,2026-12-24T09:00:00+09:00,2026-12-24T10:00:00+09:00
APP0228_FIRST_INTERVIEW_FIRST_INTERVIEW_SESSION,FIRST_PANEL_03_HIRING_MANAGER,HIRING_MANAGER,2026-12-24T09:00:00+09:00,2026-12-24T10:00:00+09:00
APP0228_FIRST_INTERVIEW_FIRST_INTERVIEW_SESSION,FIRST_PANEL_03_TECHNICAL_REVIEWER,TECHNICAL_REVIEWER,2026-12-24T09:00:00+09:00,2026-12-24T10:00:00+09:00
APP0228_FIRST_INTERVIEW_CALIBRATION,FIRST_PANEL_03_ML_ENGINEER,ML_ENGINEER,2026-12-24T10:00:00+09:00,2026-12-24T10:15:00+09:00
APP0228_FIRST_INTERVIEW_CALIBRATION,FIRST_PANEL_03_HIRING_MANAGER,HIRING_MANAGER,2026-12-24T10:00:00+09:00,2026-12-24T10:15:00+09:00
APP0235_FIRST_INTERVIEW_FIRST_INTERVIEW_SESSION,FIRST_PANEL_04_ML_ENGINEER,ML_ENGINEER,2026-12-24T09:00:00+09:00,2026-12-24T10:00:00+09:00
APP0235_FIRST_INTERVIEW_FIRST_INTERVIEW_SESSION,FIRST_PANEL_04_HIRING_MANAGER,HIRING_MANAGER,2026-12-24T09:00:00+09:00,2026-12-24T10:00:00+09:00
APP0235_FIRST_INTERVIEW_FIRST_INTERVIEW_SESSION,FIRST_PANEL_04_TECHNICAL_REVIEWER,TECHNICAL_REVIEWER,2026-12-24T09:00:00+09:00,2026-12-24T10:00:00+09:00
APP0235_FIRST_INTERVIEW_CALIBRATION,FIRST_PANEL_04_ML_ENGINEER,ML_ENGINEER,2026-12-24T10:00:00+09:00,2026-12-24T10:15:00+09:00
APP0235_FIRST_INTERVIEW_CALIBRATION,FIRST_PANEL_04_HIRING_MANAGER,HIRING_MANAGER,2026-12-24T10:00:00+09:00,2026-12-24T10:15:00+09:00
APP0237_FIRST_INTERVIEW_FIRST_INTERVIEW_SESSION,FIRST_PANEL_05_ML_ENGINEER,ML_ENGINEER,2026-12-24T09:00:00+09:00,2026-12-24T10:00:00+09:00
APP0237_FIRST_INTERVIEW_FIRST_INTERVIEW_SESSION,FIRST_PANEL_05_HIRING_MANAGER,HIRING_MANAGER,2026-12-24T09:00:00+09:00,2026-12-24T10:00:00+09:00
APP0237_FIRST_INTERVIEW_FIRST_INTERVIEW_SESSION,FIRST_PANEL_05_TECHNICAL_REVIEWER,TECHNICAL_REVIEWER,2026-12-24T09:00:00+09:00,2026-12-24T10:00:00+09:00
APP0238_FIRST_INTERVIEW_FIRST_INTERVIEW_SESSION,FIRST_PANEL_06_ML_ENGINEER,ML_ENGINEER,2026-12-24T09:00:00+09:00,2026-12-24T10:00:00+09:00
APP0238_FIRST_INTERVIEW_FIRST_INTERVIEW_SESSION,FIRST_PANEL_06_HIRING_MANAGER,HIRING_MANAGER,2026-12-24T09:00:00+09:00,2026-12-24T10:00:00+09:00
APP0238_FIRST_INTERVIEW_FIRST_INTERVIEW_SESSION,FIRST_PANEL_06_TECHNICAL_REVIEWER,TECHNICAL_REVIEWER,2026-12-24T09:00:00+09:00,2026-12-24T10:00:00+09:00
APP0238_FIRST_INTERVIEW_CALIBRATION,FIRST_PANEL_06_ML_ENGINEER,ML_ENGINEER,2026-12-24T10:00:00+09:00,2026-12-24T10:15:00+09:00
APP0238_FIRST_INTERVIEW_CALIBRATION,FIRST_PANEL_06_HIRING_MANAGER,HIRING_MANAGER,2026-12-24T10:00:00+09:00,2026-12-24T10:15:00+09:00
APP0258_FIRST_INTERVIEW_FIRST_INTERVIEW_SESSION,FIRST_PANEL_08_ML_ENGINEER,ML_ENGINEER,2026-12-24T09:00:00+09:00,2026-12-24T10:00:00+09:00
APP0258_FIRST_INTERVIEW_FIRST_INTERVIEW_SESSION,FIRST_PANEL_08_HIRING_MANAGER,HIRING_MANAGER,2026-12-24T09:00:00+09:00,2026-12-24T10:00:00+09:00
APP0258_FIRST_INTERVIEW_FIRST_INTERVIEW_SESSION,FIRST_PANEL_08_TECHNICAL_REVIEWER,TECHNICAL_REVIEWER,2026-12-24T09:00:00+09:00,2026-12-24T10:00:00+09:00
APP0258_FIRST_INTERVIEW_CALIBRATION,FIRST_PANEL_08_ML_ENGINEER,ML_ENGINEER,2026-12-24T10:00:00+09:00,2026-12-24T10:15:00+09:00
APP0258_FIRST_INTERVIEW_CALIBRATION,FIRST_PANEL_08_HIRING_MANAGER,HIRING_MANAGER,2026-12-24T10:00:00+09:00,2026-12-24T10:15:00+09:00
APP0268_FIRST_INTERVIEW_FIRST_INTERVIEW_SESSION,FIRST_PANEL_09_ML_ENGINEER,ML_ENGINEER,2026-12-24T09:00:00+09:00,2026-12-24T10:00:00+09:00
APP0268_FIRST_INTERVIEW_FIRST_INTERVIEW_SESSION,FIRST_PANEL_09_HIRING_MANAGER,HIRING_MANAGER,2026-12-24T09:00:00+09:00,2026-12-24T10:00:00+09:00
APP0268_FIRST_INTERVIEW_FIRST_INTERVIEW_SESSION,FIRST_PANEL_09_TECHNICAL_REVIEWER,TECHNICAL_REVIEWER,2026-12-24T09:00:00+09:00,2026-12-24T10:00:00+09:00
APP0268_FIRST_INTERVIEW_CALIBRATION,FIRST_PANEL_09_ML_ENGINEER,ML_ENGINEER,2026-12-24T10:00:00+09:00,2026-12-24T10:15:00+09:00
APP0268_FIRST_INTERVIEW_CALIBRATION,FIRST_PANEL_09_HIRING_MANAGER,HIRING_MANAGER,2026-12-24T10:00:00+09:00,2026-12-24T10:15:00+09:00
APP0269_FIRST_INTERVIEW_FIRST_INTERVIEW_SESSION,FIRST_PANEL_10_ML_ENGINEER,ML_ENGINEER,2026-12-24T09:00:00+09:00,2026-12-24T10:00:00+09:00
APP0269_FIRST_INTERVIEW_FIRST_INTERVIEW_SESSION,FIRST_PANEL_10_HIRING_MANAGER,HIRING_MANAGER,2026-12-24T09:00:00+09:00,2026-12-24T10:00:00+09:00
APP0269_FIRST_INTERVIEW_FIRST_INTERVIEW_SESSION,FIRST_PANEL_10_TECHNICAL_REVIEWER,TECHNICAL_REVIEWER,2026-12-24T09:00:00+09:00,2026-12-24T10:00:00+09:00
APP0269_FIRST_INTERVIEW_CALIBRATION,FIRST_PANEL_10_ML_ENGINEER,ML_ENGINEER,2026-12-24T10:00:00+09:00,2026-12-24T10:15:00+09:00
APP0269_FIRST_INTERVIEW_CALIBRATION,FIRST_PANEL_10_HIRING_MANAGER,HIRING_MANAGER,2026-12-24T10:00:00+09:00,2026-12-24T10:15:00+09:00
APP0270_FIRST_INTERVIEW_FIRST_INTERVIEW_SESSION,FIRST_PANEL_01_ML_ENGINEER,ML_ENGINEER,2026-12-28T09:00:00+09:00,2026-12-28T10:00:00+09:00
APP0270_FIRST_INTERVIEW_FIRST_INTERVIEW_SESSION,FIRST_PANEL_01_HIRING_MANAGER,HIRING_MANAGER,2026-12-28T09:00:00+09:00,2026-12-28T10:00:00+09:00
APP0270_FIRST_INTERVIEW_FIRST_INTERVIEW_SESSION,FIRST_PANEL_01_TECHNICAL_REVIEWER,TECHNICAL_REVIEWER,2026-12-28T09:00:00+09:00,2026-12-28T10:00:00+09:00
APP0285_FIRST_INTERVIEW_FIRST_INTERVIEW_SESSION,FIRST_PANEL_02_ML_ENGINEER,ML_ENGINEER,2026-12-28T09:00:00+09:00,2026-12-28T10:00:00+09:00
APP0285_FIRST_INTERVIEW_FIRST_INTERVIEW_SESSION,FIRST_PANEL_02_HIRING_MANAGER,HIRING_MANAGER,2026-12-28T09:00:00+09:00,2026-12-28T10:00:00+09:00
APP0285_FIRST_INTERVIEW_FIRST_INTERVIEW_SESSION,FIRST_PANEL_02_TECHNICAL_REVIEWER,TECHNICAL_REVIEWER,2026-12-28T09:00:00+09:00,2026-12-28T10:00:00+09:00
APP0289_FIRST_INTERVIEW_FIRST_INTERVIEW_SESSION,FIRST_PANEL_03_ML_ENGINEER,ML_ENGINEER,2026-12-28T09:00:00+09:00,2026-12-28T10:00:00+09:00
APP0289_FIRST_INTERVIEW_FIRST_INTERVIEW_SESSION,FIRST_PANEL_03_HIRING_MANAGER,HIRING_MANAGER,2026-12-28T09:00:00+09:00,2026-12-28T10:00:00+09:00
APP0289_FIRST_INTERVIEW_FIRST_INTERVIEW_SESSION,FIRST_PANEL_03_TECHNICAL_REVIEWER,TECHNICAL_REVIEWER,2026-12-28T09:00:00+09:00,2026-12-28T10:00:00+09:00
APP0297_FIRST_INTERVIEW_FIRST_INTERVIEW_SESSION,FIRST_PANEL_04_ML_ENGINEER,ML_ENGINEER,2026-12-28T09:00:00+09:00,2026-12-28T10:00:00+09:00
APP0297_FIRST_INTERVIEW_FIRST_INTERVIEW_SESSION,FIRST_PANEL_04_HIRING_MANAGER,HIRING_MANAGER,2026-12-28T09:00:00+09:00,2026-12-28T10:00:00+09:00
APP0297_FIRST_INTERVIEW_FIRST_INTERVIEW_SESSION,FIRST_PANEL_04_TECHNICAL_REVIEWER,TECHNICAL_REVIEWER,2026-12-28T09:00:00+09:00,2026-12-28T10:00:00+09:00
APP0297_FIRST_INTERVIEW_CALIBRATION,FIRST_PANEL_04_ML_ENGINEER,ML_ENGINEER,2026-12-28T10:00:00+09:00,2026-12-28T10:15:00+09:00
APP0297_FIRST_INTERVIEW_CALIBRATION,FIRST_PANEL_04_HIRING_MANAGER,HIRING_MANAGER,2026-12-28T10:00:00+09:00,2026-12-28T10:15:00+09:00
APP0300_FIRST_INTERVIEW_FIRST_INTERVIEW_SESSION,FIRST_PANEL_05_ML_ENGINEER,ML_ENGINEER,2026-12-28T09:00:00+09:00,2026-12-28T10:00:00+09:00
APP0300_FIRST_INTERVIEW_FIRST_INTERVIEW_SESSION,FIRST_PANEL_05_HIRING_MANAGER,HIRING_MANAGER,2026-12-28T09:00:00+09:00,2026-12-28T10:00:00+09:00
APP0300_FIRST_INTERVIEW_FIRST_INTERVIEW_SESSION,FIRST_PANEL_05_TECHNICAL_REVIEWER,TECHNICAL_REVIEWER,2026-12-28T09:00:00+09:00,2026-12-28T10:00:00+09:00
APP0300_FIRST_INTERVIEW_CALIBRATION,FIRST_PANEL_05_ML_ENGINEER,ML_ENGINEER,2026-12-28T10:00:00+09:00,2026-12-28T10:15:00+09:00
APP0300_FIRST_INTERVIEW_CALIBRATION,FIRST_PANEL_05_HIRING_MANAGER,HIRING_MANAGER,2026-12-28T10:00:00+09:00,2026-12-28T10:15:00+09:00
APP0309_FIRST_INTERVIEW_FIRST_INTERVIEW_SESSION,FIRST_PANEL_06_ML_ENGINEER,ML_ENGINEER,2026-12-28T09:00:00+09:00,2026-12-28T10:00:00+09:00
APP0309_FIRST_INTERVIEW_FIRST_INTERVIEW_SESSION,FIRST_PANEL_06_HIRING_MANAGER,HIRING_MANAGER,2026-12-28T09:00:00+09:00,2026-12-28T10:00:00+09:00
APP0309_FIRST_INTERVIEW_FIRST_INTERVIEW_SESSION,FIRST_PANEL_06_TECHNICAL_REVIEWER,TECHNICAL_REVIEWER,2026-12-28T09:00:00+09:00,2026-12-28T10:00:00+09:00
APP0309_FIRST_INTERVIEW_CALIBRATION,FIRST_PANEL_06_ML_ENGINEER,ML_ENGINEER,2026-12-28T10:00:00+09:00,2026-12-28T10:15:00+09:00
APP0309_FIRST_INTERVIEW_CALIBRATION,FIRST_PANEL_06_HIRING_MANAGER,HIRING_MANAGER,2026-12-28T10:00:00+09:00,2026-12-28T10:15:00+09:00
APP0324_FIRST_INTERVIEW_FIRST_INTERVIEW_SESSION,FIRST_PANEL_07_ML_ENGINEER,ML_ENGINEER,2026-12-28T09:00:00+09:00,2026-12-28T10:00:00+09:00
APP0324_FIRST_INTERVIEW_FIRST_INTERVIEW_SESSION,FIRST_PANEL_07_HIRING_MANAGER,HIRING_MANAGER,2026-12-28T09:00:00+09:00,2026-12-28T10:00:00+09:00
APP0324_FIRST_INTERVIEW_FIRST_INTERVIEW_SESSION,FIRST_PANEL_07_TECHNICAL_REVIEWER,TECHNICAL_REVIEWER,2026-12-28T09:00:00+09:00,2026-12-28T10:00:00+09:00
APP0324_FIRST_INTERVIEW_CALIBRATION,FIRST_PANEL_07_ML_ENGINEER,ML_ENGINEER,2026-12-28T10:00:00+09:00,2026-12-28T10:15:00+09:00
APP0324_FIRST_INTERVIEW_CALIBRATION,FIRST_PANEL_07_HIRING_MANAGER,HIRING_MANAGER,2026-12-28T10:00:00+09:00,2026-12-28T10:15:00+09:00
APP0325_FIRST_INTERVIEW_FIRST_INTERVIEW_SESSION,FIRST_PANEL_08_ML_ENGINEER,ML_ENGINEER,2026-12-28T09:00:00+09:00,2026-12-28T10:00:00+09:00
APP0325_FIRST_INTERVIEW_FIRST_INTERVIEW_SESSION,FIRST_PANEL_08_HIRING_MANAGER,HIRING_MANAGER,2026-12-28T09:00:00+09:00,2026-12-28T10:00:00+09:00
APP0325_FIRST_INTERVIEW_FIRST_INTERVIEW_SESSION,FIRST_PANEL_08_TECHNICAL_REVIEWER,TECHNICAL_REVIEWER,2026-12-28T09:00:00+09:00,2026-12-28T10:00:00+09:00
APP0325_FIRST_INTERVIEW_CALIBRATION,FIRST_PANEL_08_ML_ENGINEER,ML_ENGINEER,2026-12-28T10:00:00+09:00,2026-12-28T10:15:00+09:00
APP0325_FIRST_INTERVIEW_CALIBRATION,FIRST_PANEL_08_HIRING_MANAGER,HIRING_MANAGER,2026-12-28T10:00:00+09:00,2026-12-28T10:15:00+09:00
APP0342_FIRST_INTERVIEW_FIRST_INTERVIEW_SESSION,FIRST_PANEL_09_ML_ENGINEER,ML_ENGINEER,2026-12-28T09:00:00+09:00,2026-12-28T10:00:00+09:00
APP0342_FIRST_INTERVIEW_FIRST_INTERVIEW_SESSION,FIRST_PANEL_09_HIRING_MANAGER,HIRING_MANAGER,2026-12-28T09:00:00+09:00,2026-12-28T10:00:00+09:00
APP0342_FIRST_INTERVIEW_FIRST_INTERVIEW_SESSION,FIRST_PANEL_09_TECHNICAL_REVIEWER,TECHNICAL_REVIEWER,2026-12-28T09:00:00+09:00,2026-12-28T10:00:00+09:00
APP0046_SECOND_INTERVIEW_VALUES_BEHAVIOR_INTERVIEW,SECOND_INTERVIEW_PANEL_01_ML_ENGINEER,ML_ENGINEER,2026-12-30T10:15:00+09:00,2026-12-30T10:45:00+09:00
APP0046_SECOND_INTERVIEW_VALUES_BEHAVIOR_INTERVIEW,SECOND_INTERVIEW_PANEL_01_HIRING_MANAGER,HIRING_MANAGER,2026-12-30T10:15:00+09:00,2026-12-30T10:45:00+09:00
APP0037_SECOND_INTERVIEW_VALUES_BEHAVIOR_INTERVIEW,SECOND_INTERVIEW_PANEL_01_ML_ENGINEER,ML_ENGINEER,2026-12-24T10:00:00+09:00,2026-12-24T10:30:00+09:00
APP0037_SECOND_INTERVIEW_VALUES_BEHAVIOR_INTERVIEW,SECOND_INTERVIEW_PANEL_01_HIRING_MANAGER,HIRING_MANAGER,2026-12-24T10:00:00+09:00,2026-12-24T10:30:00+09:00
APP0037_SECOND_INTERVIEW_CALIBRATION,SECOND_INTERVIEW_PANEL_01_ML_ENGINEER,ML_ENGINEER,2026-12-24T10:30:00+09:00,2026-12-24T10:45:00+09:00
APP0037_SECOND_INTERVIEW_CALIBRATION,SECOND_INTERVIEW_PANEL_01_HIRING_MANAGER,HIRING_MANAGER,2026-12-24T10:30:00+09:00,2026-12-24T10:45:00+09:00
APP0005_SECOND_INTERVIEW_VALUES_BEHAVIOR_INTERVIEW,SECOND_INTERVIEW_PANEL_01_ML_ENGINEER,ML_ENGINEER,2026-12-29T10:15:00+09:00,2026-12-29T10:45:00+09:00
APP0005_SECOND_INTERVIEW_VALUES_BEHAVIOR_INTERVIEW,SECOND_INTERVIEW_PANEL_01_HIRING_MANAGER,HIRING_MANAGER,2026-12-29T10:15:00+09:00,2026-12-29T10:45:00+09:00
APP0070_SECOND_INTERVIEW_VALUES_BEHAVIOR_INTERVIEW,SECOND_INTERVIEW_PANEL_01_ML_ENGINEER,ML_ENGINEER,2026-12-29T10:45:00+09:00,2026-12-29T11:15:00+09:00
APP0070_SECOND_INTERVIEW_VALUES_BEHAVIOR_INTERVIEW,SECOND_INTERVIEW_PANEL_01_HIRING_MANAGER,HIRING_MANAGER,2026-12-29T10:45:00+09:00,2026-12-29T11:15:00+09:00
APP0082_SECOND_INTERVIEW_VALUES_BEHAVIOR_INTERVIEW,SECOND_INTERVIEW_PANEL_01_ML_ENGINEER,ML_ENGINEER,2026-12-30T10:45:00+09:00,2026-12-30T11:15:00+09:00
APP0082_SECOND_INTERVIEW_VALUES_BEHAVIOR_INTERVIEW,SECOND_INTERVIEW_PANEL_01_HIRING_MANAGER,HIRING_MANAGER,2026-12-30T10:45:00+09:00,2026-12-30T11:15:00+09:00
APP0155_SECOND_INTERVIEW_VALUES_BEHAVIOR_INTERVIEW,SECOND_INTERVIEW_PANEL_01_ML_ENGINEER,ML_ENGINEER,2027-01-01T10:00:00+09:00,2027-01-01T10:30:00+09:00
APP0155_SECOND_INTERVIEW_VALUES_BEHAVIOR_INTERVIEW,SECOND_INTERVIEW_PANEL_01_HIRING_MANAGER,HIRING_MANAGER,2027-01-01T10:00:00+09:00,2027-01-01T10:30:00+09:00
APP0181_SECOND_INTERVIEW_VALUES_BEHAVIOR_INTERVIEW,SECOND_INTERVIEW_PANEL_01_ML_ENGINEER,ML_ENGINEER,2027-01-05T10:15:00+09:00,2027-01-05T10:45:00+09:00
APP0181_SECOND_INTERVIEW_VALUES_BEHAVIOR_INTERVIEW,SECOND_INTERVIEW_PANEL_01_HIRING_MANAGER,HIRING_MANAGER,2027-01-05T10:15:00+09:00,2027-01-05T10:45:00+09:00
APP0216_SECOND_INTERVIEW_VALUES_BEHAVIOR_INTERVIEW,SECOND_INTERVIEW_PANEL_01_ML_ENGINEER,ML_ENGINEER,2027-01-13T10:00:00+09:00,2027-01-13T10:30:00+09:00
APP0216_SECOND_INTERVIEW_VALUES_BEHAVIOR_INTERVIEW,SECOND_INTERVIEW_PANEL_01_HIRING_MANAGER,HIRING_MANAGER,2027-01-13T10:00:00+09:00,2027-01-13T10:30:00+09:00
APP0342_SECOND_INTERVIEW_VALUES_BEHAVIOR_INTERVIEW,SECOND_INTERVIEW_PANEL_01_ML_ENGINEER,ML_ENGINEER,2027-01-15T10:00:00+09:00,2027-01-15T10:30:00+09:00
APP0342_SECOND_INTERVIEW_VALUES_BEHAVIOR_INTERVIEW,SECOND_INTERVIEW_PANEL_01_HIRING_MANAGER,HIRING_MANAGER,2027-01-15T10:00:00+09:00,2027-01-15T10:30:00+09:00
APP0228_SECOND_INTERVIEW_VALUES_BEHAVIOR_INTERVIEW,SECOND_INTERVIEW_PANEL_01_ML_ENGINEER,ML_ENGINEER,2027-01-11T10:15:00+09:00,2027-01-11T10:45:00+09:00
APP0228_SECOND_INTERVIEW_VALUES_BEHAVIOR_INTERVIEW,SECOND_INTERVIEW_PANEL_01_HIRING_MANAGER,HIRING_MANAGER,2027-01-11T10:15:00+09:00,2027-01-11T10:45:00+09:00
APP0238_SECOND_INTERVIEW_VALUES_BEHAVIOR_INTERVIEW,SECOND_INTERVIEW_PANEL_01_ML_ENGINEER,ML_ENGINEER,2027-01-16T10:15:00+09:00,2027-01-16T10:45:00+09:00
APP0238_SECOND_INTERVIEW_VALUES_BEHAVIOR_INTERVIEW,SECOND_INTERVIEW_PANEL_01_HIRING_MANAGER,HIRING_MANAGER,2027-01-16T10:15:00+09:00,2027-01-16T10:45:00+09:00
APP0300_SECOND_INTERVIEW_VALUES_BEHAVIOR_INTERVIEW,SECOND_INTERVIEW_PANEL_01_ML_ENGINEER,ML_ENGINEER,2027-01-09T10:15:00+09:00,2027-01-09T10:45:00+09:00
APP0300_SECOND_INTERVIEW_VALUES_BEHAVIOR_INTERVIEW,SECOND_INTERVIEW_PANEL_01_HIRING_MANAGER,HIRING_MANAGER,2027-01-09T10:15:00+09:00,2027-01-09T10:45:00+09:00
APP0285_SECOND_INTERVIEW_VALUES_BEHAVIOR_INTERVIEW,SECOND_INTERVIEW_PANEL_01_ML_ENGINEER,ML_ENGINEER,2027-01-10T10:00:00+09:00,2027-01-10T10:30:00+09:00
APP0285_SECOND_INTERVIEW_VALUES_BEHAVIOR_INTERVIEW,SECOND_INTERVIEW_PANEL_01_HIRING_MANAGER,HIRING_MANAGER,2027-01-10T10:00:00+09:00,2027-01-10T10:30:00+09:00
APP0285_SECOND_INTERVIEW_CALIBRATION,SECOND_INTERVIEW_PANEL_01_ML_ENGINEER,ML_ENGINEER,2027-01-10T10:30:00+09:00,2027-01-10T10:45:00+09:00
APP0285_SECOND_INTERVIEW_CALIBRATION,SECOND_INTERVIEW_PANEL_01_HIRING_MANAGER,HIRING_MANAGER,2027-01-10T10:30:00+09:00,2027-01-10T10:45:00+09:00
APP0297_SECOND_INTERVIEW_VALUES_BEHAVIOR_INTERVIEW,SECOND_INTERVIEW_PANEL_01_ML_ENGINEER,ML_ENGINEER,2027-01-11T10:45:00+09:00,2027-01-11T11:15:00+09:00
APP0297_SECOND_INTERVIEW_VALUES_BEHAVIOR_INTERVIEW,SECOND_INTERVIEW_PANEL_01_HIRING_MANAGER,HIRING_MANAGER,2027-01-11T10:45:00+09:00,2027-01-11T11:15:00+09:00
APP0037_FINAL_REVIEW_FINAL_REVIEW_DISCUSSION,FINAL_REVIEW_PANEL_01_ML_ENGINEER,ML_ENGINEER,2027-01-02T10:45:00+09:00,2027-01-02T11:10:00+09:00
APP0037_FINAL_REVIEW_FINAL_REVIEW_DISCUSSION,FINAL_REVIEW_PANEL_01_HIRING_MANAGER,HIRING_MANAGER,2027-01-02T10:45:00+09:00,2027-01-02T11:10:00+09:00
APP0037_FINAL_REVIEW_FOCUSED_FOLLOW_UP,FINAL_REVIEW_PANEL_01_ML_ENGINEER,ML_ENGINEER,2027-01-11T11:10:00+09:00,2027-01-11T11:50:00+09:00
APP0037_FINAL_REVIEW_FOCUSED_FOLLOW_UP,FINAL_REVIEW_PANEL_01_HIRING_MANAGER,HIRING_MANAGER,2027-01-11T11:10:00+09:00,2027-01-11T11:50:00+09:00
APP0037_FINAL_REVIEW_FOLLOW_UP_CALIBRATION,FINAL_REVIEW_PANEL_01_ML_ENGINEER,ML_ENGINEER,2027-01-11T11:50:00+09:00,2027-01-11T12:05:00+09:00
APP0037_FINAL_REVIEW_FOLLOW_UP_CALIBRATION,FINAL_REVIEW_PANEL_01_HIRING_MANAGER,HIRING_MANAGER,2027-01-11T11:50:00+09:00,2027-01-11T12:05:00+09:00
APP0070_FINAL_REVIEW_FINAL_REVIEW_DISCUSSION,FINAL_REVIEW_PANEL_01_ML_ENGINEER,ML_ENGINEER,2027-01-07T11:15:00+09:00,2027-01-07T11:35:00+09:00
APP0070_FINAL_REVIEW_FINAL_REVIEW_DISCUSSION,FINAL_REVIEW_PANEL_01_HIRING_MANAGER,HIRING_MANAGER,2027-01-07T11:15:00+09:00,2027-01-07T11:35:00+09:00
APP0046_FINAL_REVIEW_FINAL_REVIEW_DISCUSSION,FINAL_REVIEW_PANEL_01_ML_ENGINEER,ML_ENGINEER,2027-01-09T10:45:00+09:00,2027-01-09T11:10:00+09:00
APP0046_FINAL_REVIEW_FINAL_REVIEW_DISCUSSION,FINAL_REVIEW_PANEL_01_HIRING_MANAGER,HIRING_MANAGER,2027-01-09T10:45:00+09:00,2027-01-09T11:10:00+09:00
APP0046_FINAL_REVIEW_FOCUSED_FOLLOW_UP,FINAL_REVIEW_PANEL_01_ML_ENGINEER,ML_ENGINEER,2027-01-19T11:10:00+09:00,2027-01-19T11:50:00+09:00
APP0046_FINAL_REVIEW_FOCUSED_FOLLOW_UP,FINAL_REVIEW_PANEL_01_HIRING_MANAGER,HIRING_MANAGER,2027-01-19T11:10:00+09:00,2027-01-19T11:50:00+09:00
APP0046_FINAL_REVIEW_FOLLOW_UP_CALIBRATION,FINAL_REVIEW_PANEL_01_ML_ENGINEER,ML_ENGINEER,2027-01-19T11:50:00+09:00,2027-01-19T12:05:00+09:00
APP0046_FINAL_REVIEW_FOLLOW_UP_CALIBRATION,FINAL_REVIEW_PANEL_01_HIRING_MANAGER,HIRING_MANAGER,2027-01-19T11:50:00+09:00,2027-01-19T12:05:00+09:00
APP0155_FINAL_REVIEW_FINAL_REVIEW_DISCUSSION,FINAL_REVIEW_PANEL_01_ML_ENGINEER,ML_ENGINEER,2027-01-10T10:30:00+09:00,2027-01-10T11:00:00+09:00
APP0155_FINAL_REVIEW_FINAL_REVIEW_DISCUSSION,FINAL_REVIEW_PANEL_01_HIRING_MANAGER,HIRING_MANAGER,2027-01-10T10:30:00+09:00,2027-01-10T11:00:00+09:00
APP0005_FINAL_REVIEW_FINAL_REVIEW_DISCUSSION,FINAL_REVIEW_PANEL_01_ML_ENGINEER,ML_ENGINEER,2027-01-10T11:00:00+09:00,2027-01-10T11:30:00+09:00
APP0005_FINAL_REVIEW_FINAL_REVIEW_DISCUSSION,FINAL_REVIEW_PANEL_01_HIRING_MANAGER,HIRING_MANAGER,2027-01-10T11:00:00+09:00,2027-01-10T11:30:00+09:00
APP0005_FINAL_REVIEW_FOCUSED_FOLLOW_UP,FINAL_REVIEW_PANEL_01_ML_ENGINEER,ML_ENGINEER,2027-01-20T11:30:00+09:00,2027-01-20T12:20:00+09:00
APP0005_FINAL_REVIEW_FOCUSED_FOLLOW_UP,FINAL_REVIEW_PANEL_01_HIRING_MANAGER,HIRING_MANAGER,2027-01-20T11:30:00+09:00,2027-01-20T12:20:00+09:00
APP0082_FINAL_REVIEW_FINAL_REVIEW_DISCUSSION,FINAL_REVIEW_PANEL_01_ML_ENGINEER,ML_ENGINEER,2027-01-16T11:15:00+09:00,2027-01-16T11:40:00+09:00
APP0082_FINAL_REVIEW_FINAL_REVIEW_DISCUSSION,FINAL_REVIEW_PANEL_01_HIRING_MANAGER,HIRING_MANAGER,2027-01-16T11:15:00+09:00,2027-01-16T11:40:00+09:00
APP0181_FINAL_REVIEW_FINAL_REVIEW_DISCUSSION,FINAL_REVIEW_PANEL_01_ML_ENGINEER,ML_ENGINEER,2027-01-17T10:45:00+09:00,2027-01-17T11:05:00+09:00
APP0181_FINAL_REVIEW_FINAL_REVIEW_DISCUSSION,FINAL_REVIEW_PANEL_01_HIRING_MANAGER,HIRING_MANAGER,2027-01-17T10:45:00+09:00,2027-01-17T11:05:00+09:00
APP0285_FINAL_REVIEW_FINAL_REVIEW_DISCUSSION,FINAL_REVIEW_PANEL_01_ML_ENGINEER,ML_ENGINEER,2027-01-19T10:45:00+09:00,2027-01-19T11:10:00+09:00
APP0285_FINAL_REVIEW_FINAL_REVIEW_DISCUSSION,FINAL_REVIEW_PANEL_01_HIRING_MANAGER,HIRING_MANAGER,2027-01-19T10:45:00+09:00,2027-01-19T11:10:00+09:00
APP0285_FINAL_REVIEW_FOCUSED_FOLLOW_UP,FINAL_REVIEW_PANEL_01_ML_ENGINEER,ML_ENGINEER,2027-01-27T11:10:00+09:00,2027-01-27T11:50:00+09:00
APP0285_FINAL_REVIEW_FOCUSED_FOLLOW_UP,FINAL_REVIEW_PANEL_01_HIRING_MANAGER,HIRING_MANAGER,2027-01-27T11:10:00+09:00,2027-01-27T11:50:00+09:00
APP0228_FINAL_REVIEW_FINAL_REVIEW_DISCUSSION,FINAL_REVIEW_PANEL_01_ML_ENGINEER,ML_ENGINEER,2027-01-19T12:05:00+09:00,2027-01-19T12:30:00+09:00
APP0228_FINAL_REVIEW_FINAL_REVIEW_DISCUSSION,FINAL_REVIEW_PANEL_01_HIRING_MANAGER,HIRING_MANAGER,2027-01-19T12:05:00+09:00,2027-01-19T12:30:00+09:00
APP0228_FINAL_REVIEW_FOCUSED_FOLLOW_UP,FINAL_REVIEW_PANEL_01_ML_ENGINEER,ML_ENGINEER,2027-01-31T12:30:00+09:00,2027-01-31T13:00:00+09:00
APP0228_FINAL_REVIEW_FOCUSED_FOLLOW_UP,FINAL_REVIEW_PANEL_01_HIRING_MANAGER,HIRING_MANAGER,2027-01-31T12:30:00+09:00,2027-01-31T13:00:00+09:00
APP0228_FINAL_REVIEW_FOLLOW_UP_CALIBRATION,FINAL_REVIEW_PANEL_01_ML_ENGINEER,ML_ENGINEER,2027-01-31T13:00:00+09:00,2027-01-31T13:15:00+09:00
APP0228_FINAL_REVIEW_FOLLOW_UP_CALIBRATION,FINAL_REVIEW_PANEL_01_HIRING_MANAGER,HIRING_MANAGER,2027-01-31T13:00:00+09:00,2027-01-31T13:15:00+09:00
APP0297_FINAL_REVIEW_FINAL_REVIEW_DISCUSSION,FINAL_REVIEW_PANEL_01_ML_ENGINEER,ML_ENGINEER,2027-01-16T11:40:00+09:00,2027-01-16T12:00:00+09:00
APP0297_FINAL_REVIEW_FINAL_REVIEW_DISCUSSION,FINAL_REVIEW_PANEL_01_HIRING_MANAGER,HIRING_MANAGER,2027-01-16T11:40:00+09:00,2027-01-16T12:00:00+09:00
APP0297_FINAL_REVIEW_FOCUSED_FOLLOW_UP,FINAL_REVIEW_PANEL_01_ML_ENGINEER,ML_ENGINEER,2027-01-24T12:00:00+09:00,2027-01-24T12:40:00+09:00
APP0297_FINAL_REVIEW_FOCUSED_FOLLOW_UP,FINAL_REVIEW_PANEL_01_HIRING_MANAGER,HIRING_MANAGER,2027-01-24T12:00:00+09:00,2027-01-24T12:40:00+09:00
APP0300_FINAL_REVIEW_FINAL_REVIEW_DISCUSSION,FINAL_REVIEW_PANEL_01_ML_ENGINEER,ML_ENGINEER,2027-01-20T10:45:00+09:00,2027-01-20T11:10:00+09:00
APP0300_FINAL_REVIEW_FINAL_REVIEW_DISCUSSION,FINAL_REVIEW_PANEL_01_HIRING_MANAGER,HIRING_MANAGER,2027-01-20T10:45:00+09:00,2027-01-20T11:10:00+09:00
APP0342_FINAL_REVIEW_FINAL_REVIEW_DISCUSSION,FINAL_REVIEW_PANEL_01_ML_ENGINEER,ML_ENGINEER,2027-01-21T10:30:00+09:00,2027-01-21T10:50:00+09:00
APP0342_FINAL_REVIEW_FINAL_REVIEW_DISCUSSION,FINAL_REVIEW_PANEL_01_HIRING_MANAGER,HIRING_MANAGER,2027-01-21T10:30:00+09:00,2027-01-21T10:50:00+09:00
APP0216_FINAL_REVIEW_FINAL_REVIEW_DISCUSSION,FINAL_REVIEW_PANEL_01_ML_ENGINEER,ML_ENGINEER,2027-01-21T10:50:00+09:00,2027-01-21T11:15:00+09:00
APP0216_FINAL_REVIEW_FINAL_REVIEW_DISCUSSION,FINAL_REVIEW_PANEL_01_HIRING_MANAGER,HIRING_MANAGER,2027-01-21T10:50:00+09:00,2027-01-21T11:15:00+09:00
APP0238_FINAL_REVIEW_FINAL_REVIEW_DISCUSSION,FINAL_REVIEW_PANEL_01_ML_ENGINEER,ML_ENGINEER,2027-01-27T10:45:00+09:00,2027-01-27T11:10:00+09:00
APP0238_FINAL_REVIEW_FINAL_REVIEW_DISCUSSION,FINAL_REVIEW_PANEL_01_HIRING_MANAGER,HIRING_MANAGER,2027-01-27T10:45:00+09:00,2027-01-27T11:10:00+09:00
