allocation_id,stage_event_id,activity_id,participant_id,purpose,event_type,person_hours,effective_at,reason_code
EA_000000,APP0004_FIRST_INTERVIEW,,FIRST_PANEL_01_ML_ENGINEER,INTERVIEW,RESERVED,1.0,2026-12-04T16:21:00+09:00,SCHEDULED_ALLOCATION
EA_000001,APP0004_FIRST_INTERVIEW,,FIRST_PANEL_01_HIRING_MANAGER,INTERVIEW,RESERVED,1.0,2026-12-04T16:21:00+09:00,SCHEDULED_ALLOCATION
EA_000002,APP0004_FIRST_INTERVIEW,,FIRST_PANEL_01_TECHNICAL_REVIEWER,INTERVIEW,RESERVED,1.0,2026-12-04T16:21:00+09:00,SCHEDULED_ALLOCATION
EA_000003,APP0004_FIRST_INTERVIEW,,FIRST_PANEL_01_ML_ENGINEER,INTERVIEW,RELEASED,1.0,2026-12-11T09:00:00+09:00,NO_RESPONSE_UNUSED
EA_000004,APP0004_FIRST_INTERVIEW,,FIRST_PANEL_01_HIRING_MANAGER,INTERVIEW,RELEASED,1.0,2026-12-11T09:00:00+09:00,NO_RESPONSE_UNUSED
EA_000005,APP0004_FIRST_INTERVIEW,,FIRST_PANEL_01_TECHNICAL_REVIEWER,INTERVIEW,RELEASED,1.0,2026-12-11T09:00:00+09:00,NO_RESPONSE_UNUSED
EA_000006,APP0005_FIRST_INTERVIEW,,FIRST_PANEL_02_ML_ENGINEER,INTERVIEW,RESERVED,1.0,2026-12-04T16:21:00+09:00,SCHEDULED_ALLOCATION
EA_000007,APP0005_FIRST_INTERVIEW,,FIRST_PANEL_02_HIRING_MANAGER,INTERVIEW,RESERVED,1.0,2026-12-04T16:21:00+09:00,SCHEDULED_ALLOCATION
EA_000008,APP0005_FIRST_INTERVIEW,,FIRST_PANEL_02_TECHNICAL_REVIEWER,INTERVIEW,RESERVED,1.0,2026-12-04T16:21:00+09:00,SCHEDULED_ALLOCATION
EA_000009,APP0005_FIRST_INTERVIEW,APP0005_FIRST_INTERVIEW_FIRST_INTERVIEW_SESSION,FIRST_PANEL_02_ML_ENGINEER,INTERVIEW,CONSUMED,1.0,2026-12-10T10:00:00+09:00,ACTUAL_PARTICIPATION
EA_000010,APP0005_FIRST_INTERVIEW,APP0005_FIRST_INTERVIEW_FIRST_INTERVIEW_SESSION,FIRST_PANEL_02_HIRING_MANAGER,INTERVIEW,CONSUMED,1.0,2026-12-10T10:00:00+09:00,ACTUAL_PARTICIPATION
EA_000011,APP0005_FIRST_INTERVIEW,APP0005_FIRST_INTERVIEW_FIRST_INTERVIEW_SESSION,FIRST_PANEL_02_TECHNICAL_REVIEWER,INTERVIEW,CONSUMED,1.0,2026-12-10T10:00:00+09:00,ACTUAL_PARTICIPATION
EA_000012,APP0005_FIRST_INTERVIEW,APP0005_FIRST_INTERVIEW_CALIBRATION,FIRST_PANEL_02_ML_ENGINEER,CALIBRATION,RESERVED,0.25,2026-12-10T10:00:00+09:00,CALIBRATION_REQUIRED
EA_000013,APP0005_FIRST_INTERVIEW,APP0005_FIRST_INTERVIEW_CALIBRATION,FIRST_PANEL_02_ML_ENGINEER,CALIBRATION,CONSUMED,0.25,2026-12-10T10:15:00+09:00,ACTUAL_PARTICIPATION
EA_000014,APP0005_FIRST_INTERVIEW,APP0005_FIRST_INTERVIEW_CALIBRATION,FIRST_PANEL_02_HIRING_MANAGER,CALIBRATION,RESERVED,0.25,2026-12-10T10:00:00+09:00,CALIBRATION_REQUIRED
EA_000015,APP0005_FIRST_INTERVIEW,APP0005_FIRST_INTERVIEW_CALIBRATION,FIRST_PANEL_02_HIRING_MANAGER,CALIBRATION,CONSUMED,0.25,2026-12-10T10:15:00+09:00,ACTUAL_PARTICIPATION
EA_000016,APP0025_FIRST_INTERVIEW,,FIRST_PANEL_03_ML_ENGINEER,INTERVIEW,RESERVED,1.0,2026-12-04T16:21:00+09:00,SCHEDULED_ALLOCATION
EA_000017,APP0025_FIRST_INTERVIEW,,FIRST_PANEL_03_HIRING_MANAGER,INTERVIEW,RESERVED,1.0,2026-12-04T16:21:00+09:00,SCHEDULED_ALLOCATION
EA_000018,APP0025_FIRST_INTERVIEW,,FIRST_PANEL_03_TECHNICAL_REVIEWER,INTERVIEW,RESERVED,1.0,2026-12-04T16:21:00+09:00,SCHEDULED_ALLOCATION
EA_000019,APP0025_FIRST_INTERVIEW,APP0025_FIRST_INTERVIEW_FIRST_INTERVIEW_SESSION,FIRST_PANEL_03_ML_ENGINEER,INTERVIEW,CONSUMED,1.0,2026-12-10T10:00:00+09:00,ACTUAL_PARTICIPATION
EA_000020,APP0025_FIRST_INTERVIEW,APP0025_FIRST_INTERVIEW_FIRST_INTERVIEW_SESSION,FIRST_PANEL_03_HIRING_MANAGER,INTERVIEW,CONSUMED,1.0,2026-12-10T10:00:00+09:00,ACTUAL_PARTICIPATION
EA_000021,APP0025_FIRST_INTERVIEW,APP0025_FIRST_INTERVIEW_FIRST_INTERVIEW_SESSION,FIRST_PANEL_03_TECHNICAL_REVIEWER,INTERVIEW,CONSUMED,1.0,2026-12-10T10:00:00+09:00,ACTUAL_PARTICIPATION
EA_000022,APP0025_FIRST_INTERVIEW,APP0025_FIRST_INTERVIEW_CALIBRATION,FIRST_PANEL_03_ML_ENGINEER,CALIBRATION,RESERVED,0.25,2026-12-10T10:00:00+09:00,CALIBRATION_REQUIRED
EA_000023,APP0025_FIRST_INTERVIEW,APP0025_FIRST_INTERVIEW_CALIBRATION,FIRST_PANEL_03_ML_ENGINEER,CALIBRATION,CONSUMED,0.25,2026-12-10T10:15:00+09:00,ACTUAL_PARTICIPATION
EA_000024,APP0025_FIRST_INTERVIEW,APP0025_FIRST_INTERVIEW_CALIBRATION,FIRST_PANEL_03_HIRING_MANAGER,CALIBRATION,RESERVED,0.25,2026-12-10T10:00:00+09:00,CALIBRATION_REQUIRED
EA_000025,APP0025_FIRST_INTERVIEW,APP0025_FIRST_INTERVIEW_CALIBRATION,FIRST_PANEL_03_HIRING_MANAGER,CALIBRATION,CONSUMED,0.25,2026-12-10T10:15:00+09:00,ACTUAL_PARTICIPATION
EA_000026,APP0031_FIRST_INTERVIEW,,FIRST_PANEL_04_ML_ENGINEER,INTERVIEW,RESERVED,1.0,2026-12-04T16:21:00+09:00,SCHEDULED_ALLOCATION
EA_000027,APP0031_FIRST_INTERVIEW,,FIRST_PANEL_04_HIRING_MANAGER,INTERVIEW,RESERVED,1.0,2026-12-04T16:21:00+09:00,SCHEDULED_ALLOCATION
EA_000028,APP0031_FIRST_INTERVIEW,,FIRST_PANEL_04_TECHNICAL_REVIEWER,INTERVIEW,RESERVED,1.0,2026-12-04T16:21:00+09:00,SCHEDULED_ALLOCATION
EA_000029,APP0031_FIRST_INTERVIEW,APP0031_FIRST_INTERVIEW_FIRST_INTERVIEW_SESSION,FIRST_PANEL_04_ML_ENGINEER,INTERVIEW,CONSUMED,1.0,2026-12-10T10:00:00+09:00,ACTUAL_PARTICIPATION
EA_000030,APP0031_FIRST_INTERVIEW,APP0031_FIRST_INTERVIEW_FIRST_INTERVIEW_SESSION,FIRST_PANEL_04_HIRING_MANAGER,INTERVIEW,CONSUMED,1.0,2026-12-10T10:00:00+09:00,ACTUAL_PARTICIPATION
EA_000031,APP0031_FIRST_INTERVIEW,APP0031_FIRST_INTERVIEW_FIRST_INTERVIEW_SESSION,FIRST_PANEL_04_TECHNICAL_REVIEWER,INTERVIEW,CONSUMED,1.0,2026-12-10T10:00:00+09:00,ACTUAL_PARTICIPATION
EA_000032,APP0031_FIRST_INTERVIEW,APP0031_FIRST_INTERVIEW_CALIBRATION,FIRST_PANEL_04_ML_ENGINEER,CALIBRATION,RESERVED,0.25,2026-12-10T10:00:00+09:00,CALIBRATION_REQUIRED
EA_000033,APP0031_FIRST_INTERVIEW,APP0031_FIRST_INTERVIEW_CALIBRATION,FIRST_PANEL_04_ML_ENGINEER,CALIBRATION,CONSUMED,0.25,2026-12-10T10:15:00+09:00,ACTUAL_PARTICIPATION
EA_000034,APP0031_FIRST_INTERVIEW,APP0031_FIRST_INTERVIEW_CALIBRATION,FIRST_PANEL_04_HIRING_MANAGER,CALIBRATION,RESERVED,0.25,2026-12-10T10:00:00+09:00,CALIBRATION_REQUIRED
EA_000035,APP0031_FIRST_INTERVIEW,APP0031_FIRST_INTERVIEW_CALIBRATION,FIRST_PANEL_04_HIRING_MANAGER,CALIBRATION,CONSUMED,0.25,2026-12-10T10:15:00+09:00,ACTUAL_PARTICIPATION
EA_000036,APP0037_FIRST_INTERVIEW,,FIRST_PANEL_05_ML_ENGINEER,INTERVIEW,RESERVED,1.0,2026-12-04T16:21:00+09:00,SCHEDULED_ALLOCATION
EA_000037,APP0037_FIRST_INTERVIEW,,FIRST_PANEL_05_HIRING_MANAGER,INTERVIEW,RESERVED,1.0,2026-12-04T16:21:00+09:00,SCHEDULED_ALLOCATION
EA_000038,APP0037_FIRST_INTERVIEW,,FIRST_PANEL_05_TECHNICAL_REVIEWER,INTERVIEW,RESERVED,1.0,2026-12-04T16:21:00+09:00,SCHEDULED_ALLOCATION
EA_000039,APP0037_FIRST_INTERVIEW,APP0037_FIRST_INTERVIEW_FIRST_INTERVIEW_SESSION,FIRST_PANEL_05_ML_ENGINEER,INTERVIEW,CONSUMED,1.0,2026-12-10T10:00:00+09:00,ACTUAL_PARTICIPATION
EA_000040,APP0037_FIRST_INTERVIEW,APP0037_FIRST_INTERVIEW_FIRST_INTERVIEW_SESSION,FIRST_PANEL_05_HIRING_MANAGER,INTERVIEW,CONSUMED,1.0,2026-12-10T10:00:00+09:00,ACTUAL_PARTICIPATION
EA_000041,APP0037_FIRST_INTERVIEW,APP0037_FIRST_INTERVIEW_FIRST_INTERVIEW_SESSION,FIRST_PANEL_05_TECHNICAL_REVIEWER,INTERVIEW,CONSUMED,1.0,2026-12-10T10:00:00+09:00,ACTUAL_PARTICIPATION
EA_000042,APP0039_FIRST_INTERVIEW,,FIRST_PANEL_06_ML_ENGINEER,INTERVIEW,RESERVED,1.0,2026-12-04T16:21:00+09:00,SCHEDULED_ALLOCATION
EA_000043,APP0039_FIRST_INTERVIEW,,FIRST_PANEL_06_HIRING_MANAGER,INTERVIEW,RESERVED,1.0,2026-12-04T16:21:00+09:00,SCHEDULED_ALLOCATION
EA_000044,APP0039_FIRST_INTERVIEW,,FIRST_PANEL_06_TECHNICAL_REVIEWER,INTERVIEW,RESERVED,1.0,2026-12-04T16:21:00+09:00,SCHEDULED_ALLOCATION
EA_000045,APP0039_FIRST_INTERVIEW,APP0039_FIRST_INTERVIEW_FIRST_INTERVIEW_SESSION,FIRST_PANEL_06_ML_ENGINEER,INTERVIEW,CONSUMED,1.0,2026-12-10T10:00:00+09:00,ACTUAL_PARTICIPATION
EA_000046,APP0039_FIRST_INTERVIEW,APP0039_FIRST_INTERVIEW_FIRST_INTERVIEW_SESSION,FIRST_PANEL_06_HIRING_MANAGER,INTERVIEW,CONSUMED,1.0,2026-12-10T10:00:00+09:00,ACTUAL_PARTICIPATION
EA_000047,APP0039_FIRST_INTERVIEW,APP0039_FIRST_INTERVIEW_FIRST_INTERVIEW_SESSION,FIRST_PANEL_06_TECHNICAL_REVIEWER,INTERVIEW,CONSUMED,1.0,2026-12-10T10:00:00+09:00,ACTUAL_PARTICIPATION
EA_000048,APP0046_FIRST_INTERVIEW,,FIRST_PANEL_07_ML_ENGINEER,INTERVIEW,RESERVED,1.0,2026-12-04T16:21:00+09:00,SCHEDULED_ALLOCATION
EA_000049,APP0046_FIRST_INTERVIEW,,FIRST_PANEL_07_HIRING_MANAGER,INTERVIEW,RESERVED,1.0,2026-12-04T16:21:00+09:00,SCHEDULED_ALLOCATION
EA_000050,APP0046_FIRST_INTERVIEW,,FIRST_PANEL_07_TECHNICAL_REVIEWER,INTERVIEW,RESERVED,1.0,2026-12-04T16:21:00+09:00,SCHEDULED_ALLOCATION
EA_000051,APP0046_FIRST_INTERVIEW,APP0046_FIRST_INTERVIEW_FIRST_INTERVIEW_SESSION,FIRST_PANEL_07_ML_ENGINEER,INTERVIEW,CONSUMED,1.0,2026-12-10T10:00:00+09:00,ACTUAL_PARTICIPATION
EA_000052,APP0046_FIRST_INTERVIEW,APP0046_FIRST_INTERVIEW_FIRST_INTERVIEW_SESSION,FIRST_PANEL_07_HIRING_MANAGER,INTERVIEW,CONSUMED,1.0,2026-12-10T10:00:00+09:00,ACTUAL_PARTICIPATION
EA_000053,APP0046_FIRST_INTERVIEW,APP0046_FIRST_INTERVIEW_FIRST_INTERVIEW_SESSION,FIRST_PANEL_07_TECHNICAL_REVIEWER,INTERVIEW,CONSUMED,1.0,2026-12-10T10:00:00+09:00,ACTUAL_PARTICIPATION
EA_000054,APP0046_FIRST_INTERVIEW,APP0046_FIRST_INTERVIEW_CALIBRATION,FIRST_PANEL_07_ML_ENGINEER,CALIBRATION,RESERVED,0.25,2026-12-10T10:00:00+09:00,CALIBRATION_REQUIRED
EA_000055,APP0046_FIRST_INTERVIEW,APP0046_FIRST_INTERVIEW_CALIBRATION,FIRST_PANEL_07_ML_ENGINEER,CALIBRATION,CONSUMED,0.25,2026-12-10T10:15:00+09:00,ACTUAL_PARTICIPATION
EA_000056,APP0046_FIRST_INTERVIEW,APP0046_FIRST_INTERVIEW_CALIBRATION,FIRST_PANEL_07_HIRING_MANAGER,CALIBRATION,RESERVED,0.25,2026-12-10T10:00:00+09:00,CALIBRATION_REQUIRED
EA_000057,APP0046_FIRST_INTERVIEW,APP0046_FIRST_INTERVIEW_CALIBRATION,FIRST_PANEL_07_HIRING_MANAGER,CALIBRATION,CONSUMED,0.25,2026-12-10T10:15:00+09:00,ACTUAL_PARTICIPATION
EA_000058,APP0052_FIRST_INTERVIEW,,FIRST_PANEL_08_ML_ENGINEER,INTERVIEW,RESERVED,1.0,2026-12-04T16:21:00+09:00,SCHEDULED_ALLOCATION
EA_000059,APP0052_FIRST_INTERVIEW,,FIRST_PANEL_08_HIRING_MANAGER,INTERVIEW,RESERVED,1.0,2026-12-04T16:21:00+09:00,SCHEDULED_ALLOCATION
EA_000060,APP0052_FIRST_INTERVIEW,,FIRST_PANEL_08_TECHNICAL_REVIEWER,INTERVIEW,RESERVED,1.0,2026-12-04T16:21:00+09:00,SCHEDULED_ALLOCATION
EA_000061,APP0052_FIRST_INTERVIEW,,FIRST_PANEL_08_ML_ENGINEER,INTERVIEW,RELEASED,1.0,2026-12-11T09:00:00+09:00,NO_RESPONSE_UNUSED
EA_000062,APP0052_FIRST_INTERVIEW,,FIRST_PANEL_08_HIRING_MANAGER,INTERVIEW,RELEASED,1.0,2026-12-11T09:00:00+09:00,NO_RESPONSE_UNUSED
EA_000063,APP0052_FIRST_INTERVIEW,,FIRST_PANEL_08_TECHNICAL_REVIEWER,INTERVIEW,RELEASED,1.0,2026-12-11T09:00:00+09:00,NO_RESPONSE_UNUSED
EA_000064,APP0056_FIRST_INTERVIEW,,FIRST_PANEL_09_ML_ENGINEER,INTERVIEW,RESERVED,1.0,2026-12-04T16:21:00+09:00,SCHEDULED_ALLOCATION
EA_000065,APP0056_FIRST_INTERVIEW,,FIRST_PANEL_09_HIRING_MANAGER,INTERVIEW,RESERVED,1.0,2026-12-04T16:21:00+09:00,SCHEDULED_ALLOCATION
EA_000066,APP0056_FIRST_INTERVIEW,,FIRST_PANEL_09_TECHNICAL_REVIEWER,INTERVIEW,RESERVED,1.0,2026-12-04T16:21:00+09:00,SCHEDULED_ALLOCATION
EA_000067,APP0056_FIRST_INTERVIEW,APP0056_FIRST_INTERVIEW_FIRST_INTERVIEW_SESSION,FIRST_PANEL_09_ML_ENGINEER,INTERVIEW,CONSUMED,1.0,2026-12-10T10:00:00+09:00,ACTUAL_PARTICIPATION
EA_000068,APP0056_FIRST_INTERVIEW,APP0056_FIRST_INTERVIEW_FIRST_INTERVIEW_SESSION,FIRST_PANEL_09_HIRING_MANAGER,INTERVIEW,CONSUMED,1.0,2026-12-10T10:00:00+09:00,ACTUAL_PARTICIPATION
EA_000069,APP0056_FIRST_INTERVIEW,APP0056_FIRST_INTERVIEW_FIRST_INTERVIEW_SESSION,FIRST_PANEL_09_TECHNICAL_REVIEWER,INTERVIEW,CONSUMED,1.0,2026-12-10T10:00:00+09:00,ACTUAL_PARTICIPATION
EA_000070,APP0056_FIRST_INTERVIEW,APP0056_FIRST_INTERVIEW_CALIBRATION,FIRST_PANEL_09_ML_ENGINEER,CALIBRATION,RESERVED,0.25,2026-12-10T10:00:00+09:00,CALIBRATION_REQUIRED
EA_000071,APP0056_FIRST_INTERVIEW,APP0056_FIRST_INTERVIEW_CALIBRATION,FIRST_PANEL_09_ML_ENGINEER,CALIBRATION,CONSUMED,0.25,2026-12-10T10:15:00+09:00,ACTUAL_PARTICIPATION
EA_000072,APP0056_FIRST_INTERVIEW,APP0056_FIRST_INTERVIEW_CALIBRATION,FIRST_PANEL_09_HIRING_MANAGER,CALIBRATION,RESERVED,0.25,2026-12-10T10:00:00+09:00,CALIBRATION_REQUIRED
EA_000073,APP0056_FIRST_INTERVIEW,APP0056_FIRST_INTERVIEW_CALIBRATION,FIRST_PANEL_09_HIRING_MANAGER,CALIBRATION,CONSUMED,0.25,2026-12-10T10:15:00+09:00,ACTUAL_PARTICIPATION
EA_000074,APP0058_FIRST_INTERVIEW,,FIRST_PANEL_10_ML_ENGINEER,INTERVIEW,RESERVED,1.0,2026-12-04T16:21:00+09:00,SCHEDULED_ALLOCATION
EA_000075,APP0058_FIRST_INTERVIEW,,FIRST_PANEL_10_HIRING_MANAGER,INTERVIEW,RESERVED,1.0,2026-12-04T16:21:00+09:00,SCHEDULED_ALLOCATION
EA_000076,APP0058_FIRST_INTERVIEW,,FIRST_PANEL_10_TECHNICAL_REVIEWER,INTERVIEW,RESERVED,1.0,2026-12-04T16:21:00+09:00,SCHEDULED_ALLOCATION
EA_000077,APP0058_FIRST_INTERVIEW,APP0058_FIRST_INTERVIEW_FIRST_INTERVIEW_SESSION,FIRST_PANEL_10_ML_ENGINEER,INTERVIEW,CONSUMED,1.0,2026-12-10T10:00:00+09:00,ACTUAL_PARTICIPATION
EA_000078,APP0058_FIRST_INTERVIEW,APP0058_FIRST_INTERVIEW_FIRST_INTERVIEW_SESSION,FIRST_PANEL_10_HIRING_MANAGER,INTERVIEW,CONSUMED,1.0,2026-12-10T10:00:00+09:00,ACTUAL_PARTICIPATION
EA_000079,APP0058_FIRST_INTERVIEW,APP0058_FIRST_INTERVIEW_FIRST_INTERVIEW_SESSION,FIRST_PANEL_10_TECHNICAL_REVIEWER,INTERVIEW,CONSUMED,1.0,2026-12-10T10:00:00+09:00,ACTUAL_PARTICIPATION
EA_000080,APP0058_FIRST_INTERVIEW,APP0058_FIRST_INTERVIEW_CALIBRATION,FIRST_PANEL_10_ML_ENGINEER,CALIBRATION,RESERVED,0.25,2026-12-10T10:00:00+09:00,CALIBRATION_REQUIRED
EA_000081,APP0058_FIRST_INTERVIEW,APP0058_FIRST_INTERVIEW_CALIBRATION,FIRST_PANEL_10_ML_ENGINEER,CALIBRATION,CONSUMED,0.25,2026-12-10T10:15:00+09:00,ACTUAL_PARTICIPATION
EA_000082,APP0058_FIRST_INTERVIEW,APP0058_FIRST_INTERVIEW_CALIBRATION,FIRST_PANEL_10_HIRING_MANAGER,CALIBRATION,RESERVED,0.25,2026-12-10T10:00:00+09:00,CALIBRATION_REQUIRED
EA_000083,APP0058_FIRST_INTERVIEW,APP0058_FIRST_INTERVIEW_CALIBRATION,FIRST_PANEL_10_HIRING_MANAGER,CALIBRATION,CONSUMED,0.25,2026-12-10T10:15:00+09:00,ACTUAL_PARTICIPATION
EA_000084,APP0061_FIRST_INTERVIEW,,FIRST_PANEL_01_ML_ENGINEER,INTERVIEW,RESERVED,1.0,2026-12-04T16:21:00+09:00,SCHEDULED_ALLOCATION
EA_000085,APP0061_FIRST_INTERVIEW,,FIRST_PANEL_01_HIRING_MANAGER,INTERVIEW,RESERVED,1.0,2026-12-04T16:21:00+09:00,SCHEDULED_ALLOCATION
EA_000086,APP0061_FIRST_INTERVIEW,,FIRST_PANEL_01_TECHNICAL_REVIEWER,INTERVIEW,RESERVED,1.0,2026-12-04T16:21:00+09:00,SCHEDULED_ALLOCATION
EA_000087,APP0061_FIRST_INTERVIEW,APP0061_FIRST_INTERVIEW_FIRST_INTERVIEW_SESSION,FIRST_PANEL_01_ML_ENGINEER,INTERVIEW,CONSUMED,1.0,2026-12-14T10:00:00+09:00,ACTUAL_PARTICIPATION
EA_000088,APP0061_FIRST_INTERVIEW,APP0061_FIRST_INTERVIEW_FIRST_INTERVIEW_SESSION,FIRST_PANEL_01_HIRING_MANAGER,INTERVIEW,CONSUMED,1.0,2026-12-14T10:00:00+09:00,ACTUAL_PARTICIPATION
EA_000089,APP0061_FIRST_INTERVIEW,APP0061_FIRST_INTERVIEW_FIRST_INTERVIEW_SESSION,FIRST_PANEL_01_TECHNICAL_REVIEWER,INTERVIEW,CONSUMED,1.0,2026-12-14T10:00:00+09:00,ACTUAL_PARTICIPATION
EA_000090,APP0061_FIRST_INTERVIEW,APP0061_FIRST_INTERVIEW_CALIBRATION,FIRST_PANEL_01_ML_ENGINEER,CALIBRATION,RESERVED,0.25,2026-12-14T10:00:00+09:00,CALIBRATION_REQUIRED
EA_000091,APP0061_FIRST_INTERVIEW,APP0061_FIRST_INTERVIEW_CALIBRATION,FIRST_PANEL_01_ML_ENGINEER,CALIBRATION,CONSUMED,0.25,2026-12-14T10:15:00+09:00,ACTUAL_PARTICIPATION
EA_000092,APP0061_FIRST_INTERVIEW,APP0061_FIRST_INTERVIEW_CALIBRATION,FIRST_PANEL_01_HIRING_MANAGER,CALIBRATION,RESERVED,0.25,2026-12-14T10:00:00+09:00,CALIBRATION_REQUIRED
EA_000093,APP0061_FIRST_INTERVIEW,APP0061_FIRST_INTERVIEW_CALIBRATION,FIRST_PANEL_01_HIRING_MANAGER,CALIBRATION,CONSUMED,0.25,2026-12-14T10:15:00+09:00,ACTUAL_PARTICIPATION
EA_000094,APP0064_FIRST_INTERVIEW,,FIRST_PANEL_02_ML_ENGINEER,INTERVIEW,RESERVED,1.0,2026-12-04T16:21:00+09:00,SCHEDULED_ALLOCATION
EA_000095,APP0064_FIRST_INTERVIEW,,FIRST_PANEL_02_HIRING_MANAGER,INTERVIEW,RESERVED,1.0,2026-12-04T16:21:00+09:00,SCHEDULED_ALLOCATION
EA_000096,APP0064_FIRST_INTERVIEW,,FIRST_PANEL_02_TECHNICAL_REVIEWER,INTERVIEW,RESERVED,1.0,2026-12-04T16:21:00+09:00,SCHEDULED_ALLOCATION
EA_000097,APP0064_FIRST_INTERVIEW,APP0064_FIRST_INTERVIEW_FIRST_INTERVIEW_SESSION,FIRST_PANEL_02_ML_ENGINEER,INTERVIEW,CONSUMED,1.0,2026-12-14T10:00:00+09:00,ACTUAL_PARTICIPATION
EA_000098,APP0064_FIRST_INTERVIEW,APP0064_FIRST_INTERVIEW_FIRST_INTERVIEW_SESSION,FIRST_PANEL_02_HIRING_MANAGER,INTERVIEW,CONSUMED,1.0,2026-12-14T10:00:00+09:00,ACTUAL_PARTICIPATION
EA_000099,APP0064_FIRST_INTERVIEW,APP0064_FIRST_INTERVIEW_FIRST_INTERVIEW_SESSION,FIRST_PANEL_02_TECHNICAL_REVIEWER,INTERVIEW,CONSUMED,1.0,2026-12-14T10:00:00+09:00,ACTUAL_PARTICIPATION
EA_000100,APP0064_FIRST_INTERVIEW,APP0064_FIRST_INTERVIEW_CALIBRATION,FIRST_PANEL_02_ML_ENGINEER,CALIBRATION,RESERVED,0.25,2026-12-14T10:00:00+09:00,CALIBRATION_REQUIRED
EA_000101,APP0064_FIRST_INTERVIEW,APP0064_FIRST_INTERVIEW_CALIBRATION,FIRST_PANEL_02_ML_ENGINEER,CALIBRATION,CONSUMED,0.25,2026-12-14T10:15:00+09:00,ACTUAL_PARTICIPATION
EA_000102,APP0064_FIRST_INTERVIEW,APP0064_FIRST_INTERVIEW_CALIBRATION,FIRST_PANEL_02_HIRING_MANAGER,CALIBRATION,RESERVED,0.25,2026-12-14T10:00:00+09:00,CALIBRATION_REQUIRED
EA_000103,APP0064_FIRST_INTERVIEW,APP0064_FIRST_INTERVIEW_CALIBRATION,FIRST_PANEL_02_HIRING_MANAGER,CALIBRATION,CONSUMED,0.25,2026-12-14T10:15:00+09:00,ACTUAL_PARTICIPATION
EA_000104,APP0068_FIRST_INTERVIEW,,FIRST_PANEL_03_ML_ENGINEER,INTERVIEW,RESERVED,1.0,2026-12-04T16:21:00+09:00,SCHEDULED_ALLOCATION
EA_000105,APP0068_FIRST_INTERVIEW,,FIRST_PANEL_03_HIRING_MANAGER,INTERVIEW,RESERVED,1.0,2026-12-04T16:21:00+09:00,SCHEDULED_ALLOCATION
EA_000106,APP0068_FIRST_INTERVIEW,,FIRST_PANEL_03_TECHNICAL_REVIEWER,INTERVIEW,RESERVED,1.0,2026-12-04T16:21:00+09:00,SCHEDULED_ALLOCATION
EA_000107,APP0068_FIRST_INTERVIEW,APP0068_FIRST_INTERVIEW_FIRST_INTERVIEW_SESSION,FIRST_PANEL_03_ML_ENGINEER,INTERVIEW,CONSUMED,1.0,2026-12-14T10:00:00+09:00,ACTUAL_PARTICIPATION
EA_000108,APP0068_FIRST_INTERVIEW,APP0068_FIRST_INTERVIEW_FIRST_INTERVIEW_SESSION,FIRST_PANEL_03_HIRING_MANAGER,INTERVIEW,CONSUMED,1.0,2026-12-14T10:00:00+09:00,ACTUAL_PARTICIPATION
EA_000109,APP0068_FIRST_INTERVIEW,APP0068_FIRST_INTERVIEW_FIRST_INTERVIEW_SESSION,FIRST_PANEL_03_TECHNICAL_REVIEWER,INTERVIEW,CONSUMED,1.0,2026-12-14T10:00:00+09:00,ACTUAL_PARTICIPATION
EA_000110,APP0068_FIRST_INTERVIEW,APP0068_FIRST_INTERVIEW_CALIBRATION,FIRST_PANEL_03_ML_ENGINEER,CALIBRATION,RESERVED,0.25,2026-12-14T10:00:00+09:00,CALIBRATION_REQUIRED
EA_000111,APP0068_FIRST_INTERVIEW,APP0068_FIRST_INTERVIEW_CALIBRATION,FIRST_PANEL_03_ML_ENGINEER,CALIBRATION,CONSUMED,0.25,2026-12-14T10:15:00+09:00,ACTUAL_PARTICIPATION
EA_000112,APP0068_FIRST_INTERVIEW,APP0068_FIRST_INTERVIEW_CALIBRATION,FIRST_PANEL_03_HIRING_MANAGER,CALIBRATION,RESERVED,0.25,2026-12-14T10:00:00+09:00,CALIBRATION_REQUIRED
EA_000113,APP0068_FIRST_INTERVIEW,APP0068_FIRST_INTERVIEW_CALIBRATION,FIRST_PANEL_03_HIRING_MANAGER,CALIBRATION,CONSUMED,0.25,2026-12-14T10:15:00+09:00,ACTUAL_PARTICIPATION
EA_000114,APP0070_FIRST_INTERVIEW,,FIRST_PANEL_04_ML_ENGINEER,INTERVIEW,RESERVED,1.0,2026-12-04T16:21:00+09:00,SCHEDULED_ALLOCATION
EA_000115,APP0070_FIRST_INTERVIEW,,FIRST_PANEL_04_HIRING_MANAGER,INTERVIEW,RESERVED,1.0,2026-12-04T16:21:00+09:00,SCHEDULED_ALLOCATION
EA_000116,APP0070_FIRST_INTERVIEW,,FIRST_PANEL_04_TECHNICAL_REVIEWER,INTERVIEW,RESERVED,1.0,2026-12-04T16:21:00+09:00,SCHEDULED_ALLOCATION
EA_000117,APP0070_FIRST_INTERVIEW,APP0070_FIRST_INTERVIEW_FIRST_INTERVIEW_SESSION,FIRST_PANEL_04_ML_ENGINEER,INTERVIEW,CONSUMED,1.0,2026-12-14T10:00:00+09:00,ACTUAL_PARTICIPATION
EA_000118,APP0070_FIRST_INTERVIEW,APP0070_FIRST_INTERVIEW_FIRST_INTERVIEW_SESSION,FIRST_PANEL_04_HIRING_MANAGER,INTERVIEW,CONSUMED,1.0,2026-12-14T10:00:00+09:00,ACTUAL_PARTICIPATION
EA_000119,APP0070_FIRST_INTERVIEW,APP0070_FIRST_INTERVIEW_FIRST_INTERVIEW_SESSION,FIRST_PANEL_04_TECHNICAL_REVIEWER,INTERVIEW,CONSUMED,1.0,2026-12-14T10:00:00+09:00,ACTUAL_PARTICIPATION
EA_000120,APP0070_FIRST_INTERVIEW,APP0070_FIRST_INTERVIEW_CALIBRATION,FIRST_PANEL_04_ML_ENGINEER,CALIBRATION,RESERVED,0.25,2026-12-14T10:00:00+09:00,CALIBRATION_REQUIRED
EA_000121,APP0070_FIRST_INTERVIEW,APP0070_FIRST_INTERVIEW_CALIBRATION,FIRST_PANEL_04_ML_ENGINEER,CALIBRATION,CONSUMED,0.25,2026-12-14T10:15:00+09:00,ACTUAL_PARTICIPATION
EA_000122,APP0070_FIRST_INTERVIEW,APP0070_FIRST_INTERVIEW_CALIBRATION,FIRST_PANEL_04_HIRING_MANAGER,CALIBRATION,RESERVED,0.25,2026-12-14T10:00:00+09:00,CALIBRATION_REQUIRED
EA_000123,APP0070_FIRST_INTERVIEW,APP0070_FIRST_INTERVIEW_CALIBRATION,FIRST_PANEL_04_HIRING_MANAGER,CALIBRATION,CONSUMED,0.25,2026-12-14T10:15:00+09:00,ACTUAL_PARTICIPATION
EA_000124,APP0076_FIRST_INTERVIEW,,FIRST_PANEL_05_ML_ENGINEER,INTERVIEW,RESERVED,1.0,2026-12-04T16:21:00+09:00,SCHEDULED_ALLOCATION
EA_000125,APP0076_FIRST_INTERVIEW,,FIRST_PANEL_05_HIRING_MANAGER,INTERVIEW,RESERVED,1.0,2026-12-04T16:21:00+09:00,SCHEDULED_ALLOCATION
EA_000126,APP0076_FIRST_INTERVIEW,,FIRST_PANEL_05_TECHNICAL_REVIEWER,INTERVIEW,RESERVED,1.0,2026-12-04T16:21:00+09:00,SCHEDULED_ALLOCATION
EA_000127,APP0076_FIRST_INTERVIEW,APP0076_FIRST_INTERVIEW_FIRST_INTERVIEW_SESSION,FIRST_PANEL_05_ML_ENGINEER,INTERVIEW,CONSUMED,1.0,2026-12-14T10:00:00+09:00,ACTUAL_PARTICIPATION
EA_000128,APP0076_FIRST_INTERVIEW,APP0076_FIRST_INTERVIEW_FIRST_INTERVIEW_SESSION,FIRST_PANEL_05_HIRING_MANAGER,INTERVIEW,CONSUMED,1.0,2026-12-14T10:00:00+09:00,ACTUAL_PARTICIPATION
EA_000129,APP0076_FIRST_INTERVIEW,APP0076_FIRST_INTERVIEW_FIRST_INTERVIEW_SESSION,FIRST_PANEL_05_TECHNICAL_REVIEWER,INTERVIEW,CONSUMED,1.0,2026-12-14T10:00:00+09:00,ACTUAL_PARTICIPATION
EA_000130,APP0076_FIRST_INTERVIEW,APP0076_FIRST_INTERVIEW_CALIBRATION,FIRST_PANEL_05_ML_ENGINEER,CALIBRATION,RESERVED,0.25,2026-12-14T10:00:00+09:00,CALIBRATION_REQUIRED
EA_000131,APP0076_FIRST_INTERVIEW,APP0076_FIRST_INTERVIEW_CALIBRATION,FIRST_PANEL_05_ML_ENGINEER,CALIBRATION,CONSUMED,0.25,2026-12-14T10:15:00+09:00,ACTUAL_PARTICIPATION
EA_000132,APP0076_FIRST_INTERVIEW,APP0076_FIRST_INTERVIEW_CALIBRATION,FIRST_PANEL_05_HIRING_MANAGER,CALIBRATION,RESERVED,0.25,2026-12-14T10:00:00+09:00,CALIBRATION_REQUIRED
EA_000133,APP0076_FIRST_INTERVIEW,APP0076_FIRST_INTERVIEW_CALIBRATION,FIRST_PANEL_05_HIRING_MANAGER,CALIBRATION,CONSUMED,0.25,2026-12-14T10:15:00+09:00,ACTUAL_PARTICIPATION
EA_000134,APP0082_FIRST_INTERVIEW,,FIRST_PANEL_06_ML_ENGINEER,INTERVIEW,RESERVED,1.0,2026-12-04T16:21:00+09:00,SCHEDULED_ALLOCATION
EA_000135,APP0082_FIRST_INTERVIEW,,FIRST_PANEL_06_HIRING_MANAGER,INTERVIEW,RESERVED,1.0,2026-12-04T16:21:00+09:00,SCHEDULED_ALLOCATION
EA_000136,APP0082_FIRST_INTERVIEW,,FIRST_PANEL_06_TECHNICAL_REVIEWER,INTERVIEW,RESERVED,1.0,2026-12-04T16:21:00+09:00,SCHEDULED_ALLOCATION
EA_000137,APP0082_FIRST_INTERVIEW,APP0082_FIRST_INTERVIEW_FIRST_INTERVIEW_SESSION,FIRST_PANEL_06_ML_ENGINEER,INTERVIEW,CONSUMED,1.0,2026-12-14T10:00:00+09:00,ACTUAL_PARTICIPATION
EA_000138,APP0082_FIRST_INTERVIEW,APP0082_FIRST_INTERVIEW_FIRST_INTERVIEW_SESSION,FIRST_PANEL_06_HIRING_MANAGER,INTERVIEW,CONSUMED,1.0,2026-12-14T10:00:00+09:00,ACTUAL_PARTICIPATION
EA_000139,APP0082_FIRST_INTERVIEW,APP0082_FIRST_INTERVIEW_FIRST_INTERVIEW_SESSION,FIRST_PANEL_06_TECHNICAL_REVIEWER,INTERVIEW,CONSUMED,1.0,2026-12-14T10:00:00+09:00,ACTUAL_PARTICIPATION
EA_000140,APP0093_FIRST_INTERVIEW,,FIRST_PANEL_07_ML_ENGINEER,INTERVIEW,RESERVED,1.0,2026-12-04T16:21:00+09:00,SCHEDULED_ALLOCATION
EA_000141,APP0093_FIRST_INTERVIEW,,FIRST_PANEL_07_HIRING_MANAGER,INTERVIEW,RESERVED,1.0,2026-12-04T16:21:00+09:00,SCHEDULED_ALLOCATION
EA_000142,APP0093_FIRST_INTERVIEW,,FIRST_PANEL_07_TECHNICAL_REVIEWER,INTERVIEW,RESERVED,1.0,2026-12-04T16:21:00+09:00,SCHEDULED_ALLOCATION
EA_000143,APP0093_FIRST_INTERVIEW,,FIRST_PANEL_07_ML_ENGINEER,INTERVIEW,RELEASED,1.0,2026-12-15T09:00:00+09:00,NO_RESPONSE_UNUSED
EA_000144,APP0093_FIRST_INTERVIEW,,FIRST_PANEL_07_HIRING_MANAGER,INTERVIEW,RELEASED,1.0,2026-12-15T09:00:00+09:00,NO_RESPONSE_UNUSED
EA_000145,APP0093_FIRST_INTERVIEW,,FIRST_PANEL_07_TECHNICAL_REVIEWER,INTERVIEW,RELEASED,1.0,2026-12-15T09:00:00+09:00,NO_RESPONSE_UNUSED
EA_000146,APP0095_FIRST_INTERVIEW,,FIRST_PANEL_08_ML_ENGINEER,INTERVIEW,RESERVED,1.0,2026-12-04T16:21:00+09:00,SCHEDULED_ALLOCATION
EA_000147,APP0095_FIRST_INTERVIEW,,FIRST_PANEL_08_HIRING_MANAGER,INTERVIEW,RESERVED,1.0,2026-12-04T16:21:00+09:00,SCHEDULED_ALLOCATION
EA_000148,APP0095_FIRST_INTERVIEW,,FIRST_PANEL_08_TECHNICAL_REVIEWER,INTERVIEW,RESERVED,1.0,2026-12-04T16:21:00+09:00,SCHEDULED_ALLOCATION
EA_000149,APP0095_FIRST_INTERVIEW,APP0095_FIRST_INTERVIEW_FIRST_INTERVIEW_SESSION,FIRST_PANEL_08_ML_ENGINEER,INTERVIEW,CONSUMED,1.0,2026-12-14T10:00:00+09:00,ACTUAL_PARTICIPATION
EA_000150,APP0095_FIRST_INTERVIEW,APP0095_FIRST_INTERVIEW_FIRST_INTERVIEW_SESSION,FIRST_PANEL_08_HIRING_MANAGER,INTERVIEW,CONSUMED,1.0,2026-12-14T10:00:00+09:00,ACTUAL_PARTICIPATION
EA_000151,APP0095_FIRST_INTERVIEW,APP0095_FIRST_INTERVIEW_FIRST_INTERVIEW_SESSION,FIRST_PANEL_08_TECHNICAL_REVIEWER,INTERVIEW,CONSUMED,1.0,2026-12-14T10:00:00+09:00,ACTUAL_PARTICIPATION
EA_000152,APP0095_FIRST_INTERVIEW,APP0095_FIRST_INTERVIEW_CALIBRATION,FIRST_PANEL_08_ML_ENGINEER,CALIBRATION,RESERVED,0.25,2026-12-14T10:00:00+09:00,CALIBRATION_REQUIRED
EA_000153,APP0095_FIRST_INTERVIEW,APP0095_FIRST_INTERVIEW_CALIBRATION,FIRST_PANEL_08_ML_ENGINEER,CALIBRATION,CONSUMED,0.25,2026-12-14T10:15:00+09:00,ACTUAL_PARTICIPATION
EA_000154,APP0095_FIRST_INTERVIEW,APP0095_FIRST_INTERVIEW_CALIBRATION,FIRST_PANEL_08_HIRING_MANAGER,CALIBRATION,RESERVED,0.25,2026-12-14T10:00:00+09:00,CALIBRATION_REQUIRED
EA_000155,APP0095_FIRST_INTERVIEW,APP0095_FIRST_INTERVIEW_CALIBRATION,FIRST_PANEL_08_HIRING_MANAGER,CALIBRATION,CONSUMED,0.25,2026-12-14T10:15:00+09:00,ACTUAL_PARTICIPATION
EA_000156,APP0101_FIRST_INTERVIEW,,FIRST_PANEL_09_ML_ENGINEER,INTERVIEW,RESERVED,1.0,2026-12-04T16:21:00+09:00,SCHEDULED_ALLOCATION
EA_000157,APP0101_FIRST_INTERVIEW,,FIRST_PANEL_09_HIRING_MANAGER,INTERVIEW,RESERVED,1.0,2026-12-04T16:21:00+09:00,SCHEDULED_ALLOCATION
EA_000158,APP0101_FIRST_INTERVIEW,,FIRST_PANEL_09_TECHNICAL_REVIEWER,INTERVIEW,RESERVED,1.0,2026-12-04T16:21:00+09:00,SCHEDULED_ALLOCATION
EA_000159,APP0101_FIRST_INTERVIEW,APP0101_FIRST_INTERVIEW_FIRST_INTERVIEW_SESSION,FIRST_PANEL_09_ML_ENGINEER,INTERVIEW,CONSUMED,1.0,2026-12-14T10:00:00+09:00,ACTUAL_PARTICIPATION
EA_000160,APP0101_FIRST_INTERVIEW,APP0101_FIRST_INTERVIEW_FIRST_INTERVIEW_SESSION,FIRST_PANEL_09_HIRING_MANAGER,INTERVIEW,CONSUMED,1.0,2026-12-14T10:00:00+09:00,ACTUAL_PARTICIPATION
EA_000161,APP0101_FIRST_INTERVIEW,APP0101_FIRST_INTERVIEW_FIRST_INTERVIEW_SESSION,FIRST_PANEL_09_TECHNICAL_REVIEWER,INTERVIEW,CONSUMED,1.0,2026-12-14T10:00:00+09:00,ACTUAL_PARTICIPATION
EA_000162,APP0105_FIRST_INTERVIEW,,FIRST_PANEL_10_ML_ENGINEER,INTERVIEW,RESERVED,1.0,2026-12-04T16:21:00+09:00,SCHEDULED_ALLOCATION
EA_000163,APP0105_FIRST_INTERVIEW,,FIRST_PANEL_10_HIRING_MANAGER,INTERVIEW,RESERVED,1.0,2026-12-04T16:21:00+09:00,SCHEDULED_ALLOCATION
EA_000164,APP0105_FIRST_INTERVIEW,,FIRST_PANEL_10_TECHNICAL_REVIEWER,INTERVIEW,RESERVED,1.0,2026-12-04T16:21:00+09:00,SCHEDULED_ALLOCATION
EA_000165,APP0105_FIRST_INTERVIEW,APP0105_FIRST_INTERVIEW_FIRST_INTERVIEW_SESSION,FIRST_PANEL_10_ML_ENGINEER,INTERVIEW,CONSUMED,1.0,2026-12-14T10:00:00+09:00,ACTUAL_PARTICIPATION
EA_000166,APP0105_FIRST_INTERVIEW,APP0105_FIRST_INTERVIEW_FIRST_INTERVIEW_SESSION,FIRST_PANEL_10_HIRING_MANAGER,INTERVIEW,CONSUMED,1.0,2026-12-14T10:00:00+09:00,ACTUAL_PARTICIPATION
EA_000167,APP0105_FIRST_INTERVIEW,APP0105_FIRST_INTERVIEW_FIRST_INTERVIEW_SESSION,FIRST_PANEL_10_TECHNICAL_REVIEWER,INTERVIEW,CONSUMED,1.0,2026-12-14T10:00:00+09:00,ACTUAL_PARTICIPATION
EA_000168,APP0105_FIRST_INTERVIEW,APP0105_FIRST_INTERVIEW_CALIBRATION,FIRST_PANEL_10_ML_ENGINEER,CALIBRATION,RESERVED,0.25,2026-12-14T10:00:00+09:00,CALIBRATION_REQUIRED
EA_000169,APP0105_FIRST_INTERVIEW,APP0105_FIRST_INTERVIEW_CALIBRATION,FIRST_PANEL_10_ML_ENGINEER,CALIBRATION,CONSUMED,0.25,2026-12-14T10:15:00+09:00,ACTUAL_PARTICIPATION
EA_000170,APP0105_FIRST_INTERVIEW,APP0105_FIRST_INTERVIEW_CALIBRATION,FIRST_PANEL_10_HIRING_MANAGER,CALIBRATION,RESERVED,0.25,2026-12-14T10:00:00+09:00,CALIBRATION_REQUIRED
EA_000171,APP0105_FIRST_INTERVIEW,APP0105_FIRST_INTERVIEW_CALIBRATION,FIRST_PANEL_10_HIRING_MANAGER,CALIBRATION,CONSUMED,0.25,2026-12-14T10:15:00+09:00,ACTUAL_PARTICIPATION
EA_000172,APP0107_FIRST_INTERVIEW,,FIRST_PANEL_01_ML_ENGINEER,INTERVIEW,RESERVED,1.0,2026-12-04T16:21:00+09:00,SCHEDULED_ALLOCATION
EA_000173,APP0107_FIRST_INTERVIEW,,FIRST_PANEL_01_HIRING_MANAGER,INTERVIEW,RESERVED,1.0,2026-12-04T16:21:00+09:00,SCHEDULED_ALLOCATION
EA_000174,APP0107_FIRST_INTERVIEW,,FIRST_PANEL_01_TECHNICAL_REVIEWER,INTERVIEW,RESERVED,1.0,2026-12-04T16:21:00+09:00,SCHEDULED_ALLOCATION
EA_000175,APP0107_FIRST_INTERVIEW,APP0107_FIRST_INTERVIEW_FIRST_INTERVIEW_SESSION,FIRST_PANEL_01_ML_ENGINEER,INTERVIEW,CONSUMED,1.0,2026-12-17T10:00:00+09:00,ACTUAL_PARTICIPATION
EA_000176,APP0107_FIRST_INTERVIEW,APP0107_FIRST_INTERVIEW_FIRST_INTERVIEW_SESSION,FIRST_PANEL_01_HIRING_MANAGER,INTERVIEW,CONSUMED,1.0,2026-12-17T10:00:00+09:00,ACTUAL_PARTICIPATION
EA_000177,APP0107_FIRST_INTERVIEW,APP0107_FIRST_INTERVIEW_FIRST_INTERVIEW_SESSION,FIRST_PANEL_01_TECHNICAL_REVIEWER,INTERVIEW,CONSUMED,1.0,2026-12-17T10:00:00+09:00,ACTUAL_PARTICIPATION
EA_000178,APP0107_FIRST_INTERVIEW,APP0107_FIRST_INTERVIEW_CALIBRATION,FIRST_PANEL_01_ML_ENGINEER,CALIBRATION,RESERVED,0.25,2026-12-17T10:00:00+09:00,CALIBRATION_REQUIRED
EA_000179,APP0107_FIRST_INTERVIEW,APP0107_FIRST_INTERVIEW_CALIBRATION,FIRST_PANEL_01_ML_ENGINEER,CALIBRATION,CONSUMED,0.25,2026-12-17T10:15:00+09:00,ACTUAL_PARTICIPATION
EA_000180,APP0107_FIRST_INTERVIEW,APP0107_FIRST_INTERVIEW_CALIBRATION,FIRST_PANEL_01_HIRING_MANAGER,CALIBRATION,RESERVED,0.25,2026-12-17T10:00:00+09:00,CALIBRATION_REQUIRED
EA_000181,APP0107_FIRST_INTERVIEW,APP0107_FIRST_INTERVIEW_CALIBRATION,FIRST_PANEL_01_HIRING_MANAGER,CALIBRATION,CONSUMED,0.25,2026-12-17T10:15:00+09:00,ACTUAL_PARTICIPATION
EA_000182,APP0110_FIRST_INTERVIEW,,FIRST_PANEL_02_ML_ENGINEER,INTERVIEW,RESERVED,1.0,2026-12-04T16:21:00+09:00,SCHEDULED_ALLOCATION
EA_000183,APP0110_FIRST_INTERVIEW,,FIRST_PANEL_02_HIRING_MANAGER,INTERVIEW,RESERVED,1.0,2026-12-04T16:21:00+09:00,SCHEDULED_ALLOCATION
EA_000184,APP0110_FIRST_INTERVIEW,,FIRST_PANEL_02_TECHNICAL_REVIEWER,INTERVIEW,RESERVED,1.0,2026-12-04T16:21:00+09:00,SCHEDULED_ALLOCATION
EA_000185,APP0110_FIRST_INTERVIEW,APP0110_FIRST_INTERVIEW_FIRST_INTERVIEW_SESSION,FIRST_PANEL_02_ML_ENGINEER,INTERVIEW,CONSUMED,1.0,2026-12-17T10:00:00+09:00,ACTUAL_PARTICIPATION
EA_000186,APP0110_FIRST_INTERVIEW,APP0110_FIRST_INTERVIEW_FIRST_INTERVIEW_SESSION,FIRST_PANEL_02_HIRING_MANAGER,INTERVIEW,CONSUMED,1.0,2026-12-17T10:00:00+09:00,ACTUAL_PARTICIPATION
EA_000187,APP0110_FIRST_INTERVIEW,APP0110_FIRST_INTERVIEW_FIRST_INTERVIEW_SESSION,FIRST_PANEL_02_TECHNICAL_REVIEWER,INTERVIEW,CONSUMED,1.0,2026-12-17T10:00:00+09:00,ACTUAL_PARTICIPATION
EA_000188,APP0112_FIRST_INTERVIEW,,FIRST_PANEL_03_ML_ENGINEER,INTERVIEW,RESERVED,1.0,2026-12-04T16:21:00+09:00,SCHEDULED_ALLOCATION
EA_000189,APP0112_FIRST_INTERVIEW,,FIRST_PANEL_03_HIRING_MANAGER,INTERVIEW,RESERVED,1.0,2026-12-04T16:21:00+09:00,SCHEDULED_ALLOCATION
EA_000190,APP0112_FIRST_INTERVIEW,,FIRST_PANEL_03_TECHNICAL_REVIEWER,INTERVIEW,RESERVED,1.0,2026-12-04T16:21:00+09:00,SCHEDULED_ALLOCATION
EA_000191,APP0112_FIRST_INTERVIEW,,FIRST_PANEL_03_ML_ENGINEER,INTERVIEW,RELEASED,1.0,2026-12-06T16:21:00+09:00,CONFIRMED_WITHDRAWAL_UNUSED
EA_000192,APP0112_FIRST_INTERVIEW,,FIRST_PANEL_03_HIRING_MANAGER,INTERVIEW,RELEASED,1.0,2026-12-06T16:21:00+09:00,CONFIRMED_WITHDRAWAL_UNUSED
EA_000193,APP0112_FIRST_INTERVIEW,,FIRST_PANEL_03_TECHNICAL_REVIEWER,INTERVIEW,RELEASED,1.0,2026-12-06T16:21:00+09:00,CONFIRMED_WITHDRAWAL_UNUSED
EA_000194,APP0128_FIRST_INTERVIEW,,FIRST_PANEL_04_ML_ENGINEER,INTERVIEW,RESERVED,1.0,2026-12-04T16:21:00+09:00,SCHEDULED_ALLOCATION
EA_000195,APP0128_FIRST_INTERVIEW,,FIRST_PANEL_04_HIRING_MANAGER,INTERVIEW,RESERVED,1.0,2026-12-04T16:21:00+09:00,SCHEDULED_ALLOCATION
EA_000196,APP0128_FIRST_INTERVIEW,,FIRST_PANEL_04_TECHNICAL_REVIEWER,INTERVIEW,RESERVED,1.0,2026-12-04T16:21:00+09:00,SCHEDULED_ALLOCATION
EA_000197,APP0128_FIRST_INTERVIEW,APP0128_FIRST_INTERVIEW_FIRST_INTERVIEW_SESSION,FIRST_PANEL_04_ML_ENGINEER,INTERVIEW,CONSUMED,1.0,2026-12-17T10:00:00+09:00,ACTUAL_PARTICIPATION
EA_000198,APP0128_FIRST_INTERVIEW,APP0128_FIRST_INTERVIEW_FIRST_INTERVIEW_SESSION,FIRST_PANEL_04_HIRING_MANAGER,INTERVIEW,CONSUMED,1.0,2026-12-17T10:00:00+09:00,ACTUAL_PARTICIPATION
EA_000199,APP0128_FIRST_INTERVIEW,APP0128_FIRST_INTERVIEW_FIRST_INTERVIEW_SESSION,FIRST_PANEL_04_TECHNICAL_REVIEWER,INTERVIEW,CONSUMED,1.0,2026-12-17T10:00:00+09:00,ACTUAL_PARTICIPATION
EA_000200,APP0128_FIRST_INTERVIEW,APP0128_FIRST_INTERVIEW_CALIBRATION,FIRST_PANEL_04_ML_ENGINEER,CALIBRATION,RESERVED,0.25,2026-12-17T10:00:00+09:00,CALIBRATION_REQUIRED
EA_000201,APP0128_FIRST_INTERVIEW,APP0128_FIRST_INTERVIEW_CALIBRATION,FIRST_PANEL_04_ML_ENGINEER,CALIBRATION,CONSUMED,0.25,2026-12-17T10:15:00+09:00,ACTUAL_PARTICIPATION
EA_000202,APP0128_FIRST_INTERVIEW,APP0128_FIRST_INTERVIEW_CALIBRATION,FIRST_PANEL_04_HIRING_MANAGER,CALIBRATION,RESERVED,0.25,2026-12-17T10:00:00+09:00,CALIBRATION_REQUIRED
EA_000203,APP0128_FIRST_INTERVIEW,APP0128_FIRST_INTERVIEW_CALIBRATION,FIRST_PANEL_04_HIRING_MANAGER,CALIBRATION,CONSUMED,0.25,2026-12-17T10:15:00+09:00,ACTUAL_PARTICIPATION
EA_000204,APP0130_FIRST_INTERVIEW,,FIRST_PANEL_05_ML_ENGINEER,INTERVIEW,RESERVED,1.0,2026-12-04T16:21:00+09:00,SCHEDULED_ALLOCATION
EA_000205,APP0130_FIRST_INTERVIEW,,FIRST_PANEL_05_HIRING_MANAGER,INTERVIEW,RESERVED,1.0,2026-12-04T16:21:00+09:00,SCHEDULED_ALLOCATION
EA_000206,APP0130_FIRST_INTERVIEW,,FIRST_PANEL_05_TECHNICAL_REVIEWER,INTERVIEW,RESERVED,1.0,2026-12-04T16:21:00+09:00,SCHEDULED_ALLOCATION
EA_000207,APP0130_FIRST_INTERVIEW,APP0130_FIRST_INTERVIEW_FIRST_INTERVIEW_SESSION,FIRST_PANEL_05_ML_ENGINEER,INTERVIEW,CONSUMED,1.0,2026-12-17T10:00:00+09:00,ACTUAL_PARTICIPATION
EA_000208,APP0130_FIRST_INTERVIEW,APP0130_FIRST_INTERVIEW_FIRST_INTERVIEW_SESSION,FIRST_PANEL_05_HIRING_MANAGER,INTERVIEW,CONSUMED,1.0,2026-12-17T10:00:00+09:00,ACTUAL_PARTICIPATION
EA_000209,APP0130_FIRST_INTERVIEW,APP0130_FIRST_INTERVIEW_FIRST_INTERVIEW_SESSION,FIRST_PANEL_05_TECHNICAL_REVIEWER,INTERVIEW,CONSUMED,1.0,2026-12-17T10:00:00+09:00,ACTUAL_PARTICIPATION
EA_000210,APP0141_FIRST_INTERVIEW,,FIRST_PANEL_06_ML_ENGINEER,INTERVIEW,RESERVED,1.0,2026-12-04T16:21:00+09:00,SCHEDULED_ALLOCATION
EA_000211,APP0141_FIRST_INTERVIEW,,FIRST_PANEL_06_HIRING_MANAGER,INTERVIEW,RESERVED,1.0,2026-12-04T16:21:00+09:00,SCHEDULED_ALLOCATION
EA_000212,APP0141_FIRST_INTERVIEW,,FIRST_PANEL_06_TECHNICAL_REVIEWER,INTERVIEW,RESERVED,1.0,2026-12-04T16:21:00+09:00,SCHEDULED_ALLOCATION
EA_000213,APP0141_FIRST_INTERVIEW,APP0141_FIRST_INTERVIEW_FIRST_INTERVIEW_SESSION,FIRST_PANEL_06_ML_ENGINEER,INTERVIEW,CONSUMED,1.0,2026-12-17T10:00:00+09:00,ACTUAL_PARTICIPATION
EA_000214,APP0141_FIRST_INTERVIEW,APP0141_FIRST_INTERVIEW_FIRST_INTERVIEW_SESSION,FIRST_PANEL_06_HIRING_MANAGER,INTERVIEW,CONSUMED,1.0,2026-12-17T10:00:00+09:00,ACTUAL_PARTICIPATION
EA_000215,APP0141_FIRST_INTERVIEW,APP0141_FIRST_INTERVIEW_FIRST_INTERVIEW_SESSION,FIRST_PANEL_06_TECHNICAL_REVIEWER,INTERVIEW,CONSUMED,1.0,2026-12-17T10:00:00+09:00,ACTUAL_PARTICIPATION
EA_000216,APP0143_FIRST_INTERVIEW,,FIRST_PANEL_07_ML_ENGINEER,INTERVIEW,RESERVED,1.0,2026-12-04T16:21:00+09:00,SCHEDULED_ALLOCATION
EA_000217,APP0143_FIRST_INTERVIEW,,FIRST_PANEL_07_HIRING_MANAGER,INTERVIEW,RESERVED,1.0,2026-12-04T16:21:00+09:00,SCHEDULED_ALLOCATION
EA_000218,APP0143_FIRST_INTERVIEW,,FIRST_PANEL_07_TECHNICAL_REVIEWER,INTERVIEW,RESERVED,1.0,2026-12-04T16:21:00+09:00,SCHEDULED_ALLOCATION
EA_000219,APP0143_FIRST_INTERVIEW,APP0143_FIRST_INTERVIEW_FIRST_INTERVIEW_SESSION,FIRST_PANEL_07_ML_ENGINEER,INTERVIEW,CONSUMED,1.0,2026-12-17T10:00:00+09:00,ACTUAL_PARTICIPATION
EA_000220,APP0143_FIRST_INTERVIEW,APP0143_FIRST_INTERVIEW_FIRST_INTERVIEW_SESSION,FIRST_PANEL_07_HIRING_MANAGER,INTERVIEW,CONSUMED,1.0,2026-12-17T10:00:00+09:00,ACTUAL_PARTICIPATION
EA_000221,APP0143_FIRST_INTERVIEW,APP0143_FIRST_INTERVIEW_FIRST_INTERVIEW_SESSION,FIRST_PANEL_07_TECHNICAL_REVIEWER,INTERVIEW,CONSUMED,1.0,2026-12-17T10:00:00+09:00,ACTUAL_PARTICIPATION
EA_000222,APP0143_FIRST_INTERVIEW,APP0143_FIRST_INTERVIEW_CALIBRATION,FIRST_PANEL_07_ML_ENGINEER,CALIBRATION,RESERVED,0.25,2026-12-17T10:00:00+09:00,CALIBRATION_REQUIRED
EA_000223,APP0143_FIRST_INTERVIEW,APP0143_FIRST_INTERVIEW_CALIBRATION,FIRST_PANEL_07_ML_ENGINEER,CALIBRATION,CONSUMED,0.25,2026-12-17T10:15:00+09:00,ACTUAL_PARTICIPATION
EA_000224,APP0143_FIRST_INTERVIEW,APP0143_FIRST_INTERVIEW_CALIBRATION,FIRST_PANEL_07_HIRING_MANAGER,CALIBRATION,RESERVED,0.25,2026-12-17T10:00:00+09:00,CALIBRATION_REQUIRED
EA_000225,APP0143_FIRST_INTERVIEW,APP0143_FIRST_INTERVIEW_CALIBRATION,FIRST_PANEL_07_HIRING_MANAGER,CALIBRATION,CONSUMED,0.25,2026-12-17T10:15:00+09:00,ACTUAL_PARTICIPATION
EA_000226,APP0150_FIRST_INTERVIEW,,FIRST_PANEL_08_ML_ENGINEER,INTERVIEW,RESERVED,1.0,2026-12-04T16:21:00+09:00,SCHEDULED_ALLOCATION
EA_000227,APP0150_FIRST_INTERVIEW,,FIRST_PANEL_08_HIRING_MANAGER,INTERVIEW,RESERVED,1.0,2026-12-04T16:21:00+09:00,SCHEDULED_ALLOCATION
EA_000228,APP0150_FIRST_INTERVIEW,,FIRST_PANEL_08_TECHNICAL_REVIEWER,INTERVIEW,RESERVED,1.0,2026-12-04T16:21:00+09:00,SCHEDULED_ALLOCATION
EA_000229,APP0150_FIRST_INTERVIEW,APP0150_FIRST_INTERVIEW_FIRST_INTERVIEW_SESSION,FIRST_PANEL_08_ML_ENGINEER,INTERVIEW,CONSUMED,1.0,2026-12-17T10:00:00+09:00,ACTUAL_PARTICIPATION
EA_000230,APP0150_FIRST_INTERVIEW,APP0150_FIRST_INTERVIEW_FIRST_INTERVIEW_SESSION,FIRST_PANEL_08_HIRING_MANAGER,INTERVIEW,CONSUMED,1.0,2026-12-17T10:00:00+09:00,ACTUAL_PARTICIPATION
EA_000231,APP0150_FIRST_INTERVIEW,APP0150_FIRST_INTERVIEW_FIRST_INTERVIEW_SESSION,FIRST_PANEL_08_TECHNICAL_REVIEWER,INTERVIEW,CONSUMED,1.0,2026-12-17T10:00:00+09:00,ACTUAL_PARTICIPATION
EA_000232,APP0150_FIRST_INTERVIEW,APP0150_FIRST_INTERVIEW_CALIBRATION,FIRST_PANEL_08_ML_ENGINEER,CALIBRATION,RESERVED,0.25,2026-12-17T10:00:00+09:00,CALIBRATION_REQUIRED
EA_000233,APP0150_FIRST_INTERVIEW,APP0150_FIRST_INTERVIEW_CALIBRATION,FIRST_PANEL_08_ML_ENGINEER,CALIBRATION,CONSUMED,0.25,2026-12-17T10:15:00+09:00,ACTUAL_PARTICIPATION
EA_000234,APP0150_FIRST_INTERVIEW,APP0150_FIRST_INTERVIEW_CALIBRATION,FIRST_PANEL_08_HIRING_MANAGER,CALIBRATION,RESERVED,0.25,2026-12-17T10:00:00+09:00,CALIBRATION_REQUIRED
EA_000235,APP0150_FIRST_INTERVIEW,APP0150_FIRST_INTERVIEW_CALIBRATION,FIRST_PANEL_08_HIRING_MANAGER,CALIBRATION,CONSUMED,0.25,2026-12-17T10:15:00+09:00,ACTUAL_PARTICIPATION
EA_000236,APP0153_FIRST_INTERVIEW,,FIRST_PANEL_09_ML_ENGINEER,INTERVIEW,RESERVED,1.0,2026-12-04T16:21:00+09:00,SCHEDULED_ALLOCATION
EA_000237,APP0153_FIRST_INTERVIEW,,FIRST_PANEL_09_HIRING_MANAGER,INTERVIEW,RESERVED,1.0,2026-12-04T16:21:00+09:00,SCHEDULED_ALLOCATION
EA_000238,APP0153_FIRST_INTERVIEW,,FIRST_PANEL_09_TECHNICAL_REVIEWER,INTERVIEW,RESERVED,1.0,2026-12-04T16:21:00+09:00,SCHEDULED_ALLOCATION
EA_000239,APP0153_FIRST_INTERVIEW,APP0153_FIRST_INTERVIEW_FIRST_INTERVIEW_SESSION,FIRST_PANEL_09_ML_ENGINEER,INTERVIEW,CONSUMED,1.0,2026-12-17T10:00:00+09:00,ACTUAL_PARTICIPATION
EA_000240,APP0153_FIRST_INTERVIEW,APP0153_FIRST_INTERVIEW_FIRST_INTERVIEW_SESSION,FIRST_PANEL_09_HIRING_MANAGER,INTERVIEW,CONSUMED,1.0,2026-12-17T10:00:00+09:00,ACTUAL_PARTICIPATION
EA_000241,APP0153_FIRST_INTERVIEW,APP0153_FIRST_INTERVIEW_FIRST_INTERVIEW_SESSION,FIRST_PANEL_09_TECHNICAL_REVIEWER,INTERVIEW,CONSUMED,1.0,2026-12-17T10:00:00+09:00,ACTUAL_PARTICIPATION
EA_000242,APP0153_FIRST_INTERVIEW,APP0153_FIRST_INTERVIEW_CALIBRATION,FIRST_PANEL_09_ML_ENGINEER,CALIBRATION,RESERVED,0.25,2026-12-17T10:00:00+09:00,CALIBRATION_REQUIRED
EA_000243,APP0153_FIRST_INTERVIEW,APP0153_FIRST_INTERVIEW_CALIBRATION,FIRST_PANEL_09_ML_ENGINEER,CALIBRATION,CONSUMED,0.25,2026-12-17T10:15:00+09:00,ACTUAL_PARTICIPATION
EA_000244,APP0153_FIRST_INTERVIEW,APP0153_FIRST_INTERVIEW_CALIBRATION,FIRST_PANEL_09_HIRING_MANAGER,CALIBRATION,RESERVED,0.25,2026-12-17T10:00:00+09:00,CALIBRATION_REQUIRED
EA_000245,APP0153_FIRST_INTERVIEW,APP0153_FIRST_INTERVIEW_CALIBRATION,FIRST_PANEL_09_HIRING_MANAGER,CALIBRATION,CONSUMED,0.25,2026-12-17T10:15:00+09:00,ACTUAL_PARTICIPATION
EA_000246,APP0155_FIRST_INTERVIEW,,FIRST_PANEL_10_ML_ENGINEER,INTERVIEW,RESERVED,1.0,2026-12-04T16:21:00+09:00,SCHEDULED_ALLOCATION
EA_000247,APP0155_FIRST_INTERVIEW,,FIRST_PANEL_10_HIRING_MANAGER,INTERVIEW,RESERVED,1.0,2026-12-04T16:21:00+09:00,SCHEDULED_ALLOCATION
EA_000248,APP0155_FIRST_INTERVIEW,,FIRST_PANEL_10_TECHNICAL_REVIEWER,INTERVIEW,RESERVED,1.0,2026-12-04T16:21:00+09:00,SCHEDULED_ALLOCATION
EA_000249,APP0155_FIRST_INTERVIEW,APP0155_FIRST_INTERVIEW_FIRST_INTERVIEW_SESSION,FIRST_PANEL_10_ML_ENGINEER,INTERVIEW,CONSUMED,1.0,2026-12-17T10:00:00+09:00,ACTUAL_PARTICIPATION
EA_000250,APP0155_FIRST_INTERVIEW,APP0155_FIRST_INTERVIEW_FIRST_INTERVIEW_SESSION,FIRST_PANEL_10_HIRING_MANAGER,INTERVIEW,CONSUMED,1.0,2026-12-17T10:00:00+09:00,ACTUAL_PARTICIPATION
EA_000251,APP0155_FIRST_INTERVIEW,APP0155_FIRST_INTERVIEW_FIRST_INTERVIEW_SESSION,FIRST_PANEL_10_TECHNICAL_REVIEWER,INTERVIEW,CONSUMED,1.0,2026-12-17T10:00:00+09:00,ACTUAL_PARTICIPATION
EA_000252,APP0163_FIRST_INTERVIEW,,FIRST_PANEL_01_ML_ENGINEER,INTERVIEW,RESERVED,1.0,2026-12-04T16:21:00+09:00,SCHEDULED_ALLOCATION
EA_000253,APP0163_FIRST_INTERVIEW,,FIRST_PANEL_01_HIRING_MANAGER,INTERVIEW,RESERVED,1.0,2026-12-04T16:21:00+09:00,SCHEDULED_ALLOCATION
EA_000254,APP0163_FIRST_INTERVIEW,,FIRST_PANEL_01_TECHNICAL_REVIEWER,INTERVIEW,RESERVED,1.0,2026-12-04T16:21:00+09:00,SCHEDULED_ALLOCATION
EA_000255,APP0163_FIRST_INTERVIEW,APP0163_FIRST_INTERVIEW_FIRST_INTERVIEW_SESSION,FIRST_PANEL_01_ML_ENGINEER,INTERVIEW,CONSUMED,1.0,2026-12-21T10:00:00+09:00,ACTUAL_PARTICIPATION
EA_000256,APP0163_FIRST_INTERVIEW,APP0163_FIRST_INTERVIEW_FIRST_INTERVIEW_SESSION,FIRST_PANEL_01_HIRING_MANAGER,INTERVIEW,CONSUMED,1.0,2026-12-21T10:00:00+09:00,ACTUAL_PARTICIPATION
EA_000257,APP0163_FIRST_INTERVIEW,APP0163_FIRST_INTERVIEW_FIRST_INTERVIEW_SESSION,FIRST_PANEL_01_TECHNICAL_REVIEWER,INTERVIEW,CONSUMED,1.0,2026-12-21T10:00:00+09:00,ACTUAL_PARTICIPATION
EA_000258,APP0163_FIRST_INTERVIEW,APP0163_FIRST_INTERVIEW_CALIBRATION,FIRST_PANEL_01_ML_ENGINEER,CALIBRATION,RESERVED,0.25,2026-12-21T10:00:00+09:00,CALIBRATION_REQUIRED
EA_000259,APP0163_FIRST_INTERVIEW,APP0163_FIRST_INTERVIEW_CALIBRATION,FIRST_PANEL_01_ML_ENGINEER,CALIBRATION,CONSUMED,0.25,2026-12-21T10:15:00+09:00,ACTUAL_PARTICIPATION
EA_000260,APP0163_FIRST_INTERVIEW,APP0163_FIRST_INTERVIEW_CALIBRATION,FIRST_PANEL_01_HIRING_MANAGER,CALIBRATION,RESERVED,0.25,2026-12-21T10:00:00+09:00,CALIBRATION_REQUIRED
EA_000261,APP0163_FIRST_INTERVIEW,APP0163_FIRST_INTERVIEW_CALIBRATION,FIRST_PANEL_01_HIRING_MANAGER,CALIBRATION,CONSUMED,0.25,2026-12-21T10:15:00+09:00,ACTUAL_PARTICIPATION
EA_000262,APP0167_FIRST_INTERVIEW,,FIRST_PANEL_02_ML_ENGINEER,INTERVIEW,RESERVED,1.0,2026-12-04T16:21:00+09:00,SCHEDULED_ALLOCATION
EA_000263,APP0167_FIRST_INTERVIEW,,FIRST_PANEL_02_HIRING_MANAGER,INTERVIEW,RESERVED,1.0,2026-12-04T16:21:00+09:00,SCHEDULED_ALLOCATION
EA_000264,APP0167_FIRST_INTERVIEW,,FIRST_PANEL_02_TECHNICAL_REVIEWER,INTERVIEW,RESERVED,1.0,2026-12-04T16:21:00+09:00,SCHEDULED_ALLOCATION
EA_000265,APP0167_FIRST_INTERVIEW,APP0167_FIRST_INTERVIEW_FIRST_INTERVIEW_SESSION,FIRST_PANEL_02_ML_ENGINEER,INTERVIEW,CONSUMED,1.0,2026-12-21T10:00:00+09:00,ACTUAL_PARTICIPATION
EA_000266,APP0167_FIRST_INTERVIEW,APP0167_FIRST_INTERVIEW_FIRST_INTERVIEW_SESSION,FIRST_PANEL_02_HIRING_MANAGER,INTERVIEW,CONSUMED,1.0,2026-12-21T10:00:00+09:00,ACTUAL_PARTICIPATION
EA_000267,APP0167_FIRST_INTERVIEW,APP0167_FIRST_INTERVIEW_FIRST_INTERVIEW_SESSION,FIRST_PANEL_02_TECHNICAL_REVIEWER,INTERVIEW,CONSUMED,1.0,2026-12-21T10:00:00+09:00,ACTUAL_PARTICIPATION
EA_000268,APP0167_FIRST_INTERVIEW,APP0167_FIRST_INTERVIEW_CALIBRATION,FIRST_PANEL_02_ML_ENGINEER,CALIBRATION,RESERVED,0.25,2026-12-21T10:00:00+09:00,CALIBRATION_REQUIRED
EA_000269,APP0167_FIRST_INTERVIEW,APP0167_FIRST_INTERVIEW_CALIBRATION,FIRST_PANEL_02_ML_ENGINEER,CALIBRATION,CONSUMED,0.25,2026-12-21T10:15:00+09:00,ACTUAL_PARTICIPATION
EA_000270,APP0167_FIRST_INTERVIEW,APP0167_FIRST_INTERVIEW_CALIBRATION,FIRST_PANEL_02_HIRING_MANAGER,CALIBRATION,RESERVED,0.25,2026-12-21T10:00:00+09:00,CALIBRATION_REQUIRED
EA_000271,APP0167_FIRST_INTERVIEW,APP0167_FIRST_INTERVIEW_CALIBRATION,FIRST_PANEL_02_HIRING_MANAGER,CALIBRATION,CONSUMED,0.25,2026-12-21T10:15:00+09:00,ACTUAL_PARTICIPATION
EA_000272,APP0170_FIRST_INTERVIEW,,FIRST_PANEL_03_ML_ENGINEER,INTERVIEW,RESERVED,1.0,2026-12-04T16:21:00+09:00,SCHEDULED_ALLOCATION
EA_000273,APP0170_FIRST_INTERVIEW,,FIRST_PANEL_03_HIRING_MANAGER,INTERVIEW,RESERVED,1.0,2026-12-04T16:21:00+09:00,SCHEDULED_ALLOCATION
EA_000274,APP0170_FIRST_INTERVIEW,,FIRST_PANEL_03_TECHNICAL_REVIEWER,INTERVIEW,RESERVED,1.0,2026-12-04T16:21:00+09:00,SCHEDULED_ALLOCATION
EA_000275,APP0170_FIRST_INTERVIEW,APP0170_FIRST_INTERVIEW_FIRST_INTERVIEW_SESSION,FIRST_PANEL_03_ML_ENGINEER,INTERVIEW,CONSUMED,1.0,2026-12-21T10:00:00+09:00,ACTUAL_PARTICIPATION
EA_000276,APP0170_FIRST_INTERVIEW,APP0170_FIRST_INTERVIEW_FIRST_INTERVIEW_SESSION,FIRST_PANEL_03_HIRING_MANAGER,INTERVIEW,CONSUMED,1.0,2026-12-21T10:00:00+09:00,ACTUAL_PARTICIPATION
EA_000277,APP0170_FIRST_INTERVIEW,APP0170_FIRST_INTERVIEW_FIRST_INTERVIEW_SESSION,FIRST_PANEL_03_TECHNICAL_REVIEWER,INTERVIEW,CONSUMED,1.0,2026-12-21T10:00:00+09:00,ACTUAL_PARTICIPATION
EA_000278,APP0170_FIRST_INTERVIEW,APP0170_FIRST_INTERVIEW_CALIBRATION,FIRST_PANEL_03_ML_ENGINEER,CALIBRATION,RESERVED,0.25,2026-12-21T10:00:00+09:00,CALIBRATION_REQUIRED
EA_000279,APP0170_FIRST_INTERVIEW,APP0170_FIRST_INTERVIEW_CALIBRATION,FIRST_PANEL_03_ML_ENGINEER,CALIBRATION,CONSUMED,0.25,2026-12-21T10:15:00+09:00,ACTUAL_PARTICIPATION
EA_000280,APP0170_FIRST_INTERVIEW,APP0170_FIRST_INTERVIEW_CALIBRATION,FIRST_PANEL_03_HIRING_MANAGER,CALIBRATION,RESERVED,0.25,2026-12-21T10:00:00+09:00,CALIBRATION_REQUIRED
EA_000281,APP0170_FIRST_INTERVIEW,APP0170_FIRST_INTERVIEW_CALIBRATION,FIRST_PANEL_03_HIRING_MANAGER,CALIBRATION,CONSUMED,0.25,2026-12-21T10:15:00+09:00,ACTUAL_PARTICIPATION
EA_000282,APP0181_FIRST_INTERVIEW,,FIRST_PANEL_04_ML_ENGINEER,INTERVIEW,RESERVED,1.0,2026-12-04T16:21:00+09:00,SCHEDULED_ALLOCATION
EA_000283,APP0181_FIRST_INTERVIEW,,FIRST_PANEL_04_HIRING_MANAGER,INTERVIEW,RESERVED,1.0,2026-12-04T16:21:00+09:00,SCHEDULED_ALLOCATION
EA_000284,APP0181_FIRST_INTERVIEW,,FIRST_PANEL_04_TECHNICAL_REVIEWER,INTERVIEW,RESERVED,1.0,2026-12-04T16:21:00+09:00,SCHEDULED_ALLOCATION
EA_000285,APP0181_FIRST_INTERVIEW,APP0181_FIRST_INTERVIEW_FIRST_INTERVIEW_SESSION,FIRST_PANEL_04_ML_ENGINEER,INTERVIEW,CONSUMED,1.0,2026-12-21T10:00:00+09:00,ACTUAL_PARTICIPATION
EA_000286,APP0181_FIRST_INTERVIEW,APP0181_FIRST_INTERVIEW_FIRST_INTERVIEW_SESSION,FIRST_PANEL_04_HIRING_MANAGER,INTERVIEW,CONSUMED,1.0,2026-12-21T10:00:00+09:00,ACTUAL_PARTICIPATION
EA_000287,APP0181_FIRST_INTERVIEW,APP0181_FIRST_INTERVIEW_FIRST_INTERVIEW_SESSION,FIRST_PANEL_04_TECHNICAL_REVIEWER,INTERVIEW,CONSUMED,1.0,2026-12-21T10:00:00+09:00,ACTUAL_PARTICIPATION
EA_000288,APP0181_FIRST_INTERVIEW,APP0181_FIRST_INTERVIEW_CALIBRATION,FIRST_PANEL_04_ML_ENGINEER,CALIBRATION,RESERVED,0.25,2026-12-21T10:00:00+09:00,CALIBRATION_REQUIRED
EA_000289,APP0181_FIRST_INTERVIEW,APP0181_FIRST_INTERVIEW_CALIBRATION,FIRST_PANEL_04_ML_ENGINEER,CALIBRATION,CONSUMED,0.25,2026-12-21T10:15:00+09:00,ACTUAL_PARTICIPATION
EA_000290,APP0181_FIRST_INTERVIEW,APP0181_FIRST_INTERVIEW_CALIBRATION,FIRST_PANEL_04_HIRING_MANAGER,CALIBRATION,RESERVED,0.25,2026-12-21T10:00:00+09:00,CALIBRATION_REQUIRED
EA_000291,APP0181_FIRST_INTERVIEW,APP0181_FIRST_INTERVIEW_CALIBRATION,FIRST_PANEL_04_HIRING_MANAGER,CALIBRATION,CONSUMED,0.25,2026-12-21T10:15:00+09:00,ACTUAL_PARTICIPATION
EA_000292,APP0189_FIRST_INTERVIEW,,FIRST_PANEL_05_ML_ENGINEER,INTERVIEW,RESERVED,1.0,2026-12-04T16:21:00+09:00,SCHEDULED_ALLOCATION
EA_000293,APP0189_FIRST_INTERVIEW,,FIRST_PANEL_05_HIRING_MANAGER,INTERVIEW,RESERVED,1.0,2026-12-04T16:21:00+09:00,SCHEDULED_ALLOCATION
EA_000294,APP0189_FIRST_INTERVIEW,,FIRST_PANEL_05_TECHNICAL_REVIEWER,INTERVIEW,RESERVED,1.0,2026-12-04T16:21:00+09:00,SCHEDULED_ALLOCATION
EA_000295,APP0189_FIRST_INTERVIEW,APP0189_FIRST_INTERVIEW_FIRST_INTERVIEW_SESSION,FIRST_PANEL_05_ML_ENGINEER,INTERVIEW,CONSUMED,1.0,2026-12-21T10:00:00+09:00,ACTUAL_PARTICIPATION
EA_000296,APP0189_FIRST_INTERVIEW,APP0189_FIRST_INTERVIEW_FIRST_INTERVIEW_SESSION,FIRST_PANEL_05_HIRING_MANAGER,INTERVIEW,CONSUMED,1.0,2026-12-21T10:00:00+09:00,ACTUAL_PARTICIPATION
EA_000297,APP0189_FIRST_INTERVIEW,APP0189_FIRST_INTERVIEW_FIRST_INTERVIEW_SESSION,FIRST_PANEL_05_TECHNICAL_REVIEWER,INTERVIEW,CONSUMED,1.0,2026-12-21T10:00:00+09:00,ACTUAL_PARTICIPATION
EA_000298,APP0189_FIRST_INTERVIEW,APP0189_FIRST_INTERVIEW_CALIBRATION,FIRST_PANEL_05_ML_ENGINEER,CALIBRATION,RESERVED,0.25,2026-12-21T10:00:00+09:00,CALIBRATION_REQUIRED
EA_000299,APP0189_FIRST_INTERVIEW,APP0189_FIRST_INTERVIEW_CALIBRATION,FIRST_PANEL_05_ML_ENGINEER,CALIBRATION,CONSUMED,0.25,2026-12-21T10:15:00+09:00,ACTUAL_PARTICIPATION
EA_000300,APP0189_FIRST_INTERVIEW,APP0189_FIRST_INTERVIEW_CALIBRATION,FIRST_PANEL_05_HIRING_MANAGER,CALIBRATION,RESERVED,0.25,2026-12-21T10:00:00+09:00,CALIBRATION_REQUIRED
EA_000301,APP0189_FIRST_INTERVIEW,APP0189_FIRST_INTERVIEW_CALIBRATION,FIRST_PANEL_05_HIRING_MANAGER,CALIBRATION,CONSUMED,0.25,2026-12-21T10:15:00+09:00,ACTUAL_PARTICIPATION
EA_000302,APP0193_FIRST_INTERVIEW,,FIRST_PANEL_06_ML_ENGINEER,INTERVIEW,RESERVED,1.0,2026-12-04T16:21:00+09:00,SCHEDULED_ALLOCATION
EA_000303,APP0193_FIRST_INTERVIEW,,FIRST_PANEL_06_HIRING_MANAGER,INTERVIEW,RESERVED,1.0,2026-12-04T16:21:00+09:00,SCHEDULED_ALLOCATION
EA_000304,APP0193_FIRST_INTERVIEW,,FIRST_PANEL_06_TECHNICAL_REVIEWER,INTERVIEW,RESERVED,1.0,2026-12-04T16:21:00+09:00,SCHEDULED_ALLOCATION
EA_000305,APP0193_FIRST_INTERVIEW,APP0193_FIRST_INTERVIEW_FIRST_INTERVIEW_SESSION,FIRST_PANEL_06_ML_ENGINEER,INTERVIEW,CONSUMED,1.0,2026-12-21T10:00:00+09:00,ACTUAL_PARTICIPATION
EA_000306,APP0193_FIRST_INTERVIEW,APP0193_FIRST_INTERVIEW_FIRST_INTERVIEW_SESSION,FIRST_PANEL_06_HIRING_MANAGER,INTERVIEW,CONSUMED,1.0,2026-12-21T10:00:00+09:00,ACTUAL_PARTICIPATION
EA_000307,APP0193_FIRST_INTERVIEW,APP0193_FIRST_INTERVIEW_FIRST_INTERVIEW_SESSION,FIRST_PANEL_06_TECHNICAL_REVIEWER,INTERVIEW,CONSUMED,1.0,2026-12-21T10:00:00+09:00,ACTUAL_PARTICIPATION
EA_000308,APP0193_FIRST_INTERVIEW,APP0193_FIRST_INTERVIEW_CALIBRATION,FIRST_PANEL_06_ML_ENGINEER,CALIBRATION,RESERVED,0.25,2026-12-21T10:00:00+09:00,CALIBRATION_REQUIRED
EA_000309,APP0193_FIRST_INTERVIEW,APP0193_FIRST_INTERVIEW_CALIBRATION,FIRST_PANEL_06_ML_ENGINEER,CALIBRATION,CONSUMED,0.25,2026-12-21T10:15:00+09:00,ACTUAL_PARTICIPATION
EA_000310,APP0193_FIRST_INTERVIEW,APP0193_FIRST_INTERVIEW_CALIBRATION,FIRST_PANEL_06_HIRING_MANAGER,CALIBRATION,RESERVED,0.25,2026-12-21T10:00:00+09:00,CALIBRATION_REQUIRED
EA_000311,APP0193_FIRST_INTERVIEW,APP0193_FIRST_INTERVIEW_CALIBRATION,FIRST_PANEL_06_HIRING_MANAGER,CALIBRATION,CONSUMED,0.25,2026-12-21T10:15:00+09:00,ACTUAL_PARTICIPATION
EA_000312,APP0194_FIRST_INTERVIEW,,FIRST_PANEL_07_ML_ENGINEER,INTERVIEW,RESERVED,1.0,2026-12-04T16:21:00+09:00,SCHEDULED_ALLOCATION
EA_000313,APP0194_FIRST_INTERVIEW,,FIRST_PANEL_07_HIRING_MANAGER,INTERVIEW,RESERVED,1.0,2026-12-04T16:21:00+09:00,SCHEDULED_ALLOCATION
EA_000314,APP0194_FIRST_INTERVIEW,,FIRST_PANEL_07_TECHNICAL_REVIEWER,INTERVIEW,RESERVED,1.0,2026-12-04T16:21:00+09:00,SCHEDULED_ALLOCATION
EA_000315,APP0194_FIRST_INTERVIEW,APP0194_FIRST_INTERVIEW_FIRST_INTERVIEW_SESSION,FIRST_PANEL_07_ML_ENGINEER,INTERVIEW,CONSUMED,1.0,2026-12-21T10:00:00+09:00,ACTUAL_PARTICIPATION
EA_000316,APP0194_FIRST_INTERVIEW,APP0194_FIRST_INTERVIEW_FIRST_INTERVIEW_SESSION,FIRST_PANEL_07_HIRING_MANAGER,INTERVIEW,CONSUMED,1.0,2026-12-21T10:00:00+09:00,ACTUAL_PARTICIPATION
EA_000317,APP0194_FIRST_INTERVIEW,APP0194_FIRST_INTERVIEW_FIRST_INTERVIEW_SESSION,FIRST_PANEL_07_TECHNICAL_REVIEWER,INTERVIEW,CONSUMED,1.0,2026-12-21T10:00:00+09:00,ACTUAL_PARTICIPATION
EA_000318,APP0194_FIRST_INTERVIEW,APP0194_FIRST_INTERVIEW_CALIBRATION,FIRST_PANEL_07_ML_ENGINEER,CALIBRATION,RESERVED,0.25,2026-12-21T10:00:00+09:00,CALIBRATION_REQUIRED
EA_000319,APP0194_FIRST_INTERVIEW,APP0194_FIRST_INTERVIEW_CALIBRATION,FIRST_PANEL_07_ML_ENGINEER,CALIBRATION,CONSUMED,0.25,2026-12-21T10:15:00+09:00,ACTUAL_PARTICIPATION
EA_000320,APP0194_FIRST_INTERVIEW,APP0194_FIRST_INTERVIEW_CALIBRATION,FIRST_PANEL_07_HIRING_MANAGER,CALIBRATION,RESERVED,0.25,2026-12-21T10:00:00+09:00,CALIBRATION_REQUIRED
EA_000321,APP0194_FIRST_INTERVIEW,APP0194_FIRST_INTERVIEW_CALIBRATION,FIRST_PANEL_07_HIRING_MANAGER,CALIBRATION,CONSUMED,0.25,2026-12-21T10:15:00+09:00,ACTUAL_PARTICIPATION
EA_000322,APP0202_FIRST_INTERVIEW,,FIRST_PANEL_08_ML_ENGINEER,INTERVIEW,RESERVED,1.0,2026-12-04T16:21:00+09:00,SCHEDULED_ALLOCATION
EA_000323,APP0202_FIRST_INTERVIEW,,FIRST_PANEL_08_HIRING_MANAGER,INTERVIEW,RESERVED,1.0,2026-12-04T16:21:00+09:00,SCHEDULED_ALLOCATION
EA_000324,APP0202_FIRST_INTERVIEW,,FIRST_PANEL_08_TECHNICAL_REVIEWER,INTERVIEW,RESERVED,1.0,2026-12-04T16:21:00+09:00,SCHEDULED_ALLOCATION
EA_000325,APP0202_FIRST_INTERVIEW,APP0202_FIRST_INTERVIEW_FIRST_INTERVIEW_SESSION,FIRST_PANEL_08_ML_ENGINEER,INTERVIEW,CONSUMED,1.0,2026-12-21T10:00:00+09:00,ACTUAL_PARTICIPATION
EA_000326,APP0202_FIRST_INTERVIEW,APP0202_FIRST_INTERVIEW_FIRST_INTERVIEW_SESSION,FIRST_PANEL_08_HIRING_MANAGER,INTERVIEW,CONSUMED,1.0,2026-12-21T10:00:00+09:00,ACTUAL_PARTICIPATION
EA_000327,APP0202_FIRST_INTERVIEW,APP0202_FIRST_INTERVIEW_FIRST_INTERVIEW_SESSION,FIRST_PANEL_08_TECHNICAL_REVIEWER,INTERVIEW,CONSUMED,1.0,2026-12-21T10:00:00+09:00,ACTUAL_PARTICIPATION
EA_000328,APP0202_FIRST_INTERVIEW,APP0202_FIRST_INTERVIEW_CALIBRATION,FIRST_PANEL_08_ML_ENGINEER,CALIBRATION,RESERVED,0.25,2026-12-21T10:00:00+09:00,CALIBRATION_REQUIRED
EA_000329,APP0202_FIRST_INTERVIEW,APP0202_FIRST_INTERVIEW_CALIBRATION,FIRST_PANEL_08_ML_ENGINEER,CALIBRATION,CONSUMED,0.25,2026-12-21T10:15:00+09:00,ACTUAL_PARTICIPATION
EA_000330,APP0202_FIRST_INTERVIEW,APP0202_FIRST_INTERVIEW_CALIBRATION,FIRST_PANEL_08_HIRING_MANAGER,CALIBRATION,RESERVED,0.25,2026-12-21T10:00:00+09:00,CALIBRATION_REQUIRED
EA_000331,APP0202_FIRST_INTERVIEW,APP0202_FIRST_INTERVIEW_CALIBRATION,FIRST_PANEL_08_HIRING_MANAGER,CALIBRATION,CONSUMED,0.25,2026-12-21T10:15:00+09:00,ACTUAL_PARTICIPATION
EA_000332,APP0205_FIRST_INTERVIEW,,FIRST_PANEL_09_ML_ENGINEER,INTERVIEW,RESERVED,1.0,2026-12-04T16:21:00+09:00,SCHEDULED_ALLOCATION
EA_000333,APP0205_FIRST_INTERVIEW,,FIRST_PANEL_09_HIRING_MANAGER,INTERVIEW,RESERVED,1.0,2026-12-04T16:21:00+09:00,SCHEDULED_ALLOCATION
EA_000334,APP0205_FIRST_INTERVIEW,,FIRST_PANEL_09_TECHNICAL_REVIEWER,INTERVIEW,RESERVED,1.0,2026-12-04T16:21:00+09:00,SCHEDULED_ALLOCATION
EA_000335,APP0205_FIRST_INTERVIEW,APP0205_FIRST_INTERVIEW_FIRST_INTERVIEW_SESSION,FIRST_PANEL_09_ML_ENGINEER,INTERVIEW,CONSUMED,1.0,2026-12-21T10:00:00+09:00,ACTUAL_PARTICIPATION
EA_000336,APP0205_FIRST_INTERVIEW,APP0205_FIRST_INTERVIEW_FIRST_INTERVIEW_SESSION,FIRST_PANEL_09_HIRING_MANAGER,INTERVIEW,CONSUMED,1.0,2026-12-21T10:00:00+09:00,ACTUAL_PARTICIPATION
EA_000337,APP0205_FIRST_INTERVIEW,APP0205_FIRST_INTERVIEW_FIRST_INTERVIEW_SESSION,FIRST_PANEL_09_TECHNICAL_REVIEWER,INTERVIEW,CONSUMED,1.0,2026-12-21T10:00:00+09:00,ACTUAL_PARTICIPATION
EA_000338,APP0205_FIRST_INTERVIEW,APP0205_FIRST_INTERVIEW_CALIBRATION,FIRST_PANEL_09_ML_ENGINEER,CALIBRATION,RESERVED,0.25,2026-12-21T10:00:00+09:00,CALIBRATION_REQUIRED
EA_000339,APP0205_FIRST_INTERVIEW,APP0205_FIRST_INTERVIEW_CALIBRATION,FIRST_PANEL_09_ML_ENGINEER,CALIBRATION,CONSUMED,0.25,2026-12-21T10:15:00+09:00,ACTUAL_PARTICIPATION
EA_000340,APP0205_FIRST_INTERVIEW,APP0205_FIRST_INTERVIEW_CALIBRATION,FIRST_PANEL_09_HIRING_MANAGER,CALIBRATION,RESERVED,0.25,2026-12-21T10:00:00+09:00,CALIBRATION_REQUIRED
EA_000341,APP0205_FIRST_INTERVIEW,APP0205_FIRST_INTERVIEW_CALIBRATION,FIRST_PANEL_09_HIRING_MANAGER,CALIBRATION,CONSUMED,0.25,2026-12-21T10:15:00+09:00,ACTUAL_PARTICIPATION
EA_000342,APP0216_FIRST_INTERVIEW,,FIRST_PANEL_10_ML_ENGINEER,INTERVIEW,RESERVED,1.0,2026-12-04T16:21:00+09:00,SCHEDULED_ALLOCATION
EA_000343,APP0216_FIRST_INTERVIEW,,FIRST_PANEL_10_HIRING_MANAGER,INTERVIEW,RESERVED,1.0,2026-12-04T16:21:00+09:00,SCHEDULED_ALLOCATION
EA_000344,APP0216_FIRST_INTERVIEW,,FIRST_PANEL_10_TECHNICAL_REVIEWER,INTERVIEW,RESERVED,1.0,2026-12-04T16:21:00+09:00,SCHEDULED_ALLOCATION
EA_000345,APP0216_FIRST_INTERVIEW,APP0216_FIRST_INTERVIEW_FIRST_INTERVIEW_SESSION,FIRST_PANEL_10_ML_ENGINEER,INTERVIEW,CONSUMED,1.0,2026-12-21T10:00:00+09:00,ACTUAL_PARTICIPATION
EA_000346,APP0216_FIRST_INTERVIEW,APP0216_FIRST_INTERVIEW_FIRST_INTERVIEW_SESSION,FIRST_PANEL_10_HIRING_MANAGER,INTERVIEW,CONSUMED,1.0,2026-12-21T10:00:00+09:00,ACTUAL_PARTICIPATION
EA_000347,APP0216_FIRST_INTERVIEW,APP0216_FIRST_INTERVIEW_FIRST_INTERVIEW_SESSION,FIRST_PANEL_10_TECHNICAL_REVIEWER,INTERVIEW,CONSUMED,1.0,2026-12-21T10:00:00+09:00,ACTUAL_PARTICIPATION
EA_000348,APP0222_FIRST_INTERVIEW,,FIRST_PANEL_01_ML_ENGINEER,INTERVIEW,RESERVED,1.0,2026-12-04T16:21:00+09:00,SCHEDULED_ALLOCATION
EA_000349,APP0222_FIRST_INTERVIEW,,FIRST_PANEL_01_HIRING_MANAGER,INTERVIEW,RESERVED,1.0,2026-12-04T16:21:00+09:00,SCHEDULED_ALLOCATION
EA_000350,APP0222_FIRST_INTERVIEW,,FIRST_PANEL_01_TECHNICAL_REVIEWER,INTERVIEW,RESERVED,1.0,2026-12-04T16:21:00+09:00,SCHEDULED_ALLOCATION
EA_000351,APP0222_FIRST_INTERVIEW,,FIRST_PANEL_01_ML_ENGINEER,INTERVIEW,RELEASED,1.0,2026-12-25T09:00:00+09:00,NO_RESPONSE_UNUSED
EA_000352,APP0222_FIRST_INTERVIEW,,FIRST_PANEL_01_HIRING_MANAGER,INTERVIEW,RELEASED,1.0,2026-12-25T09:00:00+09:00,NO_RESPONSE_UNUSED
EA_000353,APP0222_FIRST_INTERVIEW,,FIRST_PANEL_01_TECHNICAL_REVIEWER,INTERVIEW,RELEASED,1.0,2026-12-25T09:00:00+09:00,NO_RESPONSE_UNUSED
EA_000354,APP0223_FIRST_INTERVIEW,,FIRST_PANEL_02_ML_ENGINEER,INTERVIEW,RESERVED,1.0,2026-12-04T16:21:00+09:00,SCHEDULED_ALLOCATION
EA_000355,APP0223_FIRST_INTERVIEW,,FIRST_PANEL_02_HIRING_MANAGER,INTERVIEW,RESERVED,1.0,2026-12-04T16:21:00+09:00,SCHEDULED_ALLOCATION
EA_000356,APP0223_FIRST_INTERVIEW,,FIRST_PANEL_02_TECHNICAL_REVIEWER,INTERVIEW,RESERVED,1.0,2026-12-04T16:21:00+09:00,SCHEDULED_ALLOCATION
EA_000357,APP0223_FIRST_INTERVIEW,APP0223_FIRST_INTERVIEW_FIRST_INTERVIEW_SESSION,FIRST_PANEL_02_ML_ENGINEER,INTERVIEW,CONSUMED,1.0,2026-12-24T10:00:00+09:00,ACTUAL_PARTICIPATION
EA_000358,APP0223_FIRST_INTERVIEW,APP0223_FIRST_INTERVIEW_FIRST_INTERVIEW_SESSION,FIRST_PANEL_02_HIRING_MANAGER,INTERVIEW,CONSUMED,1.0,2026-12-24T10:00:00+09:00,ACTUAL_PARTICIPATION
EA_000359,APP0223_FIRST_INTERVIEW,APP0223_FIRST_INTERVIEW_FIRST_INTERVIEW_SESSION,FIRST_PANEL_02_TECHNICAL_REVIEWER,INTERVIEW,CONSUMED,1.0,2026-12-24T10:00:00+09:00,ACTUAL_PARTICIPATION
EA_000360,APP0223_FIRST_INTERVIEW,APP0223_FIRST_INTERVIEW_CALIBRATION,FIRST_PANEL_02_ML_ENGINEER,CALIBRATION,RESERVED,0.25,2026-12-24T10:00:00+09:00,CALIBRATION_REQUIRED
EA_000361,APP0223_FIRST_INTERVIEW,APP0223_FIRST_INTERVIEW_CALIBRATION,FIRST_PANEL_02_ML_ENGINEER,CALIBRATION,CONSUMED,0.25,2026-12-24T10:15:00+09:00,ACTUAL_PARTICIPATION
EA_000362,APP0223_FIRST_INTERVIEW,APP0223_FIRST_INTERVIEW_CALIBRATION,FIRST_PANEL_02_HIRING_MANAGER,CALIBRATION,RESERVED,0.25,2026-12-24T10:00:00+09:00,CALIBRATION_REQUIRED
EA_000363,APP0223_FIRST_INTERVIEW,APP0223_FIRST_INTERVIEW_CALIBRATION,FIRST_PANEL_02_HIRING_MANAGER,CALIBRATION,CONSUMED,0.25,2026-12-24T10:15:00+09:00,ACTUAL_PARTICIPATION
EA_000364,APP0228_FIRST_INTERVIEW,,FIRST_PANEL_03_ML_ENGINEER,INTERVIEW,RESERVED,1.0,2026-12-04T16:21:00+09:00,SCHEDULED_ALLOCATION
EA_000365,APP0228_FIRST_INTERVIEW,,FIRST_PANEL_03_HIRING_MANAGER,INTERVIEW,RESERVED,1.0,2026-12-04T16:21:00+09:00,SCHEDULED_ALLOCATION
EA_000366,APP0228_FIRST_INTERVIEW,,FIRST_PANEL_03_TECHNICAL_REVIEWER,INTERVIEW,RESERVED,1.0,2026-12-04T16:21:00+09:00,SCHEDULED_ALLOCATION
EA_000367,APP0228_FIRST_INTERVIEW,APP0228_FIRST_INTERVIEW_FIRST_INTERVIEW_SESSION,FIRST_PANEL_03_ML_ENGINEER,INTERVIEW,CONSUMED,1.0,2026-12-24T10:00:00+09:00,ACTUAL_PARTICIPATION
EA_000368,APP0228_FIRST_INTERVIEW,APP0228_FIRST_INTERVIEW_FIRST_INTERVIEW_SESSION,FIRST_PANEL_03_HIRING_MANAGER,INTERVIEW,CONSUMED,1.0,2026-12-24T10:00:00+09:00,ACTUAL_PARTICIPATION
EA_000369,APP0228_FIRST_INTERVIEW,APP0228_FIRST_INTERVIEW_FIRST_INTERVIEW_SESSION,FIRST_PANEL_03_TECHNICAL_REVIEWER,INTERVIEW,CONSUMED,1.0,2026-12-24T10:00:00+09:00,ACTUAL_PARTICIPATION
EA_000370,APP0228_FIRST_INTERVIEW,APP0228_FIRST_INTERVIEW_CALIBRATION,FIRST_PANEL_03_ML_ENGINEER,CALIBRATION,RESERVED,0.25,2026-12-24T10:00:00+09:00,CALIBRATION_REQUIRED
EA_000371,APP0228_FIRST_INTERVIEW,APP0228_FIRST_INTERVIEW_CALIBRATION,FIRST_PANEL_03_ML_ENGINEER,CALIBRATION,CONSUMED,0.25,2026-12-24T10:15:00+09:00,ACTUAL_PARTICIPATION
EA_000372,APP0228_FIRST_INTERVIEW,APP0228_FIRST_INTERVIEW_CALIBRATION,FIRST_PANEL_03_HIRING_MANAGER,CALIBRATION,RESERVED,0.25,2026-12-24T10:00:00+09:00,CALIBRATION_REQUIRED
EA_000373,APP0228_FIRST_INTERVIEW,APP0228_FIRST_INTERVIEW_CALIBRATION,FIRST_PANEL_03_HIRING_MANAGER,CALIBRATION,CONSUMED,0.25,2026-12-24T10:15:00+09:00,ACTUAL_PARTICIPATION
EA_000374,APP0235_FIRST_INTERVIEW,,FIRST_PANEL_04_ML_ENGINEER,INTERVIEW,RESERVED,1.0,2026-12-04T16:21:00+09:00,SCHEDULED_ALLOCATION
EA_000375,APP0235_FIRST_INTERVIEW,,FIRST_PANEL_04_HIRING_MANAGER,INTERVIEW,RESERVED,1.0,2026-12-04T16:21:00+09:00,SCHEDULED_ALLOCATION
EA_000376,APP0235_FIRST_INTERVIEW,,FIRST_PANEL_04_TECHNICAL_REVIEWER,INTERVIEW,RESERVED,1.0,2026-12-04T16:21:00+09:00,SCHEDULED_ALLOCATION
EA_000377,APP0235_FIRST_INTERVIEW,APP0235_FIRST_INTERVIEW_FIRST_INTERVIEW_SESSION,FIRST_PANEL_04_ML_ENGINEER,INTERVIEW,CONSUMED,1.0,2026-12-24T10:00:00+09:00,ACTUAL_PARTICIPATION
EA_000378,APP0235_FIRST_INTERVIEW,APP0235_FIRST_INTERVIEW_FIRST_INTERVIEW_SESSION,FIRST_PANEL_04_HIRING_MANAGER,INTERVIEW,CONSUMED,1.0,2026-12-24T10:00:00+09:00,ACTUAL_PARTICIPATION
EA_000379,APP0235_FIRST_INTERVIEW,APP0235_FIRST_INTERVIEW_FIRST_INTERVIEW_SESSION,FIRST_PANEL_04_TECHNICAL_REVIEWER,INTERVIEW,CONSUMED,1.0,2026-12-24T10:00:00+09:00,ACTUAL_PARTICIPATION
EA_000380,APP0235_FIRST_INTERVIEW,APP0235_FIRST_INTERVIEW_CALIBRATION,FIRST_PANEL_04_ML_ENGINEER,CALIBRATION,RESERVED,0.25,2026-12-24T10:00:00+09:00,CALIBRATION_REQUIRED
EA_000381,APP0235_FIRST_INTERVIEW,APP0235_FIRST_INTERVIEW_CALIBRATION,FIRST_PANEL_04_ML_ENGINEER,CALIBRATION,CONSUMED,0.25,2026-12-24T10:15:00+09:00,ACTUAL_PARTICIPATION
EA_000382,APP0235_FIRST_INTERVIEW,APP0235_FIRST_INTERVIEW_CALIBRATION,FIRST_PANEL_04_HIRING_MANAGER,CALIBRATION,RESERVED,0.25,2026-12-24T10:00:00+09:00,CALIBRATION_REQUIRED
EA_000383,APP0235_FIRST_INTERVIEW,APP0235_FIRST_INTERVIEW_CALIBRATION,FIRST_PANEL_04_HIRING_MANAGER,CALIBRATION,CONSUMED,0.25,2026-12-24T10:15:00+09:00,ACTUAL_PARTICIPATION
EA_000384,APP0237_FIRST_INTERVIEW,,FIRST_PANEL_05_ML_ENGINEER,INTERVIEW,RESERVED,1.0,2026-12-04T16:21:00+09:00,SCHEDULED_ALLOCATION
EA_000385,APP0237_FIRST_INTERVIEW,,FIRST_PANEL_05_HIRING_MANAGER,INTERVIEW,RESERVED,1.0,2026-12-04T16:21:00+09:00,SCHEDULED_ALLOCATION
EA_000386,APP0237_FIRST_INTERVIEW,,FIRST_PANEL_05_TECHNICAL_REVIEWER,INTERVIEW,RESERVED,1.0,2026-12-04T16:21:00+09:00,SCHEDULED_ALLOCATION
EA_000387,APP0237_FIRST_INTERVIEW,APP0237_FIRST_INTERVIEW_FIRST_INTERVIEW_SESSION,FIRST_PANEL_05_ML_ENGINEER,INTERVIEW,CONSUMED,1.0,2026-12-24T10:00:00+09:00,ACTUAL_PARTICIPATION
EA_000388,APP0237_FIRST_INTERVIEW,APP0237_FIRST_INTERVIEW_FIRST_INTERVIEW_SESSION,FIRST_PANEL_05_HIRING_MANAGER,INTERVIEW,CONSUMED,1.0,2026-12-24T10:00:00+09:00,ACTUAL_PARTICIPATION
EA_000389,APP0237_FIRST_INTERVIEW,APP0237_FIRST_INTERVIEW_FIRST_INTERVIEW_SESSION,FIRST_PANEL_05_TECHNICAL_REVIEWER,INTERVIEW,CONSUMED,1.0,2026-12-24T10:00:00+09:00,ACTUAL_PARTICIPATION
EA_000390,APP0238_FIRST_INTERVIEW,,FIRST_PANEL_06_ML_ENGINEER,INTERVIEW,RESERVED,1.0,2026-12-04T16:21:00+09:00,SCHEDULED_ALLOCATION
EA_000391,APP0238_FIRST_INTERVIEW,,FIRST_PANEL_06_HIRING_MANAGER,INTERVIEW,RESERVED,1.0,2026-12-04T16:21:00+09:00,SCHEDULED_ALLOCATION
EA_000392,APP0238_FIRST_INTERVIEW,,FIRST_PANEL_06_TECHNICAL_REVIEWER,INTERVIEW,RESERVED,1.0,2026-12-04T16:21:00+09:00,SCHEDULED_ALLOCATION
EA_000393,APP0238_FIRST_INTERVIEW,APP0238_FIRST_INTERVIEW_FIRST_INTERVIEW_SESSION,FIRST_PANEL_06_ML_ENGINEER,INTERVIEW,CONSUMED,1.0,2026-12-24T10:00:00+09:00,ACTUAL_PARTICIPATION
EA_000394,APP0238_FIRST_INTERVIEW,APP0238_FIRST_INTERVIEW_FIRST_INTERVIEW_SESSION,FIRST_PANEL_06_HIRING_MANAGER,INTERVIEW,CONSUMED,1.0,2026-12-24T10:00:00+09:00,ACTUAL_PARTICIPATION
EA_000395,APP0238_FIRST_INTERVIEW,APP0238_FIRST_INTERVIEW_FIRST_INTERVIEW_SESSION,FIRST_PANEL_06_TECHNICAL_REVIEWER,INTERVIEW,CONSUMED,1.0,2026-12-24T10:00:00+09:00,ACTUAL_PARTICIPATION
EA_000396,APP0238_FIRST_INTERVIEW,APP0238_FIRST_INTERVIEW_CALIBRATION,FIRST_PANEL_06_ML_ENGINEER,CALIBRATION,RESERVED,0.25,2026-12-24T10:00:00+09:00,CALIBRATION_REQUIRED
EA_000397,APP0238_FIRST_INTERVIEW,APP0238_FIRST_INTERVIEW_CALIBRATION,FIRST_PANEL_06_ML_ENGINEER,CALIBRATION,CONSUMED,0.25,2026-12-24T10:15:00+09:00,ACTUAL_PARTICIPATION
EA_000398,APP0238_FIRST_INTERVIEW,APP0238_FIRST_INTERVIEW_CALIBRATION,FIRST_PANEL_06_HIRING_MANAGER,CALIBRATION,RESERVED,0.25,2026-12-24T10:00:00+09:00,CALIBRATION_REQUIRED
EA_000399,APP0238_FIRST_INTERVIEW,APP0238_FIRST_INTERVIEW_CALIBRATION,FIRST_PANEL_06_HIRING_MANAGER,CALIBRATION,CONSUMED,0.25,2026-12-24T10:15:00+09:00,ACTUAL_PARTICIPATION
EA_000400,APP0240_FIRST_INTERVIEW,,FIRST_PANEL_07_ML_ENGINEER,INTERVIEW,RESERVED,1.0,2026-12-04T16:21:00+09:00,SCHEDULED_ALLOCATION
EA_000401,APP0240_FIRST_INTERVIEW,,FIRST_PANEL_07_HIRING_MANAGER,INTERVIEW,RESERVED,1.0,2026-12-04T16:21:00+09:00,SCHEDULED_ALLOCATION
EA_000402,APP0240_FIRST_INTERVIEW,,FIRST_PANEL_07_TECHNICAL_REVIEWER,INTERVIEW,RESERVED,1.0,2026-12-04T16:21:00+09:00,SCHEDULED_ALLOCATION
EA_000403,APP0240_FIRST_INTERVIEW,,FIRST_PANEL_07_ML_ENGINEER,INTERVIEW,RELEASED,1.0,2026-12-25T09:00:00+09:00,NO_RESPONSE_UNUSED
EA_000404,APP0240_FIRST_INTERVIEW,,FIRST_PANEL_07_HIRING_MANAGER,INTERVIEW,RELEASED,1.0,2026-12-25T09:00:00+09:00,NO_RESPONSE_UNUSED
EA_000405,APP0240_FIRST_INTERVIEW,,FIRST_PANEL_07_TECHNICAL_REVIEWER,INTERVIEW,RELEASED,1.0,2026-12-25T09:00:00+09:00,NO_RESPONSE_UNUSED
EA_000406,APP0258_FIRST_INTERVIEW,,FIRST_PANEL_08_ML_ENGINEER,INTERVIEW,RESERVED,1.0,2026-12-04T16:21:00+09:00,SCHEDULED_ALLOCATION
EA_000407,APP0258_FIRST_INTERVIEW,,FIRST_PANEL_08_HIRING_MANAGER,INTERVIEW,RESERVED,1.0,2026-12-04T16:21:00+09:00,SCHEDULED_ALLOCATION
EA_000408,APP0258_FIRST_INTERVIEW,,FIRST_PANEL_08_TECHNICAL_REVIEWER,INTERVIEW,RESERVED,1.0,2026-12-04T16:21:00+09:00,SCHEDULED_ALLOCATION
EA_000409,APP0258_FIRST_INTERVIEW,APP0258_FIRST_INTERVIEW_FIRST_INTERVIEW_SESSION,FIRST_PANEL_08_ML_ENGINEER,INTERVIEW,CONSUMED,1.0,2026-12-24T10:00:00+09:00,ACTUAL_PARTICIPATION
EA_000410,APP0258_FIRST_INTERVIEW,APP0258_FIRST_INTERVIEW_FIRST_INTERVIEW_SESSION,FIRST_PANEL_08_HIRING_MANAGER,INTERVIEW,CONSUMED,1.0,2026-12-24T10:00:00+09:00,ACTUAL_PARTICIPATION
EA_000411,APP0258_FIRST_INTERVIEW,APP0258_FIRST_INTERVIEW_FIRST_INTERVIEW_SESSION,FIRST_PANEL_08_TECHNICAL_REVIEWER,INTERVIEW,CONSUMED,1.0,2026-12-24T10:00:00+09:00,ACTUAL_PARTICIPATION
EA_000412,APP0258_FIRST_INTERVIEW,APP0258_FIRST_INTERVIEW_CALIBRATION,FIRST_PANEL_08_ML_ENGINEER,CALIBRATION,RESERVED,0.25,2026-12-24T10:00:00+09:00,CALIBRATION_REQUIRED
EA_000413,APP0258_FIRST_INTERVIEW,APP0258_FIRST_INTERVIEW_CALIBRATION,FIRST_PANEL_08_ML_ENGINEER,CALIBRATION,CONSUMED,0.25,2026-12-24T10:15:00+09:00,ACTUAL_PARTICIPATION
EA_000414,APP0258_FIRST_INTERVIEW,APP0258_FIRST_INTERVIEW_CALIBRATION,FIRST_PANEL_08_HIRING_MANAGER,CALIBRATION,RESERVED,0.25,2026-12-24T10:00:00+09:00,CALIBRATION_REQUIRED
EA_000415,APP0258_FIRST_INTERVIEW,APP0258_FIRST_INTERVIEW_CALIBRATION,FIRST_PANEL_08_HIRING_MANAGER,CALIBRATION,CONSUMED,0.25,2026-12-24T10:15:00+09:00,ACTUAL_PARTICIPATION
EA_000416,APP0268_FIRST_INTERVIEW,,FIRST_PANEL_09_ML_ENGINEER,INTERVIEW,RESERVED,1.0,2026-12-04T16:21:00+09:00,SCHEDULED_ALLOCATION
EA_000417,APP0268_FIRST_INTERVIEW,,FIRST_PANEL_09_HIRING_MANAGER,INTERVIEW,RESERVED,1.0,2026-12-04T16:21:00+09:00,SCHEDULED_ALLOCATION
EA_000418,APP0268_FIRST_INTERVIEW,,FIRST_PANEL_09_TECHNICAL_REVIEWER,INTERVIEW,RESERVED,1.0,2026-12-04T16:21:00+09:00,SCHEDULED_ALLOCATION
EA_000419,APP0268_FIRST_INTERVIEW,APP0268_FIRST_INTERVIEW_FIRST_INTERVIEW_SESSION,FIRST_PANEL_09_ML_ENGINEER,INTERVIEW,CONSUMED,1.0,2026-12-24T10:00:00+09:00,ACTUAL_PARTICIPATION
EA_000420,APP0268_FIRST_INTERVIEW,APP0268_FIRST_INTERVIEW_FIRST_INTERVIEW_SESSION,FIRST_PANEL_09_HIRING_MANAGER,INTERVIEW,CONSUMED,1.0,2026-12-24T10:00:00+09:00,ACTUAL_PARTICIPATION
EA_000421,APP0268_FIRST_INTERVIEW,APP0268_FIRST_INTERVIEW_FIRST_INTERVIEW_SESSION,FIRST_PANEL_09_TECHNICAL_REVIEWER,INTERVIEW,CONSUMED,1.0,2026-12-24T10:00:00+09:00,ACTUAL_PARTICIPATION
EA_000422,APP0268_FIRST_INTERVIEW,APP0268_FIRST_INTERVIEW_CALIBRATION,FIRST_PANEL_09_ML_ENGINEER,CALIBRATION,RESERVED,0.25,2026-12-24T10:00:00+09:00,CALIBRATION_REQUIRED
EA_000423,APP0268_FIRST_INTERVIEW,APP0268_FIRST_INTERVIEW_CALIBRATION,FIRST_PANEL_09_ML_ENGINEER,CALIBRATION,CONSUMED,0.25,2026-12-24T10:15:00+09:00,ACTUAL_PARTICIPATION
EA_000424,APP0268_FIRST_INTERVIEW,APP0268_FIRST_INTERVIEW_CALIBRATION,FIRST_PANEL_09_HIRING_MANAGER,CALIBRATION,RESERVED,0.25,2026-12-24T10:00:00+09:00,CALIBRATION_REQUIRED
EA_000425,APP0268_FIRST_INTERVIEW,APP0268_FIRST_INTERVIEW_CALIBRATION,FIRST_PANEL_09_HIRING_MANAGER,CALIBRATION,CONSUMED,0.25,2026-12-24T10:15:00+09:00,ACTUAL_PARTICIPATION
EA_000426,APP0269_FIRST_INTERVIEW,,FIRST_PANEL_10_ML_ENGINEER,INTERVIEW,RESERVED,1.0,2026-12-04T16:21:00+09:00,SCHEDULED_ALLOCATION
EA_000427,APP0269_FIRST_INTERVIEW,,FIRST_PANEL_10_HIRING_MANAGER,INTERVIEW,RESERVED,1.0,2026-12-04T16:21:00+09:00,SCHEDULED_ALLOCATION
EA_000428,APP0269_FIRST_INTERVIEW,,FIRST_PANEL_10_TECHNICAL_REVIEWER,INTERVIEW,RESERVED,1.0,2026-12-04T16:21:00+09:00,SCHEDULED_ALLOCATION
EA_000429,APP0269_FIRST_INTERVIEW,APP0269_FIRST_INTERVIEW_FIRST_INTERVIEW_SESSION,FIRST_PANEL_10_ML_ENGINEER,INTERVIEW,CONSUMED,1.0,2026-12-24T10:00:00+09:00,ACTUAL_PARTICIPATION
EA_000430,APP0269_FIRST_INTERVIEW,APP0269_FIRST_INTERVIEW_FIRST_INTERVIEW_SESSION,FIRST_PANEL_10_HIRING_MANAGER,INTERVIEW,CONSUMED,1.0,2026-12-24T10:00:00+09:00,ACTUAL_PARTICIPATION
EA_000431,APP0269_FIRST_INTERVIEW,APP0269_FIRST_INTERVIEW_FIRST_INTERVIEW_SESSION,FIRST_PANEL_10_TECHNICAL_REVIEWER,INTERVIEW,CONSUMED,1.0,2026-12-24T10:00:00+09:00,ACTUAL_PARTICIPATION
EA_000432,APP0269_FIRST_INTERVIEW,APP0269_FIRST_INTERVIEW_CALIBRATION,FIRST_PANEL_10_ML_ENGINEER,CALIBRATION,RESERVED,0.25,2026-12-24T10:00:00+09:00,CALIBRATION_REQUIRED
EA_000433,APP0269_FIRST_INTERVIEW,APP0269_FIRST_INTERVIEW_CALIBRATION,FIRST_PANEL_10_ML_ENGINEER,CALIBRATION,CONSUMED,0.25,2026-12-24T10:15:00+09:00,ACTUAL_PARTICIPATION
EA_000434,APP0269_FIRST_INTERVIEW,APP0269_FIRST_INTERVIEW_CALIBRATION,FIRST_PANEL_10_HIRING_MANAGER,CALIBRATION,RESERVED,0.25,2026-12-24T10:00:00+09:00,CALIBRATION_REQUIRED
EA_000435,APP0269_FIRST_INTERVIEW,APP0269_FIRST_INTERVIEW_CALIBRATION,FIRST_PANEL_10_HIRING_MANAGER,CALIBRATION,CONSUMED,0.25,2026-12-24T10:15:00+09:00,ACTUAL_PARTICIPATION
EA_000436,APP0270_FIRST_INTERVIEW,,FIRST_PANEL_01_ML_ENGINEER,INTERVIEW,RESERVED,1.0,2026-12-04T16:21:00+09:00,SCHEDULED_ALLOCATION
EA_000437,APP0270_FIRST_INTERVIEW,,FIRST_PANEL_01_HIRING_MANAGER,INTERVIEW,RESERVED,1.0,2026-12-04T16:21:00+09:00,SCHEDULED_ALLOCATION
EA_000438,APP0270_FIRST_INTERVIEW,,FIRST_PANEL_01_TECHNICAL_REVIEWER,INTERVIEW,RESERVED,1.0,2026-12-04T16:21:00+09:00,SCHEDULED_ALLOCATION
EA_000439,APP0270_FIRST_INTERVIEW,APP0270_FIRST_INTERVIEW_FIRST_INTERVIEW_SESSION,FIRST_PANEL_01_ML_ENGINEER,INTERVIEW,CONSUMED,1.0,2026-12-28T10:00:00+09:00,ACTUAL_PARTICIPATION
EA_000440,APP0270_FIRST_INTERVIEW,APP0270_FIRST_INTERVIEW_FIRST_INTERVIEW_SESSION,FIRST_PANEL_01_HIRING_MANAGER,INTERVIEW,CONSUMED,1.0,2026-12-28T10:00:00+09:00,ACTUAL_PARTICIPATION
EA_000441,APP0270_FIRST_INTERVIEW,APP0270_FIRST_INTERVIEW_FIRST_INTERVIEW_SESSION,FIRST_PANEL_01_TECHNICAL_REVIEWER,INTERVIEW,CONSUMED,1.0,2026-12-28T10:00:00+09:00,ACTUAL_PARTICIPATION
EA_000442,APP0285_FIRST_INTERVIEW,,FIRST_PANEL_02_ML_ENGINEER,INTERVIEW,RESERVED,1.0,2026-12-04T16:21:00+09:00,SCHEDULED_ALLOCATION
EA_000443,APP0285_FIRST_INTERVIEW,,FIRST_PANEL_02_HIRING_MANAGER,INTERVIEW,RESERVED,1.0,2026-12-04T16:21:00+09:00,SCHEDULED_ALLOCATION
EA_000444,APP0285_FIRST_INTERVIEW,,FIRST_PANEL_02_TECHNICAL_REVIEWER,INTERVIEW,RESERVED,1.0,2026-12-04T16:21:00+09:00,SCHEDULED_ALLOCATION
EA_000445,APP0285_FIRST_INTERVIEW,APP0285_FIRST_INTERVIEW_FIRST_INTERVIEW_SESSION,FIRST_PANEL_02_ML_ENGINEER,INTERVIEW,CONSUMED,1.0,2026-12-28T10:00:00+09:00,ACTUAL_PARTICIPATION
EA_000446,APP0285_FIRST_INTERVIEW,APP0285_FIRST_INTERVIEW_FIRST_INTERVIEW_SESSION,FIRST_PANEL_02_HIRING_MANAGER,INTERVIEW,CONSUMED,1.0,2026-12-28T10:00:00+09:00,ACTUAL_PARTICIPATION
EA_000447,APP0285_FIRST_INTERVIEW,APP0285_FIRST_INTERVIEW_FIRST_INTERVIEW_SESSION,FIRST_PANEL_02_TECHNICAL_REVIEWER,INTERVIEW,CONSUMED,1.0,2026-12-28T10:00:00+09:00,ACTUAL_PARTICIPATION
EA_000448,APP0289_FIRST_INTERVIEW,,FIRST_PANEL_03_ML_ENGINEER,INTERVIEW,RESERVED,1.0,2026-12-04T16:21:00+09:00,SCHEDULED_ALLOCATION
EA_000449,APP0289_FIRST_INTERVIEW,,FIRST_PANEL_03_HIRING_MANAGER,INTERVIEW,RESERVED,1.0,2026-12-04T16:21:00+09:00,SCHEDULED_ALLOCATION
EA_000450,APP0289_FIRST_INTERVIEW,,FIRST_PANEL_03_TECHNICAL_REVIEWER,INTERVIEW,RESERVED,1.0,2026-12-04T16:21:00+09:00,SCHEDULED_ALLOCATION
EA_000451,APP0289_FIRST_INTERVIEW,APP0289_FIRST_INTERVIEW_FIRST_INTERVIEW_SESSION,FIRST_PANEL_03_ML_ENGINEER,INTERVIEW,CONSUMED,1.0,2026-12-28T10:00:00+09:00,ACTUAL_PARTICIPATION
EA_000452,APP0289_FIRST_INTERVIEW,APP0289_FIRST_INTERVIEW_FIRST_INTERVIEW_SESSION,FIRST_PANEL_03_HIRING_MANAGER,INTERVIEW,CONSUMED,1.0,2026-12-28T10:00:00+09:00,ACTUAL_PARTICIPATION
EA_000453,APP0289_FIRST_INTERVIEW,APP0289_FIRST_INTERVIEW_FIRST_INTERVIEW_SESSION,FIRST_PANEL_03_TECHNICAL_REVIEWER,INTERVIEW,CONSUMED,1.0,2026-12-28T10:00:00+09:00,ACTUAL_PARTICIPATION
EA_000454,APP0297_FIRST_INTERVIEW,,FIRST_PANEL_04_ML_ENGINEER,INTERVIEW,RESERVED,1.0,2026-12-04T16:21:00+09:00,SCHEDULED_ALLOCATION
EA_000455,APP0297_FIRST_INTERVIEW,,FIRST_PANEL_04_HIRING_MANAGER,INTERVIEW,RESERVED,1.0,2026-12-04T16:21:00+09:00,SCHEDULED_ALLOCATION
EA_000456,APP0297_FIRST_INTERVIEW,,FIRST_PANEL_04_TECHNICAL_REVIEWER,INTERVIEW,RESERVED,1.0,2026-12-04T16:21:00+09:00,SCHEDULED_ALLOCATION
EA_000457,APP0297_FIRST_INTERVIEW,APP0297_FIRST_INTERVIEW_FIRST_INTERVIEW_SESSION,FIRST_PANEL_04_ML_ENGINEER,INTERVIEW,CONSUMED,1.0,2026-12-28T10:00:00+09:00,ACTUAL_PARTICIPATION
EA_000458,APP0297_FIRST_INTERVIEW,APP0297_FIRST_INTERVIEW_FIRST_INTERVIEW_SESSION,FIRST_PANEL_04_HIRING_MANAGER,INTERVIEW,CONSUMED,1.0,2026-12-28T10:00:00+09:00,ACTUAL_PARTICIPATION
EA_000459,APP0297_FIRST_INTERVIEW,APP0297_FIRST_INTERVIEW_FIRST_INTERVIEW_SESSION,FIRST_PANEL_04_TECHNICAL_REVIEWER,INTERVIEW,CONSUMED,1.0,2026-12-28T10:00:00+09:00,ACTUAL_PARTICIPATION
EA_000460,APP0297_FIRST_INTERVIEW,APP0297_FIRST_INTERVIEW_CALIBRATION,FIRST_PANEL_04_ML_ENGINEER,CALIBRATION,RESERVED,0.25,2026-12-28T10:00:00+09:00,CALIBRATION_REQUIRED
EA_000461,APP0297_FIRST_INTERVIEW,APP0297_FIRST_INTERVIEW_CALIBRATION,FIRST_PANEL_04_ML_ENGINEER,CALIBRATION,CONSUMED,0.25,2026-12-28T10:15:00+09:00,ACTUAL_PARTICIPATION
EA_000462,APP0297_FIRST_INTERVIEW,APP0297_FIRST_INTERVIEW_CALIBRATION,FIRST_PANEL_04_HIRING_MANAGER,CALIBRATION,RESERVED,0.25,2026-12-28T10:00:00+09:00,CALIBRATION_REQUIRED
EA_000463,APP0297_FIRST_INTERVIEW,APP0297_FIRST_INTERVIEW_CALIBRATION,FIRST_PANEL_04_HIRING_MANAGER,CALIBRATION,CONSUMED,0.25,2026-12-28T10:15:00+09:00,ACTUAL_PARTICIPATION
EA_000464,APP0300_FIRST_INTERVIEW,,FIRST_PANEL_05_ML_ENGINEER,INTERVIEW,RESERVED,1.0,2026-12-04T16:21:00+09:00,SCHEDULED_ALLOCATION
EA_000465,APP0300_FIRST_INTERVIEW,,FIRST_PANEL_05_HIRING_MANAGER,INTERVIEW,RESERVED,1.0,2026-12-04T16:21:00+09:00,SCHEDULED_ALLOCATION
EA_000466,APP0300_FIRST_INTERVIEW,,FIRST_PANEL_05_TECHNICAL_REVIEWER,INTERVIEW,RESERVED,1.0,2026-12-04T16:21:00+09:00,SCHEDULED_ALLOCATION
EA_000467,APP0300_FIRST_INTERVIEW,APP0300_FIRST_INTERVIEW_FIRST_INTERVIEW_SESSION,FIRST_PANEL_05_ML_ENGINEER,INTERVIEW,CONSUMED,1.0,2026-12-28T10:00:00+09:00,ACTUAL_PARTICIPATION
EA_000468,APP0300_FIRST_INTERVIEW,APP0300_FIRST_INTERVIEW_FIRST_INTERVIEW_SESSION,FIRST_PANEL_05_HIRING_MANAGER,INTERVIEW,CONSUMED,1.0,2026-12-28T10:00:00+09:00,ACTUAL_PARTICIPATION
EA_000469,APP0300_FIRST_INTERVIEW,APP0300_FIRST_INTERVIEW_FIRST_INTERVIEW_SESSION,FIRST_PANEL_05_TECHNICAL_REVIEWER,INTERVIEW,CONSUMED,1.0,2026-12-28T10:00:00+09:00,ACTUAL_PARTICIPATION
EA_000470,APP0300_FIRST_INTERVIEW,APP0300_FIRST_INTERVIEW_CALIBRATION,FIRST_PANEL_05_ML_ENGINEER,CALIBRATION,RESERVED,0.25,2026-12-28T10:00:00+09:00,CALIBRATION_REQUIRED
EA_000471,APP0300_FIRST_INTERVIEW,APP0300_FIRST_INTERVIEW_CALIBRATION,FIRST_PANEL_05_ML_ENGINEER,CALIBRATION,CONSUMED,0.25,2026-12-28T10:15:00+09:00,ACTUAL_PARTICIPATION
EA_000472,APP0300_FIRST_INTERVIEW,APP0300_FIRST_INTERVIEW_CALIBRATION,FIRST_PANEL_05_HIRING_MANAGER,CALIBRATION,RESERVED,0.25,2026-12-28T10:00:00+09:00,CALIBRATION_REQUIRED
EA_000473,APP0300_FIRST_INTERVIEW,APP0300_FIRST_INTERVIEW_CALIBRATION,FIRST_PANEL_05_HIRING_MANAGER,CALIBRATION,CONSUMED,0.25,2026-12-28T10:15:00+09:00,ACTUAL_PARTICIPATION
EA_000474,APP0309_FIRST_INTERVIEW,,FIRST_PANEL_06_ML_ENGINEER,INTERVIEW,RESERVED,1.0,2026-12-04T16:21:00+09:00,SCHEDULED_ALLOCATION
EA_000475,APP0309_FIRST_INTERVIEW,,FIRST_PANEL_06_HIRING_MANAGER,INTERVIEW,RESERVED,1.0,2026-12-04T16:21:00+09:00,SCHEDULED_ALLOCATION
EA_000476,APP0309_FIRST_INTERVIEW,,FIRST_PANEL_06_TECHNICAL_REVIEWER,INTERVIEW,RESERVED,1.0,2026-12-04T16:21:00+09:00,SCHEDULED_ALLOCATION
EA_000477,APP0309_FIRST_INTERVIEW,APP0309_FIRST_INTERVIEW_FIRST_INTERVIEW_SESSION,FIRST_PANEL_06_ML_ENGINEER,INTERVIEW,CONSUMED,1.0,2026-12-28T10:00:00+09:00,ACTUAL_PARTICIPATION
EA_000478,APP0309_FIRST_INTERVIEW,APP0309_FIRST_INTERVIEW_FIRST_INTERVIEW_SESSION,FIRST_PANEL_06_HIRING_MANAGER,INTERVIEW,CONSUMED,1.0,2026-12-28T10:00:00+09:00,ACTUAL_PARTICIPATION
EA_000479,APP0309_FIRST_INTERVIEW,APP0309_FIRST_INTERVIEW_FIRST_INTERVIEW_SESSION,FIRST_PANEL_06_TECHNICAL_REVIEWER,INTERVIEW,CONSUMED,1.0,2026-12-28T10:00:00+09:00,ACTUAL_PARTICIPATION
EA_000480,APP0309_FIRST_INTERVIEW,APP0309_FIRST_INTERVIEW_CALIBRATION,FIRST_PANEL_06_ML_ENGINEER,CALIBRATION,RESERVED,0.25,2026-12-28T10:00:00+09:00,CALIBRATION_REQUIRED
EA_000481,APP0309_FIRST_INTERVIEW,APP0309_FIRST_INTERVIEW_CALIBRATION,FIRST_PANEL_06_ML_ENGINEER,CALIBRATION,CONSUMED,0.25,2026-12-28T10:15:00+09:00,ACTUAL_PARTICIPATION
EA_000482,APP0309_FIRST_INTERVIEW,APP0309_FIRST_INTERVIEW_CALIBRATION,FIRST_PANEL_06_HIRING_MANAGER,CALIBRATION,RESERVED,0.25,2026-12-28T10:00:00+09:00,CALIBRATION_REQUIRED
EA_000483,APP0309_FIRST_INTERVIEW,APP0309_FIRST_INTERVIEW_CALIBRATION,FIRST_PANEL_06_HIRING_MANAGER,CALIBRATION,CONSUMED,0.25,2026-12-28T10:15:00+09:00,ACTUAL_PARTICIPATION
EA_000484,APP0324_FIRST_INTERVIEW,,FIRST_PANEL_07_ML_ENGINEER,INTERVIEW,RESERVED,1.0,2026-12-04T16:21:00+09:00,SCHEDULED_ALLOCATION
EA_000485,APP0324_FIRST_INTERVIEW,,FIRST_PANEL_07_HIRING_MANAGER,INTERVIEW,RESERVED,1.0,2026-12-04T16:21:00+09:00,SCHEDULED_ALLOCATION
EA_000486,APP0324_FIRST_INTERVIEW,,FIRST_PANEL_07_TECHNICAL_REVIEWER,INTERVIEW,RESERVED,1.0,2026-12-04T16:21:00+09:00,SCHEDULED_ALLOCATION
EA_000487,APP0324_FIRST_INTERVIEW,APP0324_FIRST_INTERVIEW_FIRST_INTERVIEW_SESSION,FIRST_PANEL_07_ML_ENGINEER,INTERVIEW,CONSUMED,1.0,2026-12-28T10:00:00+09:00,ACTUAL_PARTICIPATION
EA_000488,APP0324_FIRST_INTERVIEW,APP0324_FIRST_INTERVIEW_FIRST_INTERVIEW_SESSION,FIRST_PANEL_07_HIRING_MANAGER,INTERVIEW,CONSUMED,1.0,2026-12-28T10:00:00+09:00,ACTUAL_PARTICIPATION
EA_000489,APP0324_FIRST_INTERVIEW,APP0324_FIRST_INTERVIEW_FIRST_INTERVIEW_SESSION,FIRST_PANEL_07_TECHNICAL_REVIEWER,INTERVIEW,CONSUMED,1.0,2026-12-28T10:00:00+09:00,ACTUAL_PARTICIPATION
EA_000490,APP0324_FIRST_INTERVIEW,APP0324_FIRST_INTERVIEW_CALIBRATION,FIRST_PANEL_07_ML_ENGINEER,CALIBRATION,RESERVED,0.25,2026-12-28T10:00:00+09:00,CALIBRATION_REQUIRED
EA_000491,APP0324_FIRST_INTERVIEW,APP0324_FIRST_INTERVIEW_CALIBRATION,FIRST_PANEL_07_ML_ENGINEER,CALIBRATION,CONSUMED,0.25,2026-12-28T10:15:00+09:00,ACTUAL_PARTICIPATION
EA_000492,APP0324_FIRST_INTERVIEW,APP0324_FIRST_INTERVIEW_CALIBRATION,FIRST_PANEL_07_HIRING_MANAGER,CALIBRATION,RESERVED,0.25,2026-12-28T10:00:00+09:00,CALIBRATION_REQUIRED
EA_000493,APP0324_FIRST_INTERVIEW,APP0324_FIRST_INTERVIEW_CALIBRATION,FIRST_PANEL_07_HIRING_MANAGER,CALIBRATION,CONSUMED,0.25,2026-12-28T10:15:00+09:00,ACTUAL_PARTICIPATION
EA_000494,APP0325_FIRST_INTERVIEW,,FIRST_PANEL_08_ML_ENGINEER,INTERVIEW,RESERVED,1.0,2026-12-04T16:21:00+09:00,SCHEDULED_ALLOCATION
EA_000495,APP0325_FIRST_INTERVIEW,,FIRST_PANEL_08_HIRING_MANAGER,INTERVIEW,RESERVED,1.0,2026-12-04T16:21:00+09:00,SCHEDULED_ALLOCATION
EA_000496,APP0325_FIRST_INTERVIEW,,FIRST_PANEL_08_TECHNICAL_REVIEWER,INTERVIEW,RESERVED,1.0,2026-12-04T16:21:00+09:00,SCHEDULED_ALLOCATION
EA_000497,APP0325_FIRST_INTERVIEW,APP0325_FIRST_INTERVIEW_FIRST_INTERVIEW_SESSION,FIRST_PANEL_08_ML_ENGINEER,INTERVIEW,CONSUMED,1.0,2026-12-28T10:00:00+09:00,ACTUAL_PARTICIPATION
EA_000498,APP0325_FIRST_INTERVIEW,APP0325_FIRST_INTERVIEW_FIRST_INTERVIEW_SESSION,FIRST_PANEL_08_HIRING_MANAGER,INTERVIEW,CONSUMED,1.0,2026-12-28T10:00:00+09:00,ACTUAL_PARTICIPATION
EA_000499,APP0325_FIRST_INTERVIEW,APP0325_FIRST_INTERVIEW_FIRST_INTERVIEW_SESSION,FIRST_PANEL_08_TECHNICAL_REVIEWER,INTERVIEW,CONSUMED,1.0,2026-12-28T10:00:00+09:00,ACTUAL_PARTICIPATION
EA_000500,APP0325_FIRST_INTERVIEW,APP0325_FIRST_INTERVIEW_CALIBRATION,FIRST_PANEL_08_ML_ENGINEER,CALIBRATION,RESERVED,0.25,2026-12-28T10:00:00+09:00,CALIBRATION_REQUIRED
EA_000501,APP0325_FIRST_INTERVIEW,APP0325_FIRST_INTERVIEW_CALIBRATION,FIRST_PANEL_08_ML_ENGINEER,CALIBRATION,CONSUMED,0.25,2026-12-28T10:15:00+09:00,ACTUAL_PARTICIPATION
EA_000502,APP0325_FIRST_INTERVIEW,APP0325_FIRST_INTERVIEW_CALIBRATION,FIRST_PANEL_08_HIRING_MANAGER,CALIBRATION,RESERVED,0.25,2026-12-28T10:00:00+09:00,CALIBRATION_REQUIRED
EA_000503,APP0325_FIRST_INTERVIEW,APP0325_FIRST_INTERVIEW_CALIBRATION,FIRST_PANEL_08_HIRING_MANAGER,CALIBRATION,CONSUMED,0.25,2026-12-28T10:15:00+09:00,ACTUAL_PARTICIPATION
EA_000504,APP0342_FIRST_INTERVIEW,,FIRST_PANEL_09_ML_ENGINEER,INTERVIEW,RESERVED,1.0,2026-12-04T16:21:00+09:00,SCHEDULED_ALLOCATION
EA_000505,APP0342_FIRST_INTERVIEW,,FIRST_PANEL_09_HIRING_MANAGER,INTERVIEW,RESERVED,1.0,2026-12-04T16:21:00+09:00,SCHEDULED_ALLOCATION
EA_000506,APP0342_FIRST_INTERVIEW,,FIRST_PANEL_09_TECHNICAL_REVIEWER,INTERVIEW,RESERVED,1.0,2026-12-04T16:21:00+09:00,SCHEDULED_ALLOCATION
EA_000507,APP0342_FIRST_INTERVIEW,APP0342_FIRST_INTERVIEW_FIRST_INTERVIEW_SESSION,FIRST_PANEL_09_ML_ENGINEER,INTERVIEW,CONSUMED,1.0,2026-12-28T10:00:00+09:00,ACTUAL_PARTICIPATION
EA_000508,APP0342_FIRST_INTERVIEW,APP0342_FIRST_INTERVIEW_FIRST_INTERVIEW_SESSION,FIRST_PANEL_09_HIRING_MANAGER,INTERVIEW,CONSUMED,1.0,2026-12-28T10:00:00+09:00,ACTUAL_PARTICIPATION
EA_000509,APP0342_FIRST_INTERVIEW,APP0342_FIRST_INTERVIEW_FIRST_INTERVIEW_SESSION,FIRST_PANEL_09_TECHNICAL_REVIEWER,INTERVIEW,CONSUMED,1.0,2026-12-28T10:00:00+09:00,ACTUAL_PARTICIPATION
EA_000510,APP0037_SECOND_INTERVIEW,APP0037_SECOND_INTERVIEW_CALIBRATION,SECOND_INTERVIEW_PANEL_01_ML_ENGINEER,CALIBRATION,RESERVED,0.25,2026-12-24T10:30:00+09:00,CALIBRATION_REQUIRED
EA_000511,APP0037_SECOND_INTERVIEW,APP0037_SECOND_INTERVIEW_CALIBRATION,SECOND_INTERVIEW_PANEL_01_ML_ENGINEER,CALIBRATION,CONSUMED,0.25,2026-12-24T10:45:00+09:00,ACTUAL_PARTICIPATION
EA_000512,APP0037_SECOND_INTERVIEW,APP0037_SECOND_INTERVIEW_CALIBRATION,SECOND_INTERVIEW_PANEL_01_HIRING_MANAGER,CALIBRATION,RESERVED,0.25,2026-12-24T10:30:00+09:00,CALIBRATION_REQUIRED
EA_000513,APP0037_SECOND_INTERVIEW,APP0037_SECOND_INTERVIEW_CALIBRATION,SECOND_INTERVIEW_PANEL_01_HIRING_MANAGER,CALIBRATION,CONSUMED,0.25,2026-12-24T10:45:00+09:00,ACTUAL_PARTICIPATION
EA_000514,APP0285_SECOND_INTERVIEW,APP0285_SECOND_INTERVIEW_CALIBRATION,SECOND_INTERVIEW_PANEL_01_ML_ENGINEER,CALIBRATION,RESERVED,0.25,2027-01-10T10:30:00+09:00,CALIBRATION_REQUIRED
EA_000515,APP0285_SECOND_INTERVIEW,APP0285_SECOND_INTERVIEW_CALIBRATION,SECOND_INTERVIEW_PANEL_01_ML_ENGINEER,CALIBRATION,CONSUMED,0.25,2027-01-10T10:45:00+09:00,ACTUAL_PARTICIPATION
EA_000516,APP0285_SECOND_INTERVIEW,APP0285_SECOND_INTERVIEW_CALIBRATION,SECOND_INTERVIEW_PANEL_01_HIRING_MANAGER,CALIBRATION,RESERVED,0.25,2027-01-10T10:30:00+09:00,CALIBRATION_REQUIRED
EA_000517,APP0285_SECOND_INTERVIEW,APP0285_SECOND_INTERVIEW_CALIBRATION,SECOND_INTERVIEW_PANEL_01_HIRING_MANAGER,CALIBRATION,CONSUMED,0.25,2027-01-10T10:45:00+09:00,ACTUAL_PARTICIPATION
EA_000518,APP0037_FINAL_REVIEW,APP0037_FINAL_REVIEW_FOLLOW_UP_CALIBRATION,FINAL_REVIEW_PANEL_01_ML_ENGINEER,CALIBRATION,RESERVED,0.25,2027-01-11T11:50:00+09:00,CALIBRATION_REQUIRED
EA_000519,APP0037_FINAL_REVIEW,APP0037_FINAL_REVIEW_FOLLOW_UP_CALIBRATION,FINAL_REVIEW_PANEL_01_ML_ENGINEER,CALIBRATION,CONSUMED,0.25,2027-01-11T12:05:00+09:00,ACTUAL_PARTICIPATION
EA_000520,APP0037_FINAL_REVIEW,APP0037_FINAL_REVIEW_FOLLOW_UP_CALIBRATION,FINAL_REVIEW_PANEL_01_HIRING_MANAGER,CALIBRATION,RESERVED,0.25,2027-01-11T11:50:00+09:00,CALIBRATION_REQUIRED
EA_000521,APP0037_FINAL_REVIEW,APP0037_FINAL_REVIEW_FOLLOW_UP_CALIBRATION,FINAL_REVIEW_PANEL_01_HIRING_MANAGER,CALIBRATION,CONSUMED,0.25,2027-01-11T12:05:00+09:00,ACTUAL_PARTICIPATION
EA_000522,APP0046_FINAL_REVIEW,APP0046_FINAL_REVIEW_FOLLOW_UP_CALIBRATION,FINAL_REVIEW_PANEL_01_ML_ENGINEER,CALIBRATION,RESERVED,0.25,2027-01-19T11:50:00+09:00,CALIBRATION_REQUIRED
EA_000523,APP0046_FINAL_REVIEW,APP0046_FINAL_REVIEW_FOLLOW_UP_CALIBRATION,FINAL_REVIEW_PANEL_01_ML_ENGINEER,CALIBRATION,CONSUMED,0.25,2027-01-19T12:05:00+09:00,ACTUAL_PARTICIPATION
EA_000524,APP0046_FINAL_REVIEW,APP0046_FINAL_REVIEW_FOLLOW_UP_CALIBRATION,FINAL_REVIEW_PANEL_01_HIRING_MANAGER,CALIBRATION,RESERVED,0.25,2027-01-19T11:50:00+09:00,CALIBRATION_REQUIRED
EA_000525,APP0046_FINAL_REVIEW,APP0046_FINAL_REVIEW_FOLLOW_UP_CALIBRATION,FINAL_REVIEW_PANEL_01_HIRING_MANAGER,CALIBRATION,CONSUMED,0.25,2027-01-19T12:05:00+09:00,ACTUAL_PARTICIPATION
EA_000526,APP0228_FINAL_REVIEW,APP0228_FINAL_REVIEW_FOLLOW_UP_CALIBRATION,FINAL_REVIEW_PANEL_01_ML_ENGINEER,CALIBRATION,RESERVED,0.25,2027-01-31T13:00:00+09:00,CALIBRATION_REQUIRED
EA_000527,APP0228_FINAL_REVIEW,APP0228_FINAL_REVIEW_FOLLOW_UP_CALIBRATION,FINAL_REVIEW_PANEL_01_ML_ENGINEER,CALIBRATION,CONSUMED,0.25,2027-01-31T13:15:00+09:00,ACTUAL_PARTICIPATION
EA_000528,APP0228_FINAL_REVIEW,APP0228_FINAL_REVIEW_FOLLOW_UP_CALIBRATION,FINAL_REVIEW_PANEL_01_HIRING_MANAGER,CALIBRATION,RESERVED,0.25,2027-01-31T13:00:00+09:00,CALIBRATION_REQUIRED
EA_000529,APP0228_FINAL_REVIEW,APP0228_FINAL_REVIEW_FOLLOW_UP_CALIBRATION,FINAL_REVIEW_PANEL_01_HIRING_MANAGER,CALIBRATION,CONSUMED,0.25,2027-01-31T13:15:00+09:00,ACTUAL_PARTICIPATION
