final_decision_id,review_round,hold_reason_code,resolution_plan,follow_up_activity_id,application_id,candidate_id,must_evidence_status,remaining_uncertainty,learnable_gap_summary,decision,rationale,decided_by,decided_at,decision_provenance
FD_APP0014_INITIAL,INITIAL,EVALUATOR_DISAGREEMENT,"[{""anchor_evidence_id"":""EV_APP0014_SECOND_INTERVIEW_VALUES_BEHAVIOR_INTERVIEW_M1_SKILL_04"",""context"":""학습·협업 행동의 상황·행동·피드백 확인"",""existing_evidence_ids"":[""EV_APP0014_DOCUMENT_SCREEN_DOCUMENT_REVIEW_M1_SKILL_04"",""EV_APP0014_FIRST_INTERVIEW_PRACTITIONER_QA_M1_SKILL_04"",""EV_APP0014_SECOND_INTERVIEW_VALUES_BEHAVIOR_INTERVIEW_M1_SKILL_04""],""existing_observation_ids"":[""OB_DOCUMENT_SCREEN_PANEL_01_RECRUITER_EV_APP0014_DOCUMENT_SCREEN_DOCUMENT_REVIEW_M1_SKILL_04"",""OB_FIRST_PANEL_01_HIRING_MANAGER_EV_APP0014_FIRST_INTERVIEW_PRACTITIONER_QA_M1_SKILL_04"",""OB_FIRST_PANEL_01_ML_ENGINEER_EV_APP0014_FIRST_INTERVIEW_PRACTITIONER_QA_M1_SKILL_04"",""OB_FIRST_PANEL_01_TECHNICAL_REVIEWER_EV_APP0014_FIRST_INTERVIEW_PRACTITIONER_QA_M1_SKILL_04"",""OB_SECOND_INTERVIEW_PANEL_01_HIRING_MANAGER_EV_APP0014_SECOND_INTERVIEW_VALUES_BEHAVIOR_INTERVIEW_M1_SKILL_04"",""OB_SECOND_INTERVIEW_PANEL_01_ML_ENGINEER_EV_APP0014_SECOND_INTERVIEW_VALUES_BEHAVIOR_INTERVIEW_M1_SKILL_04""],""method"":""BEHAVIORAL_INTERACTION"",""question"":""공동 산출물 중 본인이 수행하고 검증한 범위를 기록으로 분리할 수 있는가? 대상: EV_APP0014_SECOND_INTERVIEW_VALUES_BEHAVIOR_INTERVIEW_M1_SKILL_04 / 행동은 확인했지만 원문에 검증 미실행이 명시됐다. / 학습·협업 행동의 상황·행동·피드백 확인"",""reason"":""EVALUATOR_DISAGREEMENT"",""skill_id"":""M1_SKILL_04""},{""anchor_evidence_id"":""EV_APP0014_SECOND_INTERVIEW_VALUES_BEHAVIOR_INTERVIEW_M1_SKILL_05"",""context"":""학습·협업 행동의 상황·행동·피드백 확인"",""existing_evidence_ids"":[""EV_APP0014_DOCUMENT_SCREEN_DOCUMENT_REVIEW_M1_SKILL_05"",""EV_APP0014_FIRST_INTERVIEW_PRACTITIONER_QA_M1_SKILL_05"",""EV_APP0014_SECOND_INTERVIEW_VALUES_BEHAVIOR_INTERVIEW_M1_SKILL_05""],""existing_observation_ids"":[""OB_DOCUMENT_SCREEN_PANEL_01_RECRUITER_EV_APP0014_DOCUMENT_SCREEN_DOCUMENT_REVIEW_M1_SKILL_05"",""OB_FIRST_PANEL_01_HIRING_MANAGER_EV_APP0014_FIRST_INTERVIEW_PRACTITIONER_QA_M1_SKILL_05"",""OB_FIRST_PANEL_01_ML_ENGINEER_EV_APP0014_FIRST_INTERVIEW_PRACTITIONER_QA_M1_SKILL_05"",""OB_FIRST_PANEL_01_TECHNICAL_REVIEWER_EV_APP0014_FIRST_INTERVIEW_PRACTITIONER_QA_M1_SKILL_05"",""OB_SECOND_INTERVIEW_PANEL_01_HIRING_MANAGER_EV_APP0014_SECOND_INTERVIEW_VALUES_BEHAVIOR_INTERVIEW_M1_SKILL_05"",""OB_SECOND_INTERVIEW_PANEL_01_ML_ENGINEER_EV_APP0014_SECOND_INTERVIEW_VALUES_BEHAVIOR_INTERVIEW_M1_SKILL_05""],""method"":""BEHAVIORAL_INTERACTION"",""question"":""누락된 개인 수행 산출물과 검증 기록을 제시할 수 있는가? 대상: EV_APP0014_SECOND_INTERVIEW_VALUES_BEHAVIOR_INTERVIEW_M1_SKILL_05 / 원문에 해당 행동을 확인할 내용이 없다. 능력 부재를 뜻하지 않는다. / 학습·협업 행동의 상황·행동·피드백 확인"",""reason"":""MISSING_EVIDENCE"",""skill_id"":""M1_SKILL_05""}]",APP0014_FINAL_REVIEW_FOCUSED_FOLLOW_UP,APP0014,C0014,UNRESOLVED,"[""M1_SKILL_04"",""M1_SKILL_05""]",[],HOLD,"{""adverse_must"":[""M1_SKILL_04""],""decision_refs"":[""DC_APP0014_M1_SKILL_03_001899"",""DC_APP0014_M1_SKILL_01_001897"",""DC_APP0014_M1_SKILL_02_001898"",""DC_APP0014_M1_SKILL_04_001900"",""DC_APP0014_M1_SKILL_05_001901"",""DC_APP0014_M1_SKILL_06_001902"",""DC_APP0014_M1_SKILL_07_001903"",""DC_APP0014_M1_SKILL_08_001904""],""disagreement_must"":[""M1_SKILL_04""],""human_rationale"":""필수 근거·반복된 명시적 제한·남은 확인 질문을 검토한 합성 패널 판단."",""learnable_gaps"":[],""missing_must"":[""M1_SKILL_05""],""repeated_must_limitations"":[],""review_round"":""INITIAL"",""rubric_id"":""M1_EVIDENCE_RUBRIC_V02"",""talent_profile"":""talent_profile.json"",""unresolved_must"":[""M1_SKILL_04"",""M1_SKILL_05""]}",FINAL_PANEL_01,2027-01-06T11:30:00+09:00,SYNTHETIC_HUMAN_SCENARIO
FD_APP0014_RE_REVIEW,RE_REVIEW,,,APP0014_FINAL_REVIEW_FOCUSED_FOLLOW_UP,APP0014,C0014,UNRESOLVED,"[""M1_SKILL_04"",""M1_SKILL_05""]",[],DO_NOT_PROCEED,"{""accepted_uncertainty_plan"":[],""adverse_must"":[""M1_SKILL_04""],""decision_refs"":[""DC_APP0014_M1_SKILL_03_001907"",""DC_APP0014_M1_SKILL_01_001905"",""DC_APP0014_M1_SKILL_02_001906"",""DC_APP0014_M1_SKILL_04_001908"",""DC_APP0014_M1_SKILL_05_001909"",""DC_APP0014_M1_SKILL_06_001910"",""DC_APP0014_M1_SKILL_07_001911"",""DC_APP0014_M1_SKILL_08_001912""],""disagreement_must"":[""M1_SKILL_04""],""human_rationale"":""추가 검증 후에도 남은 명시적 필수 검증 제한/해석 충돌을 검토하여 이번 역할 진행을 보류하지 않고 종료한다."",""learnable_gaps"":[],""missing_must"":[""M1_SKILL_05""],""repeated_must_limitations"":[],""review_round"":""RE_REVIEW"",""rubric_id"":""M1_EVIDENCE_RUBRIC_V02"",""talent_profile"":""talent_profile.json"",""unresolved_must"":[""M1_SKILL_04"",""M1_SKILL_05""]}",FINAL_PANEL_01,2027-01-14T12:15:00+09:00,SYNTHETIC_HUMAN_SCENARIO
FD_APP0012_INITIAL,INITIAL,,,,APP0012,C0012,COVERED,[],[],PROCEED_TO_OFFER,"{""adverse_must"":[],""decision_refs"":[""DC_APP0012_M1_SKILL_03_001915"",""DC_APP0012_M1_SKILL_01_001913"",""DC_APP0012_M1_SKILL_02_001914"",""DC_APP0012_M1_SKILL_04_001916"",""DC_APP0012_M1_SKILL_05_001917"",""DC_APP0012_M1_SKILL_06_001918"",""DC_APP0012_M1_SKILL_07_001919"",""DC_APP0012_M1_SKILL_08_001920""],""disagreement_must"":[],""human_rationale"":""필수 근거·반복된 명시적 제한·남은 확인 질문을 검토한 합성 패널 판단."",""learnable_gaps"":[],""missing_must"":[],""repeated_must_limitations"":[],""review_round"":""INITIAL"",""rubric_id"":""M1_EVIDENCE_RUBRIC_V02"",""talent_profile"":""talent_profile.json"",""unresolved_must"":[]}",FINAL_PANEL_01,2027-01-11T11:30:00+09:00,SYNTHETIC_HUMAN_SCENARIO
FD_APP0005_INITIAL,INITIAL,MISSING_EVIDENCE,"[{""anchor_evidence_id"":""EV_APP0005_SECOND_INTERVIEW_VALUES_BEHAVIOR_INTERVIEW_M1_SKILL_04"",""context"":""학습·협업 행동의 상황·행동·피드백 확인"",""existing_evidence_ids"":[""EV_APP0005_DOCUMENT_SCREEN_DOCUMENT_REVIEW_M1_SKILL_04"",""EV_APP0005_FIRST_INTERVIEW_PRACTITIONER_QA_M1_SKILL_04"",""EV_APP0005_SECOND_INTERVIEW_VALUES_BEHAVIOR_INTERVIEW_M1_SKILL_04""],""existing_observation_ids"":[""OB_DOCUMENT_SCREEN_PANEL_01_RECRUITER_EV_APP0005_DOCUMENT_SCREEN_DOCUMENT_REVIEW_M1_SKILL_04"",""OB_FIRST_PANEL_04_HIRING_MANAGER_EV_APP0005_FIRST_INTERVIEW_PRACTITIONER_QA_M1_SKILL_04"",""OB_FIRST_PANEL_04_ML_ENGINEER_EV_APP0005_FIRST_INTERVIEW_PRACTITIONER_QA_M1_SKILL_04"",""OB_FIRST_PANEL_04_TECHNICAL_REVIEWER_EV_APP0005_FIRST_INTERVIEW_PRACTITIONER_QA_M1_SKILL_04"",""OB_SECOND_INTERVIEW_PANEL_01_HIRING_MANAGER_EV_APP0005_SECOND_INTERVIEW_VALUES_BEHAVIOR_INTERVIEW_M1_SKILL_04"",""OB_SECOND_INTERVIEW_PANEL_01_ML_ENGINEER_EV_APP0005_SECOND_INTERVIEW_VALUES_BEHAVIOR_INTERVIEW_M1_SKILL_04""],""method"":""BEHAVIORAL_INTERACTION"",""question"":""누락된 개인 수행 산출물과 검증 기록을 제시할 수 있는가? 대상: EV_APP0005_SECOND_INTERVIEW_VALUES_BEHAVIOR_INTERVIEW_M1_SKILL_04 / 원문에 해당 행동을 확인할 내용이 없다. 능력 부재를 뜻하지 않는다. / 학습·협업 행동의 상황·행동·피드백 확인"",""reason"":""MISSING_EVIDENCE"",""skill_id"":""M1_SKILL_04""}]",APP0005_FINAL_REVIEW_FOCUSED_FOLLOW_UP,APP0005,C0005,UNRESOLVED,"[""M1_SKILL_04""]",[],HOLD,"{""adverse_must"":[],""decision_refs"":[""DC_APP0005_M1_SKILL_03_001923"",""DC_APP0005_M1_SKILL_01_001921"",""DC_APP0005_M1_SKILL_02_001922"",""DC_APP0005_M1_SKILL_04_001924"",""DC_APP0005_M1_SKILL_05_001925"",""DC_APP0005_M1_SKILL_06_001926"",""DC_APP0005_M1_SKILL_07_001927"",""DC_APP0005_M1_SKILL_08_001928""],""disagreement_must"":[],""human_rationale"":""필수 근거·반복된 명시적 제한·남은 확인 질문을 검토한 합성 패널 판단."",""learnable_gaps"":[],""missing_must"":[""M1_SKILL_04""],""repeated_must_limitations"":[],""review_round"":""INITIAL"",""rubric_id"":""M1_EVIDENCE_RUBRIC_V02"",""talent_profile"":""talent_profile.json"",""unresolved_must"":[""M1_SKILL_04""]}",FINAL_PANEL_01,2027-01-17T11:30:00+09:00,SYNTHETIC_HUMAN_SCENARIO
FD_APP0005_RE_REVIEW,RE_REVIEW,,,APP0005_FINAL_REVIEW_FOCUSED_FOLLOW_UP,APP0005,C0005,UNRESOLVED,"[""M1_SKILL_04""]",[],PROCEED_TO_OFFER,"{""accepted_uncertainty_plan"":[{""action"":""입사 후 해당 업무 범위를 멘토와 확인"",""skill_id"":""M1_SKILL_04""}],""adverse_must"":[],""decision_refs"":[""DC_APP0005_M1_SKILL_03_001931"",""DC_APP0005_M1_SKILL_01_001929"",""DC_APP0005_M1_SKILL_02_001930"",""DC_APP0005_M1_SKILL_04_001932"",""DC_APP0005_M1_SKILL_05_001933"",""DC_APP0005_M1_SKILL_06_001934"",""DC_APP0005_M1_SKILL_07_001935"",""DC_APP0005_M1_SKILL_08_001936""],""disagreement_must"":[],""human_rationale"":""추가 직접 관찰과 기존 근거를 검토했다. 남은 미관찰 자체는 탈락 사유가 아니며 업무 준비 지원으로 추적한다."",""learnable_gaps"":[],""missing_must"":[""M1_SKILL_04""],""repeated_must_limitations"":[],""review_round"":""RE_REVIEW"",""rubric_id"":""M1_EVIDENCE_RUBRIC_V02"",""talent_profile"":""talent_profile.json"",""unresolved_must"":[""M1_SKILL_04""]}",FINAL_PANEL_01,2027-01-25T12:35:00+09:00,SYNTHETIC_HUMAN_SCENARIO
FD_APP0037_INITIAL,INITIAL,EVALUATOR_DISAGREEMENT,"[{""anchor_evidence_id"":""EV_APP0037_SECOND_INTERVIEW_VALUES_BEHAVIOR_INTERVIEW_M1_SKILL_05"",""context"":""학습·협업 행동의 상황·행동·피드백 확인"",""existing_evidence_ids"":[""EV_APP0037_DOCUMENT_SCREEN_DOCUMENT_REVIEW_M1_SKILL_05"",""EV_APP0037_FIRST_INTERVIEW_PRACTITIONER_QA_M1_SKILL_05"",""EV_APP0037_SECOND_INTERVIEW_VALUES_BEHAVIOR_INTERVIEW_M1_SKILL_05""],""existing_observation_ids"":[""OB_DOCUMENT_SCREEN_PANEL_01_RECRUITER_EV_APP0037_DOCUMENT_SCREEN_DOCUMENT_REVIEW_M1_SKILL_05"",""OB_FIRST_PANEL_02_HIRING_MANAGER_EV_APP0037_FIRST_INTERVIEW_PRACTITIONER_QA_M1_SKILL_05"",""OB_FIRST_PANEL_02_ML_ENGINEER_EV_APP0037_FIRST_INTERVIEW_PRACTITIONER_QA_M1_SKILL_05"",""OB_FIRST_PANEL_02_TECHNICAL_REVIEWER_EV_APP0037_FIRST_INTERVIEW_PRACTITIONER_QA_M1_SKILL_05"",""OB_SECOND_INTERVIEW_PANEL_01_HIRING_MANAGER_EV_APP0037_SECOND_INTERVIEW_VALUES_BEHAVIOR_INTERVIEW_M1_SKILL_05"",""OB_SECOND_INTERVIEW_PANEL_01_ML_ENGINEER_EV_APP0037_SECOND_INTERVIEW_VALUES_BEHAVIOR_INTERVIEW_M1_SKILL_05""],""method"":""BEHAVIORAL_INTERACTION"",""question"":""공동 산출물 중 본인이 수행하고 검증한 범위를 기록으로 분리할 수 있는가? 대상: EV_APP0037_SECOND_INTERVIEW_VALUES_BEHAVIOR_INTERVIEW_M1_SKILL_05 / 팀 산출물에서 개인의 검증 범위를 분리할 수 없다. / 학습·협업 행동의 상황·행동·피드백 확인"",""reason"":""EVALUATOR_DISAGREEMENT"",""skill_id"":""M1_SKILL_05""}]",APP0037_FINAL_REVIEW_FOCUSED_FOLLOW_UP,APP0037,C0037,UNRESOLVED,"[""M1_SKILL_05""]",[],HOLD,"{""adverse_must"":[],""decision_refs"":[""DC_APP0037_M1_SKILL_03_001939"",""DC_APP0037_M1_SKILL_01_001937"",""DC_APP0037_M1_SKILL_02_001938"",""DC_APP0037_M1_SKILL_04_001940"",""DC_APP0037_M1_SKILL_05_001941"",""DC_APP0037_M1_SKILL_06_001942"",""DC_APP0037_M1_SKILL_07_001943"",""DC_APP0037_M1_SKILL_08_001944""],""disagreement_must"":[""M1_SKILL_05""],""human_rationale"":""필수 근거·반복된 명시적 제한·남은 확인 질문을 검토한 합성 패널 판단."",""learnable_gaps"":[],""missing_must"":[],""repeated_must_limitations"":[],""review_round"":""INITIAL"",""rubric_id"":""M1_EVIDENCE_RUBRIC_V02"",""talent_profile"":""talent_profile.json"",""unresolved_must"":[""M1_SKILL_05""]}",FINAL_PANEL_01,2027-01-15T11:25:00+09:00,SYNTHETIC_HUMAN_SCENARIO
FD_APP0037_RE_REVIEW,RE_REVIEW,,,APP0037_FINAL_REVIEW_FOCUSED_FOLLOW_UP,APP0037,C0037,UNRESOLVED,"[""M1_SKILL_05""]",[],DO_NOT_PROCEED,"{""accepted_uncertainty_plan"":[],""adverse_must"":[],""decision_refs"":[""DC_APP0037_M1_SKILL_03_001947"",""DC_APP0037_M1_SKILL_01_001945"",""DC_APP0037_M1_SKILL_02_001946"",""DC_APP0037_M1_SKILL_04_001948"",""DC_APP0037_M1_SKILL_05_001949"",""DC_APP0037_M1_SKILL_06_001950"",""DC_APP0037_M1_SKILL_07_001951"",""DC_APP0037_M1_SKILL_08_001952""],""disagreement_must"":[""M1_SKILL_05""],""human_rationale"":""추가 검증 후에도 남은 명시적 필수 검증 제한/해석 충돌을 검토하여 이번 역할 진행을 보류하지 않고 종료한다."",""learnable_gaps"":[],""missing_must"":[],""repeated_must_limitations"":[],""review_round"":""RE_REVIEW"",""rubric_id"":""M1_EVIDENCE_RUBRIC_V02"",""talent_profile"":""talent_profile.json"",""unresolved_must"":[""M1_SKILL_05""]}",FINAL_PANEL_01,2027-01-23T12:20:00+09:00,SYNTHETIC_HUMAN_SCENARIO
FD_APP0046_INITIAL,INITIAL,EVALUATOR_DISAGREEMENT,"[{""anchor_evidence_id"":""EV_APP0046_SECOND_INTERVIEW_VALUES_BEHAVIOR_INTERVIEW_M1_SKILL_04"",""context"":""학습·협업 행동의 상황·행동·피드백 확인"",""existing_evidence_ids"":[""EV_APP0046_DOCUMENT_SCREEN_DOCUMENT_REVIEW_M1_SKILL_04"",""EV_APP0046_FIRST_INTERVIEW_PRACTITIONER_QA_M1_SKILL_04"",""EV_APP0046_SECOND_INTERVIEW_VALUES_BEHAVIOR_INTERVIEW_M1_SKILL_04""],""existing_observation_ids"":[""OB_DOCUMENT_SCREEN_PANEL_01_RECRUITER_EV_APP0046_DOCUMENT_SCREEN_DOCUMENT_REVIEW_M1_SKILL_04"",""OB_FIRST_PANEL_09_HIRING_MANAGER_EV_APP0046_FIRST_INTERVIEW_PRACTITIONER_QA_M1_SKILL_04"",""OB_FIRST_PANEL_09_ML_ENGINEER_EV_APP0046_FIRST_INTERVIEW_PRACTITIONER_QA_M1_SKILL_04"",""OB_FIRST_PANEL_09_TECHNICAL_REVIEWER_EV_APP0046_FIRST_INTERVIEW_PRACTITIONER_QA_M1_SKILL_04"",""OB_SECOND_INTERVIEW_PANEL_01_HIRING_MANAGER_EV_APP0046_SECOND_INTERVIEW_VALUES_BEHAVIOR_INTERVIEW_M1_SKILL_04"",""OB_SECOND_INTERVIEW_PANEL_01_ML_ENGINEER_EV_APP0046_SECOND_INTERVIEW_VALUES_BEHAVIOR_INTERVIEW_M1_SKILL_04""],""method"":""BEHAVIORAL_INTERACTION"",""question"":""공동 산출물 중 본인이 수행하고 검증한 범위를 기록으로 분리할 수 있는가? 대상: EV_APP0046_SECOND_INTERVIEW_VALUES_BEHAVIOR_INTERVIEW_M1_SKILL_04 / 행동은 확인했지만 원문에 검증 미실행이 명시됐다. / 학습·협업 행동의 상황·행동·피드백 확인"",""reason"":""EVALUATOR_DISAGREEMENT"",""skill_id"":""M1_SKILL_04""}]",APP0046_FINAL_REVIEW_FOCUSED_FOLLOW_UP,APP0046,C0046,UNRESOLVED,"[""M1_SKILL_04""]",[],HOLD,"{""adverse_must"":[""M1_SKILL_04""],""decision_refs"":[""DC_APP0046_M1_SKILL_03_001955"",""DC_APP0046_M1_SKILL_01_001953"",""DC_APP0046_M1_SKILL_02_001954"",""DC_APP0046_M1_SKILL_04_001956"",""DC_APP0046_M1_SKILL_05_001957"",""DC_APP0046_M1_SKILL_06_001958"",""DC_APP0046_M1_SKILL_07_001959"",""DC_APP0046_M1_SKILL_08_001960""],""disagreement_must"":[""M1_SKILL_04""],""human_rationale"":""필수 근거·반복된 명시적 제한·남은 확인 질문을 검토한 합성 패널 판단."",""learnable_gaps"":[],""missing_must"":[],""repeated_must_limitations"":[],""review_round"":""INITIAL"",""rubric_id"":""M1_EVIDENCE_RUBRIC_V02"",""talent_profile"":""talent_profile.json"",""unresolved_must"":[""M1_SKILL_04""]}",FINAL_PANEL_01,2027-01-23T11:25:00+09:00,SYNTHETIC_HUMAN_SCENARIO
FD_APP0046_RE_REVIEW,RE_REVIEW,,,APP0046_FINAL_REVIEW_FOCUSED_FOLLOW_UP,APP0046,C0046,UNRESOLVED,"[""M1_SKILL_04""]",[],DO_NOT_PROCEED,"{""accepted_uncertainty_plan"":[],""adverse_must"":[""M1_SKILL_04""],""decision_refs"":[""DC_APP0046_M1_SKILL_03_001963"",""DC_APP0046_M1_SKILL_01_001961"",""DC_APP0046_M1_SKILL_02_001962"",""DC_APP0046_M1_SKILL_04_001964"",""DC_APP0046_M1_SKILL_05_001965"",""DC_APP0046_M1_SKILL_06_001966"",""DC_APP0046_M1_SKILL_07_001967"",""DC_APP0046_M1_SKILL_08_001968""],""disagreement_must"":[""M1_SKILL_04""],""human_rationale"":""추가 검증 후에도 남은 명시적 필수 검증 제한/해석 충돌을 검토하여 이번 역할 진행을 보류하지 않고 종료한다."",""learnable_gaps"":[],""missing_must"":[],""repeated_must_limitations"":[],""review_round"":""RE_REVIEW"",""rubric_id"":""M1_EVIDENCE_RUBRIC_V02"",""talent_profile"":""talent_profile.json"",""unresolved_must"":[""M1_SKILL_04""]}",FINAL_PANEL_01,2027-01-31T12:20:00+09:00,SYNTHETIC_HUMAN_SCENARIO
FD_APP0070_INITIAL,INITIAL,,,,APP0070,C0070,COVERED,[],"[""M1_SKILL_06""]",PROCEED_TO_OFFER,"{""adverse_must"":[],""decision_refs"":[""DC_APP0070_M1_SKILL_03_001971"",""DC_APP0070_M1_SKILL_01_001969"",""DC_APP0070_M1_SKILL_02_001970"",""DC_APP0070_M1_SKILL_04_001972"",""DC_APP0070_M1_SKILL_05_001973"",""DC_APP0070_M1_SKILL_06_001974"",""DC_APP0070_M1_SKILL_07_001975"",""DC_APP0070_M1_SKILL_08_001976""],""disagreement_must"":[],""human_rationale"":""필수 근거·반복된 명시적 제한·남은 확인 질문을 검토한 합성 패널 판단."",""learnable_gaps"":[""M1_SKILL_06""],""missing_must"":[],""repeated_must_limitations"":[],""review_round"":""INITIAL"",""rubric_id"":""M1_EVIDENCE_RUBRIC_V02"",""talent_profile"":""talent_profile.json"",""unresolved_must"":[]}",FINAL_PANEL_01,2027-01-24T12:05:00+09:00,SYNTHETIC_HUMAN_SCENARIO
FD_APP0035_INITIAL,INITIAL,EVALUATOR_DISAGREEMENT,"[{""anchor_evidence_id"":""EV_APP0035_SECOND_INTERVIEW_VALUES_BEHAVIOR_INTERVIEW_M1_SKILL_04"",""context"":""학습·협업 행동의 상황·행동·피드백 확인"",""existing_evidence_ids"":[""EV_APP0035_DOCUMENT_SCREEN_DOCUMENT_REVIEW_M1_SKILL_04"",""EV_APP0035_FIRST_INTERVIEW_PRACTITIONER_QA_M1_SKILL_04"",""EV_APP0035_SECOND_INTERVIEW_VALUES_BEHAVIOR_INTERVIEW_M1_SKILL_04""],""existing_observation_ids"":[""OB_DOCUMENT_SCREEN_PANEL_01_RECRUITER_EV_APP0035_DOCUMENT_SCREEN_DOCUMENT_REVIEW_M1_SKILL_04"",""OB_FIRST_PANEL_01_HIRING_MANAGER_EV_APP0035_FIRST_INTERVIEW_PRACTITIONER_QA_M1_SKILL_04"",""OB_FIRST_PANEL_01_ML_ENGINEER_EV_APP0035_FIRST_INTERVIEW_PRACTITIONER_QA_M1_SKILL_04"",""OB_FIRST_PANEL_01_TECHNICAL_REVIEWER_EV_APP0035_FIRST_INTERVIEW_PRACTITIONER_QA_M1_SKILL_04"",""OB_SECOND_INTERVIEW_PANEL_01_HIRING_MANAGER_EV_APP0035_SECOND_INTERVIEW_VALUES_BEHAVIOR_INTERVIEW_M1_SKILL_04"",""OB_SECOND_INTERVIEW_PANEL_01_ML_ENGINEER_EV_APP0035_SECOND_INTERVIEW_VALUES_BEHAVIOR_INTERVIEW_M1_SKILL_04""],""method"":""BEHAVIORAL_INTERACTION"",""question"":""앞선 검증 미실행의 범위를 재확인하고 요청한 검증을 수행했는가? 대상: EV_APP0035_SECOND_INTERVIEW_VALUES_BEHAVIOR_INTERVIEW_M1_SKILL_04 / 원문에 해당 행동을 확인할 내용이 없다. 능력 부재를 뜻하지 않는다. / 학습·협업 행동의 상황·행동·피드백 확인"",""reason"":""UNRESOLVED_EVIDENCE"",""skill_id"":""M1_SKILL_04""},{""anchor_evidence_id"":""EV_APP0035_SECOND_INTERVIEW_VALUES_BEHAVIOR_INTERVIEW_M1_SKILL_05"",""context"":""학습·협업 행동의 상황·행동·피드백 확인"",""existing_evidence_ids"":[""EV_APP0035_DOCUMENT_SCREEN_DOCUMENT_REVIEW_M1_SKILL_05"",""EV_APP0035_FIRST_INTERVIEW_PRACTITIONER_QA_M1_SKILL_05"",""EV_APP0035_SECOND_INTERVIEW_VALUES_BEHAVIOR_INTERVIEW_M1_SKILL_05""],""existing_observation_ids"":[""OB_DOCUMENT_SCREEN_PANEL_01_RECRUITER_EV_APP0035_DOCUMENT_SCREEN_DOCUMENT_REVIEW_M1_SKILL_05"",""OB_FIRST_PANEL_01_HIRING_MANAGER_EV_APP0035_FIRST_INTERVIEW_PRACTITIONER_QA_M1_SKILL_05"",""OB_FIRST_PANEL_01_ML_ENGINEER_EV_APP0035_FIRST_INTERVIEW_PRACTITIONER_QA_M1_SKILL_05"",""OB_FIRST_PANEL_01_TECHNICAL_REVIEWER_EV_APP0035_FIRST_INTERVIEW_PRACTITIONER_QA_M1_SKILL_05"",""OB_SECOND_INTERVIEW_PANEL_01_HIRING_MANAGER_EV_APP0035_SECOND_INTERVIEW_VALUES_BEHAVIOR_INTERVIEW_M1_SKILL_05"",""OB_SECOND_INTERVIEW_PANEL_01_ML_ENGINEER_EV_APP0035_SECOND_INTERVIEW_VALUES_BEHAVIOR_INTERVIEW_M1_SKILL_05""],""method"":""BEHAVIORAL_INTERACTION"",""question"":""공동 산출물 중 본인이 수행하고 검증한 범위를 기록으로 분리할 수 있는가? 대상: EV_APP0035_SECOND_INTERVIEW_VALUES_BEHAVIOR_INTERVIEW_M1_SKILL_05 / 원문에 해당 행동을 확인할 내용이 없다. 능력 부재를 뜻하지 않는다. / 학습·협업 행동의 상황·행동·피드백 확인"",""reason"":""EVALUATOR_DISAGREEMENT"",""skill_id"":""M1_SKILL_05""}]",APP0035_FINAL_REVIEW_FOCUSED_FOLLOW_UP,APP0035,C0035,UNRESOLVED,"[""M1_SKILL_04"",""M1_SKILL_05""]",[],HOLD,"{""adverse_must"":[""M1_SKILL_04""],""decision_refs"":[""DC_APP0035_M1_SKILL_03_001979"",""DC_APP0035_M1_SKILL_01_001977"",""DC_APP0035_M1_SKILL_02_001978"",""DC_APP0035_M1_SKILL_04_001980"",""DC_APP0035_M1_SKILL_05_001981"",""DC_APP0035_M1_SKILL_06_001982"",""DC_APP0035_M1_SKILL_07_001983"",""DC_APP0035_M1_SKILL_08_001984""],""disagreement_must"":[""M1_SKILL_05""],""human_rationale"":""필수 근거·반복된 명시적 제한·남은 확인 질문을 검토한 합성 패널 판단."",""learnable_gaps"":[],""missing_must"":[],""repeated_must_limitations"":[],""review_round"":""INITIAL"",""rubric_id"":""M1_EVIDENCE_RUBRIC_V02"",""talent_profile"":""talent_profile.json"",""unresolved_must"":[""M1_SKILL_04"",""M1_SKILL_05""]}",FINAL_PANEL_01,2027-01-24T11:30:00+09:00,SYNTHETIC_HUMAN_SCENARIO
FD_APP0035_RE_REVIEW,RE_REVIEW,,,APP0035_FINAL_REVIEW_FOCUSED_FOLLOW_UP,APP0035,C0035,UNRESOLVED,"[""M1_SKILL_05""]",[],DO_NOT_PROCEED,"{""accepted_uncertainty_plan"":[],""adverse_must"":[],""decision_refs"":[""DC_APP0035_M1_SKILL_03_001987"",""DC_APP0035_M1_SKILL_01_001985"",""DC_APP0035_M1_SKILL_02_001986"",""DC_APP0035_M1_SKILL_04_001988"",""DC_APP0035_M1_SKILL_05_001989"",""DC_APP0035_M1_SKILL_06_001990"",""DC_APP0035_M1_SKILL_07_001991"",""DC_APP0035_M1_SKILL_08_001992""],""disagreement_must"":[""M1_SKILL_05""],""human_rationale"":""추가 검증 후에도 남은 명시적 필수 검증 제한/해석 충돌을 검토하여 이번 역할 진행을 보류하지 않고 종료한다."",""learnable_gaps"":[],""missing_must"":[],""repeated_must_limitations"":[],""review_round"":""RE_REVIEW"",""rubric_id"":""M1_EVIDENCE_RUBRIC_V02"",""talent_profile"":""talent_profile.json"",""unresolved_must"":[""M1_SKILL_05""]}",FINAL_PANEL_01,2027-02-01T12:25:00+09:00,SYNTHETIC_HUMAN_SCENARIO
FD_APP0096_INITIAL,INITIAL,,,,APP0096,C0096,COVERED,[],[],PROCEED_TO_OFFER,"{""adverse_must"":[],""decision_refs"":[""DC_APP0096_M1_SKILL_03_001995"",""DC_APP0096_M1_SKILL_01_001993"",""DC_APP0096_M1_SKILL_02_001994"",""DC_APP0096_M1_SKILL_04_001996"",""DC_APP0096_M1_SKILL_05_001997"",""DC_APP0096_M1_SKILL_06_001998"",""DC_APP0096_M1_SKILL_07_001999"",""DC_APP0096_M1_SKILL_08_002000""],""disagreement_must"":[],""human_rationale"":""필수 근거·반복된 명시적 제한·남은 확인 질문을 검토한 합성 패널 판단."",""learnable_gaps"":[],""missing_must"":[],""repeated_must_limitations"":[],""review_round"":""INITIAL"",""rubric_id"":""M1_EVIDENCE_RUBRIC_V02"",""talent_profile"":""talent_profile.json"",""unresolved_must"":[]}",FINAL_PANEL_01,2027-01-22T11:10:00+09:00,SYNTHETIC_HUMAN_SCENARIO
FD_APP0102_INITIAL,INITIAL,,,,APP0102,C0102,COVERED,[],"[""M1_SKILL_06""]",PROCEED_TO_OFFER,"{""adverse_must"":[],""decision_refs"":[""DC_APP0102_M1_SKILL_03_002003"",""DC_APP0102_M1_SKILL_01_002001"",""DC_APP0102_M1_SKILL_02_002002"",""DC_APP0102_M1_SKILL_04_002004"",""DC_APP0102_M1_SKILL_05_002005"",""DC_APP0102_M1_SKILL_06_002006"",""DC_APP0102_M1_SKILL_07_002007"",""DC_APP0102_M1_SKILL_08_002008""],""disagreement_must"":[],""human_rationale"":""필수 근거·반복된 명시적 제한·남은 확인 질문을 검토한 합성 패널 판단."",""learnable_gaps"":[""M1_SKILL_06""],""missing_must"":[],""repeated_must_limitations"":[],""review_round"":""INITIAL"",""rubric_id"":""M1_EVIDENCE_RUBRIC_V02"",""talent_profile"":""talent_profile.json"",""unresolved_must"":[]}",FINAL_PANEL_01,2027-01-28T11:30:00+09:00,SYNTHETIC_HUMAN_SCENARIO
FD_APP0050_INITIAL,INITIAL,,,,APP0050,C0050,COVERED,[],[],PROCEED_TO_OFFER,"{""adverse_must"":[],""decision_refs"":[""DC_APP0050_M1_SKILL_03_002011"",""DC_APP0050_M1_SKILL_01_002009"",""DC_APP0050_M1_SKILL_02_002010"",""DC_APP0050_M1_SKILL_04_002012"",""DC_APP0050_M1_SKILL_05_002013"",""DC_APP0050_M1_SKILL_06_002014"",""DC_APP0050_M1_SKILL_07_002015"",""DC_APP0050_M1_SKILL_08_002016""],""disagreement_must"":[],""human_rationale"":""필수 근거·반복된 명시적 제한·남은 확인 질문을 검토한 합성 패널 판단."",""learnable_gaps"":[],""missing_must"":[],""repeated_must_limitations"":[],""review_round"":""INITIAL"",""rubric_id"":""M1_EVIDENCE_RUBRIC_V02"",""talent_profile"":""talent_profile.json"",""unresolved_must"":[]}",FINAL_PANEL_01,2027-01-26T11:10:00+09:00,SYNTHETIC_HUMAN_SCENARIO
FD_APP0059_INITIAL,INITIAL,EVALUATOR_DISAGREEMENT,"[{""anchor_evidence_id"":""EV_APP0059_SECOND_INTERVIEW_VALUES_BEHAVIOR_INTERVIEW_M1_SKILL_05"",""context"":""학습·협업 행동의 상황·행동·피드백 확인"",""existing_evidence_ids"":[""EV_APP0059_DOCUMENT_SCREEN_DOCUMENT_REVIEW_M1_SKILL_05"",""EV_APP0059_FIRST_INTERVIEW_PRACTITIONER_QA_M1_SKILL_05"",""EV_APP0059_SECOND_INTERVIEW_VALUES_BEHAVIOR_INTERVIEW_M1_SKILL_05""],""existing_observation_ids"":[""OB_DOCUMENT_SCREEN_PANEL_01_RECRUITER_EV_APP0059_DOCUMENT_SCREEN_DOCUMENT_REVIEW_M1_SKILL_05"",""OB_FIRST_PANEL_09_HIRING_MANAGER_EV_APP0059_FIRST_INTERVIEW_PRACTITIONER_QA_M1_SKILL_05"",""OB_FIRST_PANEL_09_ML_ENGINEER_EV_APP0059_FIRST_INTERVIEW_PRACTITIONER_QA_M1_SKILL_05"",""OB_FIRST_PANEL_09_TECHNICAL_REVIEWER_EV_APP0059_FIRST_INTERVIEW_PRACTITIONER_QA_M1_SKILL_05"",""OB_SECOND_INTERVIEW_PANEL_01_HIRING_MANAGER_EV_APP0059_SECOND_INTERVIEW_VALUES_BEHAVIOR_INTERVIEW_M1_SKILL_05"",""OB_SECOND_INTERVIEW_PANEL_01_ML_ENGINEER_EV_APP0059_SECOND_INTERVIEW_VALUES_BEHAVIOR_INTERVIEW_M1_SKILL_05""],""method"":""BEHAVIORAL_INTERACTION"",""question"":""공동 산출물 중 본인이 수행하고 검증한 범위를 기록으로 분리할 수 있는가? 대상: EV_APP0059_SECOND_INTERVIEW_VALUES_BEHAVIOR_INTERVIEW_M1_SKILL_05 / 행동은 확인했지만 원문에 검증 미실행이 명시됐다. / 학습·협업 행동의 상황·행동·피드백 확인"",""reason"":""EVALUATOR_DISAGREEMENT"",""skill_id"":""M1_SKILL_05""}]",APP0059_FINAL_REVIEW_FOCUSED_FOLLOW_UP,APP0059,C0059,UNRESOLVED,"[""M1_SKILL_05""]","[""M1_SKILL_06""]",HOLD,"{""adverse_must"":[""M1_SKILL_05""],""decision_refs"":[""DC_APP0059_M1_SKILL_03_002019"",""DC_APP0059_M1_SKILL_01_002017"",""DC_APP0059_M1_SKILL_02_002018"",""DC_APP0059_M1_SKILL_04_002020"",""DC_APP0059_M1_SKILL_05_002021"",""DC_APP0059_M1_SKILL_06_002022"",""DC_APP0059_M1_SKILL_07_002023"",""DC_APP0059_M1_SKILL_08_002024""],""disagreement_must"":[""M1_SKILL_05""],""human_rationale"":""필수 근거·반복된 명시적 제한·남은 확인 질문을 검토한 합성 패널 판단."",""learnable_gaps"":[""M1_SKILL_06""],""missing_must"":[],""repeated_must_limitations"":[],""review_round"":""INITIAL"",""rubric_id"":""M1_EVIDENCE_RUBRIC_V02"",""talent_profile"":""talent_profile.json"",""unresolved_must"":[""M1_SKILL_05""]}",FINAL_PANEL_01,2027-01-27T11:20:00+09:00,SYNTHETIC_HUMAN_SCENARIO
FD_APP0059_RE_REVIEW,RE_REVIEW,,,APP0059_FINAL_REVIEW_FOCUSED_FOLLOW_UP,APP0059,C0059,UNRESOLVED,"[""M1_SKILL_05""]","[""M1_SKILL_06""]",DO_NOT_PROCEED,"{""accepted_uncertainty_plan"":[],""adverse_must"":[""M1_SKILL_05""],""decision_refs"":[""DC_APP0059_M1_SKILL_03_002027"",""DC_APP0059_M1_SKILL_01_002025"",""DC_APP0059_M1_SKILL_02_002026"",""DC_APP0059_M1_SKILL_04_002028"",""DC_APP0059_M1_SKILL_05_002029"",""DC_APP0059_M1_SKILL_06_002030"",""DC_APP0059_M1_SKILL_07_002031"",""DC_APP0059_M1_SKILL_08_002032""],""disagreement_must"":[""M1_SKILL_05""],""human_rationale"":""추가 검증 후에도 남은 명시적 필수 검증 제한/해석 충돌을 검토하여 이번 역할 진행을 보류하지 않고 종료한다."",""learnable_gaps"":[""M1_SKILL_06""],""missing_must"":[],""repeated_must_limitations"":[],""review_round"":""RE_REVIEW"",""rubric_id"":""M1_EVIDENCE_RUBRIC_V02"",""talent_profile"":""talent_profile.json"",""unresolved_must"":[""M1_SKILL_05""]}",FINAL_PANEL_01,2027-02-04T12:15:00+09:00,SYNTHETIC_HUMAN_SCENARIO
FD_APP0113_INITIAL,INITIAL,,,,APP0113,C0113,COVERED,[],[],PROCEED_TO_OFFER,"{""adverse_must"":[],""decision_refs"":[""DC_APP0113_M1_SKILL_03_002035"",""DC_APP0113_M1_SKILL_01_002033"",""DC_APP0113_M1_SKILL_02_002034"",""DC_APP0113_M1_SKILL_04_002036"",""DC_APP0113_M1_SKILL_05_002037"",""DC_APP0113_M1_SKILL_06_002038"",""DC_APP0113_M1_SKILL_07_002039"",""DC_APP0113_M1_SKILL_08_002040""],""disagreement_must"":[],""human_rationale"":""필수 근거·반복된 명시적 제한·남은 확인 질문을 검토한 합성 패널 판단."",""learnable_gaps"":[],""missing_must"":[],""repeated_must_limitations"":[],""review_round"":""INITIAL"",""rubric_id"":""M1_EVIDENCE_RUBRIC_V02"",""talent_profile"":""talent_profile.json"",""unresolved_must"":[]}",FINAL_PANEL_01,2027-01-28T11:30:00+09:00,SYNTHETIC_HUMAN_SCENARIO
FD_APP0115_INITIAL,INITIAL,,,,APP0115,C0115,REPEATED_LIMITATION,"[""M1_SKILL_04""]",[],DO_NOT_PROCEED,"{""adverse_must"":[""M1_SKILL_04""],""decision_refs"":[""DC_APP0115_M1_SKILL_03_002043"",""DC_APP0115_M1_SKILL_01_002041"",""DC_APP0115_M1_SKILL_02_002042"",""DC_APP0115_M1_SKILL_04_002044"",""DC_APP0115_M1_SKILL_05_002045"",""DC_APP0115_M1_SKILL_06_002046"",""DC_APP0115_M1_SKILL_07_002047"",""DC_APP0115_M1_SKILL_08_002048""],""disagreement_must"":[],""human_rationale"":""필수 근거·반복된 명시적 제한·남은 확인 질문을 검토한 합성 패널 판단."",""learnable_gaps"":[],""missing_must"":[],""repeated_must_limitations"":[""M1_SKILL_04""],""review_round"":""INITIAL"",""rubric_id"":""M1_EVIDENCE_RUBRIC_V02"",""talent_profile"":""talent_profile.json"",""unresolved_must"":[""M1_SKILL_04""]}",FINAL_PANEL_01,2027-02-02T11:30:00+09:00,SYNTHETIC_HUMAN_SCENARIO
FD_APP0082_INITIAL,INITIAL,,,,APP0082,C0082,COVERED,[],[],PROCEED_TO_OFFER,"{""adverse_must"":[],""decision_refs"":[""DC_APP0082_M1_SKILL_03_002051"",""DC_APP0082_M1_SKILL_01_002049"",""DC_APP0082_M1_SKILL_02_002050"",""DC_APP0082_M1_SKILL_04_002052"",""DC_APP0082_M1_SKILL_05_002053"",""DC_APP0082_M1_SKILL_06_002054"",""DC_APP0082_M1_SKILL_07_002055"",""DC_APP0082_M1_SKILL_08_002056""],""disagreement_must"":[],""human_rationale"":""필수 근거·반복된 명시적 제한·남은 확인 질문을 검토한 합성 패널 판단."",""learnable_gaps"":[],""missing_must"":[],""repeated_must_limitations"":[],""review_round"":""INITIAL"",""rubric_id"":""M1_EVIDENCE_RUBRIC_V02"",""talent_profile"":""talent_profile.json"",""unresolved_must"":[]}",FINAL_PANEL_01,2027-02-04T11:55:00+09:00,SYNTHETIC_HUMAN_SCENARIO
FD_APP0135_INITIAL,INITIAL,,,,APP0135,C0135,COVERED,[],"[""M1_SKILL_06""]",PROCEED_TO_OFFER,"{""adverse_must"":[],""decision_refs"":[""DC_APP0135_M1_SKILL_03_002059"",""DC_APP0135_M1_SKILL_01_002057"",""DC_APP0135_M1_SKILL_02_002058"",""DC_APP0135_M1_SKILL_04_002060"",""DC_APP0135_M1_SKILL_05_002061"",""DC_APP0135_M1_SKILL_06_002062"",""DC_APP0135_M1_SKILL_07_002063"",""DC_APP0135_M1_SKILL_08_002064""],""disagreement_must"":[],""human_rationale"":""필수 근거·반복된 명시적 제한·남은 확인 질문을 검토한 합성 패널 판단."",""learnable_gaps"":[""M1_SKILL_06""],""missing_must"":[],""repeated_must_limitations"":[],""review_round"":""INITIAL"",""rubric_id"":""M1_EVIDENCE_RUBRIC_V02"",""talent_profile"":""talent_profile.json"",""unresolved_must"":[]}",FINAL_PANEL_01,2027-02-07T11:05:00+09:00,SYNTHETIC_HUMAN_SCENARIO
FD_APP0155_INITIAL,INITIAL,,,,APP0155,C0155,COVERED,[],[],PROCEED_TO_OFFER,"{""adverse_must"":[],""decision_refs"":[""DC_APP0155_M1_SKILL_03_002067"",""DC_APP0155_M1_SKILL_01_002065"",""DC_APP0155_M1_SKILL_02_002066"",""DC_APP0155_M1_SKILL_04_002068"",""DC_APP0155_M1_SKILL_05_002069"",""DC_APP0155_M1_SKILL_06_002070"",""DC_APP0155_M1_SKILL_07_002071"",""DC_APP0155_M1_SKILL_08_002072""],""disagreement_must"":[],""human_rationale"":""필수 근거·반복된 명시적 제한·남은 확인 질문을 검토한 합성 패널 판단."",""learnable_gaps"":[],""missing_must"":[],""repeated_must_limitations"":[],""review_round"":""INITIAL"",""rubric_id"":""M1_EVIDENCE_RUBRIC_V02"",""talent_profile"":""talent_profile.json"",""unresolved_must"":[]}",FINAL_PANEL_01,2027-02-12T11:00:00+09:00,SYNTHETIC_HUMAN_SCENARIO
FD_APP0131_INITIAL,INITIAL,,,,APP0131,C0131,COVERED,[],[],PROCEED_TO_OFFER,"{""adverse_must"":[],""decision_refs"":[""DC_APP0131_M1_SKILL_03_002075"",""DC_APP0131_M1_SKILL_01_002073"",""DC_APP0131_M1_SKILL_02_002074"",""DC_APP0131_M1_SKILL_04_002076"",""DC_APP0131_M1_SKILL_05_002077"",""DC_APP0131_M1_SKILL_06_002078"",""DC_APP0131_M1_SKILL_07_002079"",""DC_APP0131_M1_SKILL_08_002080""],""disagreement_must"":[],""human_rationale"":""필수 근거·반복된 명시적 제한·남은 확인 질문을 검토한 합성 패널 판단."",""learnable_gaps"":[],""missing_must"":[],""repeated_must_limitations"":[],""review_round"":""INITIAL"",""rubric_id"":""M1_EVIDENCE_RUBRIC_V02"",""talent_profile"":""talent_profile.json"",""unresolved_must"":[]}",FINAL_PANEL_01,2027-02-08T11:10:00+09:00,SYNTHETIC_HUMAN_SCENARIO
FD_APP0146_INITIAL,INITIAL,UNRESOLVED_EVIDENCE,"[{""anchor_evidence_id"":""EV_APP0146_SECOND_INTERVIEW_VALUES_BEHAVIOR_INTERVIEW_M1_SKILL_04"",""context"":""학습·협업 행동의 상황·행동·피드백 확인"",""existing_evidence_ids"":[""EV_APP0146_DOCUMENT_SCREEN_DOCUMENT_REVIEW_M1_SKILL_04"",""EV_APP0146_FIRST_INTERVIEW_PRACTITIONER_QA_M1_SKILL_04"",""EV_APP0146_SECOND_INTERVIEW_VALUES_BEHAVIOR_INTERVIEW_M1_SKILL_04""],""existing_observation_ids"":[""OB_DOCUMENT_SCREEN_PANEL_01_RECRUITER_EV_APP0146_DOCUMENT_SCREEN_DOCUMENT_REVIEW_M1_SKILL_04"",""OB_FIRST_PANEL_10_HIRING_MANAGER_EV_APP0146_FIRST_INTERVIEW_PRACTITIONER_QA_M1_SKILL_04"",""OB_FIRST_PANEL_10_ML_ENGINEER_EV_APP0146_FIRST_INTERVIEW_PRACTITIONER_QA_M1_SKILL_04"",""OB_FIRST_PANEL_10_TECHNICAL_REVIEWER_EV_APP0146_FIRST_INTERVIEW_PRACTITIONER_QA_M1_SKILL_04"",""OB_SECOND_INTERVIEW_PANEL_01_HIRING_MANAGER_EV_APP0146_SECOND_INTERVIEW_VALUES_BEHAVIOR_INTERVIEW_M1_SKILL_04"",""OB_SECOND_INTERVIEW_PANEL_01_ML_ENGINEER_EV_APP0146_SECOND_INTERVIEW_VALUES_BEHAVIOR_INTERVIEW_M1_SKILL_04""],""method"":""BEHAVIORAL_INTERACTION"",""question"":""앞선 검증 미실행의 범위를 재확인하고 요청한 검증을 수행했는가? 대상: EV_APP0146_SECOND_INTERVIEW_VALUES_BEHAVIOR_INTERVIEW_M1_SKILL_04 / 원문에 해당 행동을 확인할 내용이 없다. 능력 부재를 뜻하지 않는다. / 학습·협업 행동의 상황·행동·피드백 확인"",""reason"":""UNRESOLVED_EVIDENCE"",""skill_id"":""M1_SKILL_04""}]",APP0146_FINAL_REVIEW_FOCUSED_FOLLOW_UP,APP0146,C0146,UNRESOLVED,"[""M1_SKILL_04""]",[],HOLD,"{""adverse_must"":[""M1_SKILL_04""],""decision_refs"":[""DC_APP0146_M1_SKILL_03_002083"",""DC_APP0146_M1_SKILL_01_002081"",""DC_APP0146_M1_SKILL_02_002082"",""DC_APP0146_M1_SKILL_04_002084"",""DC_APP0146_M1_SKILL_05_002085"",""DC_APP0146_M1_SKILL_06_002086"",""DC_APP0146_M1_SKILL_07_002087"",""DC_APP0146_M1_SKILL_08_002088""],""disagreement_must"":[],""human_rationale"":""필수 근거·반복된 명시적 제한·남은 확인 질문을 검토한 합성 패널 판단."",""learnable_gaps"":[],""missing_must"":[],""repeated_must_limitations"":[],""review_round"":""INITIAL"",""rubric_id"":""M1_EVIDENCE_RUBRIC_V02"",""talent_profile"":""talent_profile.json"",""unresolved_must"":[""M1_SKILL_04""]}",FINAL_PANEL_01,2027-02-09T12:00:00+09:00,SYNTHETIC_HUMAN_SCENARIO
FD_APP0146_RE_REVIEW,RE_REVIEW,,,APP0146_FINAL_REVIEW_FOCUSED_FOLLOW_UP,APP0146,C0146,REPEATED_LIMITATION,"[""M1_SKILL_04""]",[],DO_NOT_PROCEED,"{""accepted_uncertainty_plan"":[],""adverse_must"":[""M1_SKILL_04""],""decision_refs"":[""DC_APP0146_M1_SKILL_03_002091"",""DC_APP0146_M1_SKILL_01_002089"",""DC_APP0146_M1_SKILL_02_002090"",""DC_APP0146_M1_SKILL_04_002092"",""DC_APP0146_M1_SKILL_05_002093"",""DC_APP0146_M1_SKILL_06_002094"",""DC_APP0146_M1_SKILL_07_002095"",""DC_APP0146_M1_SKILL_08_002096""],""disagreement_must"":[],""human_rationale"":""추가 검증 후에도 남은 명시적 필수 검증 제한/해석 충돌을 검토하여 이번 역할 진행을 보류하지 않고 종료한다."",""learnable_gaps"":[],""missing_must"":[],""repeated_must_limitations"":[""M1_SKILL_04""],""review_round"":""RE_REVIEW"",""rubric_id"":""M1_EVIDENCE_RUBRIC_V02"",""talent_profile"":""talent_profile.json"",""unresolved_must"":[""M1_SKILL_04""]}",FINAL_PANEL_01,2027-02-17T12:45:00+09:00,SYNTHETIC_HUMAN_SCENARIO
FD_APP0136_INITIAL,INITIAL,,,,APP0136,C0136,COVERED,[],"[""M1_SKILL_06""]",PROCEED_TO_OFFER,"{""adverse_must"":[],""decision_refs"":[""DC_APP0136_M1_SKILL_03_002099"",""DC_APP0136_M1_SKILL_01_002097"",""DC_APP0136_M1_SKILL_02_002098"",""DC_APP0136_M1_SKILL_04_002100"",""DC_APP0136_M1_SKILL_05_002101"",""DC_APP0136_M1_SKILL_06_002102"",""DC_APP0136_M1_SKILL_07_002103"",""DC_APP0136_M1_SKILL_08_002104""],""disagreement_must"":[],""human_rationale"":""필수 근거·반복된 명시적 제한·남은 확인 질문을 검토한 합성 패널 판단."",""learnable_gaps"":[""M1_SKILL_06""],""missing_must"":[],""repeated_must_limitations"":[],""review_round"":""INITIAL"",""rubric_id"":""M1_EVIDENCE_RUBRIC_V02"",""talent_profile"":""talent_profile.json"",""unresolved_must"":[]}",FINAL_PANEL_01,2027-02-11T11:10:00+09:00,SYNTHETIC_HUMAN_SCENARIO
FD_APP0151_INITIAL,INITIAL,EVALUATOR_DISAGREEMENT,"[{""anchor_evidence_id"":""EV_APP0151_SECOND_INTERVIEW_VALUES_BEHAVIOR_INTERVIEW_M1_SKILL_05"",""context"":""학습·협업 행동의 상황·행동·피드백 확인"",""existing_evidence_ids"":[""EV_APP0151_DOCUMENT_SCREEN_DOCUMENT_REVIEW_M1_SKILL_05"",""EV_APP0151_FIRST_INTERVIEW_PRACTITIONER_QA_M1_SKILL_05"",""EV_APP0151_SECOND_INTERVIEW_VALUES_BEHAVIOR_INTERVIEW_M1_SKILL_05""],""existing_observation_ids"":[""OB_DOCUMENT_SCREEN_PANEL_01_RECRUITER_EV_APP0151_DOCUMENT_SCREEN_DOCUMENT_REVIEW_M1_SKILL_05"",""OB_FIRST_PANEL_04_HIRING_MANAGER_EV_APP0151_FIRST_INTERVIEW_PRACTITIONER_QA_M1_SKILL_05"",""OB_FIRST_PANEL_04_ML_ENGINEER_EV_APP0151_FIRST_INTERVIEW_PRACTITIONER_QA_M1_SKILL_05"",""OB_FIRST_PANEL_04_TECHNICAL_REVIEWER_EV_APP0151_FIRST_INTERVIEW_PRACTITIONER_QA_M1_SKILL_05"",""OB_SECOND_INTERVIEW_PANEL_01_HIRING_MANAGER_EV_APP0151_SECOND_INTERVIEW_VALUES_BEHAVIOR_INTERVIEW_M1_SKILL_05"",""OB_SECOND_INTERVIEW_PANEL_01_ML_ENGINEER_EV_APP0151_SECOND_INTERVIEW_VALUES_BEHAVIOR_INTERVIEW_M1_SKILL_05""],""method"":""BEHAVIORAL_INTERACTION"",""question"":""공동 산출물 중 본인이 수행하고 검증한 범위를 기록으로 분리할 수 있는가? 대상: EV_APP0151_SECOND_INTERVIEW_VALUES_BEHAVIOR_INTERVIEW_M1_SKILL_05 / 팀 산출물에서 개인의 검증 범위를 분리할 수 없다. / 학습·협업 행동의 상황·행동·피드백 확인"",""reason"":""EVALUATOR_DISAGREEMENT"",""skill_id"":""M1_SKILL_05""}]",APP0151_FINAL_REVIEW_FOCUSED_FOLLOW_UP,APP0151,C0151,UNRESOLVED,"[""M1_SKILL_05""]",[],HOLD,"{""adverse_must"":[""M1_SKILL_05""],""decision_refs"":[""DC_APP0151_M1_SKILL_03_002107"",""DC_APP0151_M1_SKILL_01_002105"",""DC_APP0151_M1_SKILL_02_002106"",""DC_APP0151_M1_SKILL_04_002108"",""DC_APP0151_M1_SKILL_05_002109"",""DC_APP0151_M1_SKILL_06_002110"",""DC_APP0151_M1_SKILL_07_002111"",""DC_APP0151_M1_SKILL_08_002112""],""disagreement_must"":[""M1_SKILL_05""],""human_rationale"":""필수 근거·반복된 명시적 제한·남은 확인 질문을 검토한 합성 패널 판단."",""learnable_gaps"":[],""missing_must"":[],""repeated_must_limitations"":[],""review_round"":""INITIAL"",""rubric_id"":""M1_EVIDENCE_RUBRIC_V02"",""talent_profile"":""talent_profile.json"",""unresolved_must"":[""M1_SKILL_05""]}",FINAL_PANEL_01,2027-02-07T12:35:00+09:00,SYNTHETIC_HUMAN_SCENARIO
FD_APP0151_RE_REVIEW,RE_REVIEW,,,APP0151_FINAL_REVIEW_FOCUSED_FOLLOW_UP,APP0151,C0151,UNRESOLVED,"[""M1_SKILL_05""]",[],DO_NOT_PROCEED,"{""accepted_uncertainty_plan"":[],""adverse_must"":[""M1_SKILL_05""],""decision_refs"":[""DC_APP0151_M1_SKILL_03_002115"",""DC_APP0151_M1_SKILL_01_002113"",""DC_APP0151_M1_SKILL_02_002114"",""DC_APP0151_M1_SKILL_04_002116"",""DC_APP0151_M1_SKILL_05_002117"",""DC_APP0151_M1_SKILL_06_002118"",""DC_APP0151_M1_SKILL_07_002119"",""DC_APP0151_M1_SKILL_08_002120""],""disagreement_must"":[""M1_SKILL_05""],""human_rationale"":""추가 검증 후에도 남은 명시적 필수 검증 제한/해석 충돌을 검토하여 이번 역할 진행을 보류하지 않고 종료한다."",""learnable_gaps"":[],""missing_must"":[],""repeated_must_limitations"":[],""review_round"":""RE_REVIEW"",""rubric_id"":""M1_EVIDENCE_RUBRIC_V02"",""talent_profile"":""talent_profile.json"",""unresolved_must"":[""M1_SKILL_05""]}",FINAL_PANEL_01,2027-02-15T13:40:00+09:00,SYNTHETIC_HUMAN_SCENARIO
FD_APP0164_INITIAL,INITIAL,EVALUATOR_DISAGREEMENT,"[{""anchor_evidence_id"":""EV_APP0164_SECOND_INTERVIEW_VALUES_BEHAVIOR_INTERVIEW_M1_SKILL_04"",""context"":""학습·협업 행동의 상황·행동·피드백 확인"",""existing_evidence_ids"":[""EV_APP0164_DOCUMENT_SCREEN_DOCUMENT_REVIEW_M1_SKILL_04"",""EV_APP0164_FIRST_INTERVIEW_PRACTITIONER_QA_M1_SKILL_04"",""EV_APP0164_SECOND_INTERVIEW_VALUES_BEHAVIOR_INTERVIEW_M1_SKILL_04""],""existing_observation_ids"":[""OB_DOCUMENT_SCREEN_PANEL_01_RECRUITER_EV_APP0164_DOCUMENT_SCREEN_DOCUMENT_REVIEW_M1_SKILL_04"",""OB_FIRST_PANEL_03_HIRING_MANAGER_EV_APP0164_FIRST_INTERVIEW_PRACTITIONER_QA_M1_SKILL_04"",""OB_FIRST_PANEL_03_ML_ENGINEER_EV_APP0164_FIRST_INTERVIEW_PRACTITIONER_QA_M1_SKILL_04"",""OB_FIRST_PANEL_03_TECHNICAL_REVIEWER_EV_APP0164_FIRST_INTERVIEW_PRACTITIONER_QA_M1_SKILL_04"",""OB_SECOND_INTERVIEW_PANEL_01_HIRING_MANAGER_EV_APP0164_SECOND_INTERVIEW_VALUES_BEHAVIOR_INTERVIEW_M1_SKILL_04"",""OB_SECOND_INTERVIEW_PANEL_01_ML_ENGINEER_EV_APP0164_SECOND_INTERVIEW_VALUES_BEHAVIOR_INTERVIEW_M1_SKILL_04""],""method"":""BEHAVIORAL_INTERACTION"",""question"":""공동 산출물 중 본인이 수행하고 검증한 범위를 기록으로 분리할 수 있는가? 대상: EV_APP0164_SECOND_INTERVIEW_VALUES_BEHAVIOR_INTERVIEW_M1_SKILL_04 / 행동은 확인했지만 원문에 검증 미실행이 명시됐다. / 학습·협업 행동의 상황·행동·피드백 확인"",""reason"":""EVALUATOR_DISAGREEMENT"",""skill_id"":""M1_SKILL_04""}]",APP0164_FINAL_REVIEW_FOCUSED_FOLLOW_UP,APP0164,C0164,UNRESOLVED,"[""M1_SKILL_04""]","[""M1_SKILL_06""]",HOLD,"{""adverse_must"":[""M1_SKILL_04""],""decision_refs"":[""DC_APP0164_M1_SKILL_03_002123"",""DC_APP0164_M1_SKILL_01_002121"",""DC_APP0164_M1_SKILL_02_002122"",""DC_APP0164_M1_SKILL_04_002124"",""DC_APP0164_M1_SKILL_05_002125"",""DC_APP0164_M1_SKILL_06_002126"",""DC_APP0164_M1_SKILL_07_002127"",""DC_APP0164_M1_SKILL_08_002128""],""disagreement_must"":[""M1_SKILL_04""],""human_rationale"":""필수 근거·반복된 명시적 제한·남은 확인 질문을 검토한 합성 패널 판단."",""learnable_gaps"":[""M1_SKILL_06""],""missing_must"":[],""repeated_must_limitations"":[],""review_round"":""INITIAL"",""rubric_id"":""M1_EVIDENCE_RUBRIC_V02"",""talent_profile"":""talent_profile.json"",""unresolved_must"":[""M1_SKILL_04""]}",FINAL_PANEL_01,2027-02-07T12:30:00+09:00,SYNTHETIC_HUMAN_SCENARIO
FD_APP0164_RE_REVIEW,RE_REVIEW,,,APP0164_FINAL_REVIEW_FOCUSED_FOLLOW_UP,APP0164,C0164,UNRESOLVED,"[""M1_SKILL_04""]","[""M1_SKILL_06""]",DO_NOT_PROCEED,"{""accepted_uncertainty_plan"":[],""adverse_must"":[""M1_SKILL_04""],""decision_refs"":[""DC_APP0164_M1_SKILL_03_002131"",""DC_APP0164_M1_SKILL_01_002129"",""DC_APP0164_M1_SKILL_02_002130"",""DC_APP0164_M1_SKILL_04_002132"",""DC_APP0164_M1_SKILL_05_002133"",""DC_APP0164_M1_SKILL_06_002134"",""DC_APP0164_M1_SKILL_07_002135"",""DC_APP0164_M1_SKILL_08_002136""],""disagreement_must"":[""M1_SKILL_04""],""human_rationale"":""추가 검증 후에도 남은 명시적 필수 검증 제한/해석 충돌을 검토하여 이번 역할 진행을 보류하지 않고 종료한다."",""learnable_gaps"":[""M1_SKILL_06""],""missing_must"":[],""repeated_must_limitations"":[],""review_round"":""RE_REVIEW"",""rubric_id"":""M1_EVIDENCE_RUBRIC_V02"",""talent_profile"":""talent_profile.json"",""unresolved_must"":[""M1_SKILL_04""]}",FINAL_PANEL_01,2027-02-15T14:35:00+09:00,SYNTHETIC_HUMAN_SCENARIO
FD_APP0149_INITIAL,INITIAL,,,,APP0149,C0149,COVERED,[],"[""M1_SKILL_06""]",PROCEED_TO_OFFER,"{""adverse_must"":[],""decision_refs"":[""DC_APP0149_M1_SKILL_03_002139"",""DC_APP0149_M1_SKILL_01_002137"",""DC_APP0149_M1_SKILL_02_002138"",""DC_APP0149_M1_SKILL_04_002140"",""DC_APP0149_M1_SKILL_05_002141"",""DC_APP0149_M1_SKILL_06_002142"",""DC_APP0149_M1_SKILL_07_002143"",""DC_APP0149_M1_SKILL_08_002144""],""disagreement_must"":[],""human_rationale"":""필수 근거·반복된 명시적 제한·남은 확인 질문을 검토한 합성 패널 판단."",""learnable_gaps"":[""M1_SKILL_06""],""missing_must"":[],""repeated_must_limitations"":[],""review_round"":""INITIAL"",""rubric_id"":""M1_EVIDENCE_RUBRIC_V02"",""talent_profile"":""talent_profile.json"",""unresolved_must"":[]}",FINAL_PANEL_01,2027-02-12T11:25:00+09:00,SYNTHETIC_HUMAN_SCENARIO
FD_APP0166_INITIAL,INITIAL,,,,APP0166,C0166,COVERED,[],"[""M1_SKILL_06""]",PROCEED_TO_OFFER,"{""adverse_must"":[],""decision_refs"":[""DC_APP0166_M1_SKILL_03_002147"",""DC_APP0166_M1_SKILL_01_002145"",""DC_APP0166_M1_SKILL_02_002146"",""DC_APP0166_M1_SKILL_04_002148"",""DC_APP0166_M1_SKILL_05_002149"",""DC_APP0166_M1_SKILL_06_002150"",""DC_APP0166_M1_SKILL_07_002151"",""DC_APP0166_M1_SKILL_08_002152""],""disagreement_must"":[],""human_rationale"":""필수 근거·반복된 명시적 제한·남은 확인 질문을 검토한 합성 패널 판단."",""learnable_gaps"":[""M1_SKILL_06""],""missing_must"":[],""repeated_must_limitations"":[],""review_round"":""INITIAL"",""rubric_id"":""M1_EVIDENCE_RUBRIC_V02"",""talent_profile"":""talent_profile.json"",""unresolved_must"":[]}",FINAL_PANEL_01,2027-02-11T11:15:00+09:00,SYNTHETIC_HUMAN_SCENARIO
FD_APP0181_INITIAL,INITIAL,,,,APP0181,C0181,COVERED,[],[],PROCEED_TO_OFFER,"{""adverse_must"":[],""decision_refs"":[""DC_APP0181_M1_SKILL_03_002155"",""DC_APP0181_M1_SKILL_01_002153"",""DC_APP0181_M1_SKILL_02_002154"",""DC_APP0181_M1_SKILL_04_002156"",""DC_APP0181_M1_SKILL_05_002157"",""DC_APP0181_M1_SKILL_06_002158"",""DC_APP0181_M1_SKILL_07_002159"",""DC_APP0181_M1_SKILL_08_002160""],""disagreement_must"":[],""human_rationale"":""필수 근거·반복된 명시적 제한·남은 확인 질문을 검토한 합성 패널 판단."",""learnable_gaps"":[],""missing_must"":[],""repeated_must_limitations"":[],""review_round"":""INITIAL"",""rubric_id"":""M1_EVIDENCE_RUBRIC_V02"",""talent_profile"":""talent_profile.json"",""unresolved_must"":[]}",FINAL_PANEL_01,2027-02-22T11:35:00+09:00,SYNTHETIC_HUMAN_SCENARIO
FD_APP0225_INITIAL,INITIAL,,,,APP0225,C0225,COVERED,[],"[""M1_SKILL_06""]",PROCEED_TO_OFFER,"{""adverse_must"":[],""decision_refs"":[""DC_APP0225_M1_SKILL_03_002163"",""DC_APP0225_M1_SKILL_01_002161"",""DC_APP0225_M1_SKILL_02_002162"",""DC_APP0225_M1_SKILL_04_002164"",""DC_APP0225_M1_SKILL_05_002165"",""DC_APP0225_M1_SKILL_06_002166"",""DC_APP0225_M1_SKILL_07_002167"",""DC_APP0225_M1_SKILL_08_002168""],""disagreement_must"":[],""human_rationale"":""필수 근거·반복된 명시적 제한·남은 확인 질문을 검토한 합성 패널 판단."",""learnable_gaps"":[""M1_SKILL_06""],""missing_must"":[],""repeated_must_limitations"":[],""review_round"":""INITIAL"",""rubric_id"":""M1_EVIDENCE_RUBRIC_V02"",""talent_profile"":""talent_profile.json"",""unresolved_must"":[]}",FINAL_PANEL_01,2027-02-25T11:05:00+09:00,SYNTHETIC_HUMAN_SCENARIO
FD_APP0228_INITIAL,INITIAL,EVALUATOR_DISAGREEMENT,"[{""anchor_evidence_id"":""EV_APP0228_SECOND_INTERVIEW_VALUES_BEHAVIOR_INTERVIEW_M1_SKILL_04"",""context"":""학습·협업 행동의 상황·행동·피드백 확인"",""existing_evidence_ids"":[""EV_APP0228_DOCUMENT_SCREEN_DOCUMENT_REVIEW_M1_SKILL_04"",""EV_APP0228_FIRST_INTERVIEW_PRACTITIONER_QA_M1_SKILL_04"",""EV_APP0228_SECOND_INTERVIEW_VALUES_BEHAVIOR_INTERVIEW_M1_SKILL_04""],""existing_observation_ids"":[""OB_DOCUMENT_SCREEN_PANEL_01_RECRUITER_EV_APP0228_DOCUMENT_SCREEN_DOCUMENT_REVIEW_M1_SKILL_04"",""OB_FIRST_PANEL_04_HIRING_MANAGER_EV_APP0228_FIRST_INTERVIEW_PRACTITIONER_QA_M1_SKILL_04"",""OB_FIRST_PANEL_04_ML_ENGINEER_EV_APP0228_FIRST_INTERVIEW_PRACTITIONER_QA_M1_SKILL_04"",""OB_FIRST_PANEL_04_TECHNICAL_REVIEWER_EV_APP0228_FIRST_INTERVIEW_PRACTITIONER_QA_M1_SKILL_04"",""OB_SECOND_INTERVIEW_PANEL_01_HIRING_MANAGER_EV_APP0228_SECOND_INTERVIEW_VALUES_BEHAVIOR_INTERVIEW_M1_SKILL_04"",""OB_SECOND_INTERVIEW_PANEL_01_ML_ENGINEER_EV_APP0228_SECOND_INTERVIEW_VALUES_BEHAVIOR_INTERVIEW_M1_SKILL_04""],""method"":""BEHAVIORAL_INTERACTION"",""question"":""공동 산출물 중 본인이 수행하고 검증한 범위를 기록으로 분리할 수 있는가? 대상: EV_APP0228_SECOND_INTERVIEW_VALUES_BEHAVIOR_INTERVIEW_M1_SKILL_04 / 원문에 해당 행동을 확인할 내용이 없다. 능력 부재를 뜻하지 않는다. / 학습·협업 행동의 상황·행동·피드백 확인"",""reason"":""EVALUATOR_DISAGREEMENT"",""skill_id"":""M1_SKILL_04""}]",APP0228_FINAL_REVIEW_FOCUSED_FOLLOW_UP,APP0228,C0228,UNRESOLVED,"[""M1_SKILL_04""]",[],HOLD,"{""adverse_must"":[],""decision_refs"":[""DC_APP0228_M1_SKILL_03_002171"",""DC_APP0228_M1_SKILL_01_002169"",""DC_APP0228_M1_SKILL_02_002170"",""DC_APP0228_M1_SKILL_04_002172"",""DC_APP0228_M1_SKILL_05_002173"",""DC_APP0228_M1_SKILL_06_002174"",""DC_APP0228_M1_SKILL_07_002175"",""DC_APP0228_M1_SKILL_08_002176""],""disagreement_must"":[""M1_SKILL_04""],""human_rationale"":""필수 근거·반복된 명시적 제한·남은 확인 질문을 검토한 합성 패널 판단."",""learnable_gaps"":[],""missing_must"":[],""repeated_must_limitations"":[],""review_round"":""INITIAL"",""rubric_id"":""M1_EVIDENCE_RUBRIC_V02"",""talent_profile"":""talent_profile.json"",""unresolved_must"":[""M1_SKILL_04""]}",FINAL_PANEL_01,2027-02-28T11:30:00+09:00,SYNTHETIC_HUMAN_SCENARIO
FD_APP0228_RE_REVIEW,RE_REVIEW,,,APP0228_FINAL_REVIEW_FOCUSED_FOLLOW_UP,APP0228,C0228,COVERED,[],[],PROCEED_TO_OFFER,"{""accepted_uncertainty_plan"":[],""adverse_must"":[],""decision_refs"":[""DC_APP0228_M1_SKILL_03_002179"",""DC_APP0228_M1_SKILL_01_002177"",""DC_APP0228_M1_SKILL_02_002178"",""DC_APP0228_M1_SKILL_04_002180"",""DC_APP0228_M1_SKILL_05_002181"",""DC_APP0228_M1_SKILL_06_002182"",""DC_APP0228_M1_SKILL_07_002183"",""DC_APP0228_M1_SKILL_08_002184""],""disagreement_must"":[],""human_rationale"":""추가 직접 관찰과 기존 근거를 검토했다. 남은 미관찰 자체는 탈락 사유가 아니며 업무 준비 지원으로 추적한다."",""learnable_gaps"":[],""missing_must"":[],""repeated_must_limitations"":[],""review_round"":""RE_REVIEW"",""rubric_id"":""M1_EVIDENCE_RUBRIC_V02"",""talent_profile"":""talent_profile.json"",""unresolved_must"":[]}",FINAL_PANEL_01,2027-03-08T12:00:00+09:00,SYNTHETIC_HUMAN_SCENARIO
FD_APP0232_INITIAL,INITIAL,,,,APP0232,C0232,REPEATED_LIMITATION,"[""M1_SKILL_05""]","[""M1_SKILL_06""]",DO_NOT_PROCEED,"{""adverse_must"":[""M1_SKILL_05""],""decision_refs"":[""DC_APP0232_M1_SKILL_03_002187"",""DC_APP0232_M1_SKILL_01_002185"",""DC_APP0232_M1_SKILL_02_002186"",""DC_APP0232_M1_SKILL_04_002188"",""DC_APP0232_M1_SKILL_05_002189"",""DC_APP0232_M1_SKILL_06_002190"",""DC_APP0232_M1_SKILL_07_002191"",""DC_APP0232_M1_SKILL_08_002192""],""disagreement_must"":[],""human_rationale"":""필수 근거·반복된 명시적 제한·남은 확인 질문을 검토한 합성 패널 판단."",""learnable_gaps"":[""M1_SKILL_06""],""missing_must"":[],""repeated_must_limitations"":[""M1_SKILL_05""],""review_round"":""INITIAL"",""rubric_id"":""M1_EVIDENCE_RUBRIC_V02"",""talent_profile"":""talent_profile.json"",""unresolved_must"":[""M1_SKILL_05""]}",FINAL_PANEL_01,2027-02-25T11:25:00+09:00,SYNTHETIC_HUMAN_SCENARIO
FD_APP0216_INITIAL,INITIAL,,,,APP0216,C0216,COVERED,[],[],PROCEED_TO_OFFER,"{""adverse_must"":[],""decision_refs"":[""DC_APP0216_M1_SKILL_03_002195"",""DC_APP0216_M1_SKILL_01_002193"",""DC_APP0216_M1_SKILL_02_002194"",""DC_APP0216_M1_SKILL_04_002196"",""DC_APP0216_M1_SKILL_05_002197"",""DC_APP0216_M1_SKILL_06_002198"",""DC_APP0216_M1_SKILL_07_002199"",""DC_APP0216_M1_SKILL_08_002200""],""disagreement_must"":[],""human_rationale"":""필수 근거·반복된 명시적 제한·남은 확인 질문을 검토한 합성 패널 판단."",""learnable_gaps"":[],""missing_must"":[],""repeated_must_limitations"":[],""review_round"":""INITIAL"",""rubric_id"":""M1_EVIDENCE_RUBRIC_V02"",""talent_profile"":""talent_profile.json"",""unresolved_must"":[]}",FINAL_PANEL_01,2027-03-02T11:25:00+09:00,SYNTHETIC_HUMAN_SCENARIO
FD_APP0285_INITIAL,INITIAL,EVALUATOR_DISAGREEMENT,"[{""anchor_evidence_id"":""EV_APP0285_SECOND_INTERVIEW_VALUES_BEHAVIOR_INTERVIEW_M1_SKILL_04"",""context"":""학습·협업 행동의 상황·행동·피드백 확인"",""existing_evidence_ids"":[""EV_APP0285_DOCUMENT_SCREEN_DOCUMENT_REVIEW_M1_SKILL_04"",""EV_APP0285_FIRST_INTERVIEW_PRACTITIONER_QA_M1_SKILL_04"",""EV_APP0285_SECOND_INTERVIEW_VALUES_BEHAVIOR_INTERVIEW_M1_SKILL_04""],""existing_observation_ids"":[""OB_DOCUMENT_SCREEN_PANEL_01_RECRUITER_EV_APP0285_DOCUMENT_SCREEN_DOCUMENT_REVIEW_M1_SKILL_04"",""OB_FIRST_PANEL_07_HIRING_MANAGER_EV_APP0285_FIRST_INTERVIEW_PRACTITIONER_QA_M1_SKILL_04"",""OB_FIRST_PANEL_07_ML_ENGINEER_EV_APP0285_FIRST_INTERVIEW_PRACTITIONER_QA_M1_SKILL_04"",""OB_FIRST_PANEL_07_TECHNICAL_REVIEWER_EV_APP0285_FIRST_INTERVIEW_PRACTITIONER_QA_M1_SKILL_04"",""OB_SECOND_INTERVIEW_PANEL_01_HIRING_MANAGER_EV_APP0285_SECOND_INTERVIEW_VALUES_BEHAVIOR_INTERVIEW_M1_SKILL_04"",""OB_SECOND_INTERVIEW_PANEL_01_ML_ENGINEER_EV_APP0285_SECOND_INTERVIEW_VALUES_BEHAVIOR_INTERVIEW_M1_SKILL_04""],""method"":""BEHAVIORAL_INTERACTION"",""question"":""공동 산출물 중 본인이 수행하고 검증한 범위를 기록으로 분리할 수 있는가? 대상: EV_APP0285_SECOND_INTERVIEW_VALUES_BEHAVIOR_INTERVIEW_M1_SKILL_04 / 팀 산출물에서 개인의 검증 범위를 분리할 수 없다. / 학습·협업 행동의 상황·행동·피드백 확인"",""reason"":""EVALUATOR_DISAGREEMENT"",""skill_id"":""M1_SKILL_04""}]",APP0285_FINAL_REVIEW_FOCUSED_FOLLOW_UP,APP0285,C0285,UNRESOLVED,"[""M1_SKILL_04""]",[],HOLD,"{""adverse_must"":[""M1_SKILL_04""],""decision_refs"":[""DC_APP0285_M1_SKILL_03_002203"",""DC_APP0285_M1_SKILL_01_002201"",""DC_APP0285_M1_SKILL_02_002202"",""DC_APP0285_M1_SKILL_04_002204"",""DC_APP0285_M1_SKILL_05_002205"",""DC_APP0285_M1_SKILL_06_002206"",""DC_APP0285_M1_SKILL_07_002207"",""DC_APP0285_M1_SKILL_08_002208""],""disagreement_must"":[""M1_SKILL_04""],""human_rationale"":""필수 근거·반복된 명시적 제한·남은 확인 질문을 검토한 합성 패널 판단."",""learnable_gaps"":[],""missing_must"":[],""repeated_must_limitations"":[],""review_round"":""INITIAL"",""rubric_id"":""M1_EVIDENCE_RUBRIC_V02"",""talent_profile"":""talent_profile.json"",""unresolved_must"":[""M1_SKILL_04""]}",FINAL_PANEL_01,2027-03-03T11:25:00+09:00,SYNTHETIC_HUMAN_SCENARIO
FD_APP0285_RE_REVIEW,RE_REVIEW,,,APP0285_FINAL_REVIEW_FOCUSED_FOLLOW_UP,APP0285,C0285,UNRESOLVED,"[""M1_SKILL_04""]",[],DO_NOT_PROCEED,"{""accepted_uncertainty_plan"":[],""adverse_must"":[""M1_SKILL_04""],""decision_refs"":[""DC_APP0285_M1_SKILL_03_002211"",""DC_APP0285_M1_SKILL_01_002209"",""DC_APP0285_M1_SKILL_02_002210"",""DC_APP0285_M1_SKILL_04_002212"",""DC_APP0285_M1_SKILL_05_002213"",""DC_APP0285_M1_SKILL_06_002214"",""DC_APP0285_M1_SKILL_07_002215"",""DC_APP0285_M1_SKILL_08_002216""],""disagreement_must"":[""M1_SKILL_04""],""human_rationale"":""추가 검증 후에도 남은 명시적 필수 검증 제한/해석 충돌을 검토하여 이번 역할 진행을 보류하지 않고 종료한다."",""learnable_gaps"":[],""missing_must"":[],""repeated_must_limitations"":[],""review_round"":""RE_REVIEW"",""rubric_id"":""M1_EVIDENCE_RUBRIC_V02"",""talent_profile"":""talent_profile.json"",""unresolved_must"":[""M1_SKILL_04""]}",FINAL_PANEL_01,2027-03-11T12:20:00+09:00,SYNTHETIC_HUMAN_SCENARIO
FD_APP0238_INITIAL,INITIAL,,,,APP0238,C0238,COVERED,[],"[""M1_SKILL_06""]",PROCEED_TO_OFFER,"{""adverse_must"":[],""decision_refs"":[""DC_APP0238_M1_SKILL_03_002219"",""DC_APP0238_M1_SKILL_01_002217"",""DC_APP0238_M1_SKILL_02_002218"",""DC_APP0238_M1_SKILL_04_002220"",""DC_APP0238_M1_SKILL_05_002221"",""DC_APP0238_M1_SKILL_06_002222"",""DC_APP0238_M1_SKILL_07_002223"",""DC_APP0238_M1_SKILL_08_002224""],""disagreement_must"":[],""human_rationale"":""필수 근거·반복된 명시적 제한·남은 확인 질문을 검토한 합성 패널 판단."",""learnable_gaps"":[""M1_SKILL_06""],""missing_must"":[],""repeated_must_limitations"":[],""review_round"":""INITIAL"",""rubric_id"":""M1_EVIDENCE_RUBRIC_V02"",""talent_profile"":""talent_profile.json"",""unresolved_must"":[]}",FINAL_PANEL_01,2027-03-05T11:10:00+09:00,SYNTHETIC_HUMAN_SCENARIO
FD_APP0267_INITIAL,INITIAL,EVALUATOR_DISAGREEMENT,"[{""anchor_evidence_id"":""EV_APP0267_SECOND_INTERVIEW_VALUES_BEHAVIOR_INTERVIEW_M1_SKILL_04"",""context"":""학습·협업 행동의 상황·행동·피드백 확인"",""existing_evidence_ids"":[""EV_APP0267_DOCUMENT_SCREEN_DOCUMENT_REVIEW_M1_SKILL_04"",""EV_APP0267_FIRST_INTERVIEW_PRACTITIONER_QA_M1_SKILL_04"",""EV_APP0267_SECOND_INTERVIEW_VALUES_BEHAVIOR_INTERVIEW_M1_SKILL_04""],""existing_observation_ids"":[""OB_DOCUMENT_SCREEN_PANEL_01_RECRUITER_EV_APP0267_DOCUMENT_SCREEN_DOCUMENT_REVIEW_M1_SKILL_04"",""OB_FIRST_PANEL_07_HIRING_MANAGER_EV_APP0267_FIRST_INTERVIEW_PRACTITIONER_QA_M1_SKILL_04"",""OB_FIRST_PANEL_07_ML_ENGINEER_EV_APP0267_FIRST_INTERVIEW_PRACTITIONER_QA_M1_SKILL_04"",""OB_FIRST_PANEL_07_TECHNICAL_REVIEWER_EV_APP0267_FIRST_INTERVIEW_PRACTITIONER_QA_M1_SKILL_04"",""OB_SECOND_INTERVIEW_PANEL_01_HIRING_MANAGER_EV_APP0267_SECOND_INTERVIEW_VALUES_BEHAVIOR_INTERVIEW_M1_SKILL_04"",""OB_SECOND_INTERVIEW_PANEL_01_ML_ENGINEER_EV_APP0267_SECOND_INTERVIEW_VALUES_BEHAVIOR_INTERVIEW_M1_SKILL_04""],""method"":""BEHAVIORAL_INTERACTION"",""question"":""공동 산출물 중 본인이 수행하고 검증한 범위를 기록으로 분리할 수 있는가? 대상: EV_APP0267_SECOND_INTERVIEW_VALUES_BEHAVIOR_INTERVIEW_M1_SKILL_04 / 팀 산출물에서 개인의 검증 범위를 분리할 수 없다. / 학습·협업 행동의 상황·행동·피드백 확인"",""reason"":""EVALUATOR_DISAGREEMENT"",""skill_id"":""M1_SKILL_04""},{""anchor_evidence_id"":""EV_APP0267_SECOND_INTERVIEW_VALUES_BEHAVIOR_INTERVIEW_M1_SKILL_05"",""context"":""학습·협업 행동의 상황·행동·피드백 확인"",""existing_evidence_ids"":[""EV_APP0267_DOCUMENT_SCREEN_DOCUMENT_REVIEW_M1_SKILL_05"",""EV_APP0267_FIRST_INTERVIEW_PRACTITIONER_QA_M1_SKILL_05"",""EV_APP0267_SECOND_INTERVIEW_VALUES_BEHAVIOR_INTERVIEW_M1_SKILL_05""],""existing_observation_ids"":[""OB_DOCUMENT_SCREEN_PANEL_01_RECRUITER_EV_APP0267_DOCUMENT_SCREEN_DOCUMENT_REVIEW_M1_SKILL_05"",""OB_FIRST_PANEL_07_HIRING_MANAGER_EV_APP0267_FIRST_INTERVIEW_PRACTITIONER_QA_M1_SKILL_05"",""OB_FIRST_PANEL_07_ML_ENGINEER_EV_APP0267_FIRST_INTERVIEW_PRACTITIONER_QA_M1_SKILL_05"",""OB_FIRST_PANEL_07_TECHNICAL_REVIEWER_EV_APP0267_FIRST_INTERVIEW_PRACTITIONER_QA_M1_SKILL_05"",""OB_SECOND_INTERVIEW_PANEL_01_HIRING_MANAGER_EV_APP0267_SECOND_INTERVIEW_VALUES_BEHAVIOR_INTERVIEW_M1_SKILL_05"",""OB_SECOND_INTERVIEW_PANEL_01_ML_ENGINEER_EV_APP0267_SECOND_INTERVIEW_VALUES_BEHAVIOR_INTERVIEW_M1_SKILL_05""],""method"":""BEHAVIORAL_INTERACTION"",""question"":""앞선 검증 미실행의 범위를 재확인하고 요청한 검증을 수행했는가? 대상: EV_APP0267_SECOND_INTERVIEW_VALUES_BEHAVIOR_INTERVIEW_M1_SKILL_05 / 행동은 확인했지만 원문에 검증 미실행이 명시됐다. / 학습·협업 행동의 상황·행동·피드백 확인"",""reason"":""UNRESOLVED_EVIDENCE"",""skill_id"":""M1_SKILL_05""}]",APP0267_FINAL_REVIEW_FOCUSED_FOLLOW_UP,APP0267,C0267,UNRESOLVED,"[""M1_SKILL_04"",""M1_SKILL_05""]","[""M1_SKILL_06""]",HOLD,"{""adverse_must"":[""M1_SKILL_04"",""M1_SKILL_05""],""decision_refs"":[""DC_APP0267_M1_SKILL_03_002227"",""DC_APP0267_M1_SKILL_01_002225"",""DC_APP0267_M1_SKILL_02_002226"",""DC_APP0267_M1_SKILL_04_002228"",""DC_APP0267_M1_SKILL_05_002229"",""DC_APP0267_M1_SKILL_06_002230"",""DC_APP0267_M1_SKILL_07_002231"",""DC_APP0267_M1_SKILL_08_002232""],""disagreement_must"":[""M1_SKILL_04""],""human_rationale"":""필수 근거·반복된 명시적 제한·남은 확인 질문을 검토한 합성 패널 판단."",""learnable_gaps"":[""M1_SKILL_06""],""missing_must"":[],""repeated_must_limitations"":[],""review_round"":""INITIAL"",""rubric_id"":""M1_EVIDENCE_RUBRIC_V02"",""talent_profile"":""talent_profile.json"",""unresolved_must"":[""M1_SKILL_04"",""M1_SKILL_05""]}",FINAL_PANEL_01,2027-03-06T12:05:00+09:00,SYNTHETIC_HUMAN_SCENARIO
FD_APP0267_RE_REVIEW,RE_REVIEW,,,APP0267_FINAL_REVIEW_FOCUSED_FOLLOW_UP,APP0267,C0267,UNRESOLVED,"[""M1_SKILL_04"",""M1_SKILL_05""]","[""M1_SKILL_06""]",DO_NOT_PROCEED,"{""accepted_uncertainty_plan"":[],""adverse_must"":[""M1_SKILL_04"",""M1_SKILL_05""],""decision_refs"":[""DC_APP0267_M1_SKILL_03_002235"",""DC_APP0267_M1_SKILL_01_002233"",""DC_APP0267_M1_SKILL_02_002234"",""DC_APP0267_M1_SKILL_04_002236"",""DC_APP0267_M1_SKILL_05_002237"",""DC_APP0267_M1_SKILL_06_002238"",""DC_APP0267_M1_SKILL_07_002239"",""DC_APP0267_M1_SKILL_08_002240""],""disagreement_must"":[""M1_SKILL_04""],""human_rationale"":""추가 검증 후에도 남은 명시적 필수 검증 제한/해석 충돌을 검토하여 이번 역할 진행을 보류하지 않고 종료한다."",""learnable_gaps"":[""M1_SKILL_06""],""missing_must"":[],""repeated_must_limitations"":[],""review_round"":""RE_REVIEW"",""rubric_id"":""M1_EVIDENCE_RUBRIC_V02"",""talent_profile"":""talent_profile.json"",""unresolved_must"":[""M1_SKILL_04"",""M1_SKILL_05""]}",FINAL_PANEL_01,2027-03-14T13:10:00+09:00,SYNTHETIC_HUMAN_SCENARIO
FD_APP0300_INITIAL,INITIAL,,,,APP0300,C0300,COVERED,[],"[""M1_SKILL_06""]",PROCEED_TO_OFFER,"{""adverse_must"":[],""decision_refs"":[""DC_APP0300_M1_SKILL_03_002243"",""DC_APP0300_M1_SKILL_01_002241"",""DC_APP0300_M1_SKILL_02_002242"",""DC_APP0300_M1_SKILL_04_002244"",""DC_APP0300_M1_SKILL_05_002245"",""DC_APP0300_M1_SKILL_06_002246"",""DC_APP0300_M1_SKILL_07_002247"",""DC_APP0300_M1_SKILL_08_002248""],""disagreement_must"":[],""human_rationale"":""필수 근거·반복된 명시적 제한·남은 확인 질문을 검토한 합성 패널 판단."",""learnable_gaps"":[""M1_SKILL_06""],""missing_must"":[],""repeated_must_limitations"":[],""review_round"":""INITIAL"",""rubric_id"":""M1_EVIDENCE_RUBRIC_V02"",""talent_profile"":""talent_profile.json"",""unresolved_must"":[]}",FINAL_PANEL_01,2027-03-08T11:25:00+09:00,SYNTHETIC_HUMAN_SCENARIO
FD_APP0279_INITIAL,INITIAL,UNRESOLVED_EVIDENCE,"[{""anchor_evidence_id"":""EV_APP0279_SECOND_INTERVIEW_VALUES_BEHAVIOR_INTERVIEW_M1_SKILL_04"",""context"":""학습·협업 행동의 상황·행동·피드백 확인"",""existing_evidence_ids"":[""EV_APP0279_DOCUMENT_SCREEN_DOCUMENT_REVIEW_M1_SKILL_04"",""EV_APP0279_FIRST_INTERVIEW_PRACTITIONER_QA_M1_SKILL_04"",""EV_APP0279_SECOND_INTERVIEW_VALUES_BEHAVIOR_INTERVIEW_M1_SKILL_04""],""existing_observation_ids"":[""OB_DOCUMENT_SCREEN_PANEL_01_RECRUITER_EV_APP0279_DOCUMENT_SCREEN_DOCUMENT_REVIEW_M1_SKILL_04"",""OB_FIRST_PANEL_06_HIRING_MANAGER_EV_APP0279_FIRST_INTERVIEW_PRACTITIONER_QA_M1_SKILL_04"",""OB_FIRST_PANEL_06_ML_ENGINEER_EV_APP0279_FIRST_INTERVIEW_PRACTITIONER_QA_M1_SKILL_04"",""OB_FIRST_PANEL_06_TECHNICAL_REVIEWER_EV_APP0279_FIRST_INTERVIEW_PRACTITIONER_QA_M1_SKILL_04"",""OB_SECOND_INTERVIEW_PANEL_01_HIRING_MANAGER_EV_APP0279_SECOND_INTERVIEW_VALUES_BEHAVIOR_INTERVIEW_M1_SKILL_04"",""OB_SECOND_INTERVIEW_PANEL_01_ML_ENGINEER_EV_APP0279_SECOND_INTERVIEW_VALUES_BEHAVIOR_INTERVIEW_M1_SKILL_04""],""method"":""BEHAVIORAL_INTERACTION"",""question"":""앞선 검증 미실행의 범위를 재확인하고 요청한 검증을 수행했는가? 대상: EV_APP0279_SECOND_INTERVIEW_VALUES_BEHAVIOR_INTERVIEW_M1_SKILL_04 / 원문에 해당 행동을 확인할 내용이 없다. 능력 부재를 뜻하지 않는다. / 학습·협업 행동의 상황·행동·피드백 확인"",""reason"":""UNRESOLVED_EVIDENCE"",""skill_id"":""M1_SKILL_04""}]",APP0279_FINAL_REVIEW_FOCUSED_FOLLOW_UP,APP0279,C0279,UNRESOLVED,"[""M1_SKILL_04""]","[""M1_SKILL_06""]",HOLD,"{""adverse_must"":[""M1_SKILL_04""],""decision_refs"":[""DC_APP0279_M1_SKILL_03_002251"",""DC_APP0279_M1_SKILL_01_002249"",""DC_APP0279_M1_SKILL_02_002250"",""DC_APP0279_M1_SKILL_04_002252"",""DC_APP0279_M1_SKILL_05_002253"",""DC_APP0279_M1_SKILL_06_002254"",""DC_APP0279_M1_SKILL_07_002255"",""DC_APP0279_M1_SKILL_08_002256""],""disagreement_must"":[],""human_rationale"":""필수 근거·반복된 명시적 제한·남은 확인 질문을 검토한 합성 패널 판단."",""learnable_gaps"":[""M1_SKILL_06""],""missing_must"":[],""repeated_must_limitations"":[],""review_round"":""INITIAL"",""rubric_id"":""M1_EVIDENCE_RUBRIC_V02"",""talent_profile"":""talent_profile.json"",""unresolved_must"":[""M1_SKILL_04""]}",FINAL_PANEL_01,2027-03-06T12:35:00+09:00,SYNTHETIC_HUMAN_SCENARIO
FD_APP0279_RE_REVIEW,RE_REVIEW,,,APP0279_FINAL_REVIEW_FOCUSED_FOLLOW_UP,APP0279,C0279,REPEATED_LIMITATION,"[""M1_SKILL_04""]","[""M1_SKILL_06""]",DO_NOT_PROCEED,"{""accepted_uncertainty_plan"":[],""adverse_must"":[""M1_SKILL_04""],""decision_refs"":[""DC_APP0279_M1_SKILL_03_002259"",""DC_APP0279_M1_SKILL_01_002257"",""DC_APP0279_M1_SKILL_02_002258"",""DC_APP0279_M1_SKILL_04_002260"",""DC_APP0279_M1_SKILL_05_002261"",""DC_APP0279_M1_SKILL_06_002262"",""DC_APP0279_M1_SKILL_07_002263"",""DC_APP0279_M1_SKILL_08_002264""],""disagreement_must"":[],""human_rationale"":""추가 검증 후에도 남은 명시적 필수 검증 제한/해석 충돌을 검토하여 이번 역할 진행을 보류하지 않고 종료한다."",""learnable_gaps"":[""M1_SKILL_06""],""missing_must"":[],""repeated_must_limitations"":[""M1_SKILL_04""],""review_round"":""RE_REVIEW"",""rubric_id"":""M1_EVIDENCE_RUBRIC_V02"",""talent_profile"":""talent_profile.json"",""unresolved_must"":[""M1_SKILL_04""]}",FINAL_PANEL_01,2027-03-14T14:05:00+09:00,SYNTHETIC_HUMAN_SCENARIO
FD_APP0265_INITIAL,INITIAL,UNRESOLVED_EVIDENCE,"[{""anchor_evidence_id"":""EV_APP0265_SECOND_INTERVIEW_VALUES_BEHAVIOR_INTERVIEW_M1_SKILL_04"",""context"":""학습·협업 행동의 상황·행동·피드백 확인"",""existing_evidence_ids"":[""EV_APP0265_DOCUMENT_SCREEN_DOCUMENT_REVIEW_M1_SKILL_04"",""EV_APP0265_FIRST_INTERVIEW_PRACTITIONER_QA_M1_SKILL_04"",""EV_APP0265_SECOND_INTERVIEW_VALUES_BEHAVIOR_INTERVIEW_M1_SKILL_04""],""existing_observation_ids"":[""OB_DOCUMENT_SCREEN_PANEL_01_RECRUITER_EV_APP0265_DOCUMENT_SCREEN_DOCUMENT_REVIEW_M1_SKILL_04"",""OB_FIRST_PANEL_06_HIRING_MANAGER_EV_APP0265_FIRST_INTERVIEW_PRACTITIONER_QA_M1_SKILL_04"",""OB_FIRST_PANEL_06_ML_ENGINEER_EV_APP0265_FIRST_INTERVIEW_PRACTITIONER_QA_M1_SKILL_04"",""OB_FIRST_PANEL_06_TECHNICAL_REVIEWER_EV_APP0265_FIRST_INTERVIEW_PRACTITIONER_QA_M1_SKILL_04"",""OB_SECOND_INTERVIEW_PANEL_01_HIRING_MANAGER_EV_APP0265_SECOND_INTERVIEW_VALUES_BEHAVIOR_INTERVIEW_M1_SKILL_04"",""OB_SECOND_INTERVIEW_PANEL_01_ML_ENGINEER_EV_APP0265_SECOND_INTERVIEW_VALUES_BEHAVIOR_INTERVIEW_M1_SKILL_04""],""method"":""BEHAVIORAL_INTERACTION"",""question"":""앞선 검증 미실행의 범위를 재확인하고 요청한 검증을 수행했는가? 대상: EV_APP0265_SECOND_INTERVIEW_VALUES_BEHAVIOR_INTERVIEW_M1_SKILL_04 / 행동은 확인했지만 원문에 검증 미실행이 명시됐다. / 학습·협업 행동의 상황·행동·피드백 확인"",""reason"":""UNRESOLVED_EVIDENCE"",""skill_id"":""M1_SKILL_04""}]",APP0265_FINAL_REVIEW_FOCUSED_FOLLOW_UP,APP0265,C0265,UNRESOLVED,"[""M1_SKILL_04""]",[],HOLD,"{""adverse_must"":[""M1_SKILL_04""],""decision_refs"":[""DC_APP0265_M1_SKILL_03_002267"",""DC_APP0265_M1_SKILL_01_002265"",""DC_APP0265_M1_SKILL_02_002266"",""DC_APP0265_M1_SKILL_04_002268"",""DC_APP0265_M1_SKILL_05_002269"",""DC_APP0265_M1_SKILL_06_002270"",""DC_APP0265_M1_SKILL_07_002271"",""DC_APP0265_M1_SKILL_08_002272""],""disagreement_must"":[],""human_rationale"":""필수 근거·반복된 명시적 제한·남은 확인 질문을 검토한 합성 패널 판단."",""learnable_gaps"":[],""missing_must"":[],""repeated_must_limitations"":[],""review_round"":""INITIAL"",""rubric_id"":""M1_EVIDENCE_RUBRIC_V02"",""talent_profile"":""talent_profile.json"",""unresolved_must"":[""M1_SKILL_04""]}",FINAL_PANEL_01,2027-03-12T11:30:00+09:00,SYNTHETIC_HUMAN_SCENARIO
FD_APP0265_RE_REVIEW,RE_REVIEW,,,APP0265_FINAL_REVIEW_FOCUSED_FOLLOW_UP,APP0265,C0265,UNRESOLVED,"[""M1_SKILL_04""]",[],DO_NOT_PROCEED,"{""accepted_uncertainty_plan"":[],""adverse_must"":[""M1_SKILL_04""],""decision_refs"":[""DC_APP0265_M1_SKILL_03_002275"",""DC_APP0265_M1_SKILL_01_002273"",""DC_APP0265_M1_SKILL_02_002274"",""DC_APP0265_M1_SKILL_04_002276"",""DC_APP0265_M1_SKILL_05_002277"",""DC_APP0265_M1_SKILL_06_002278"",""DC_APP0265_M1_SKILL_07_002279"",""DC_APP0265_M1_SKILL_08_002280""],""disagreement_must"":[],""human_rationale"":""추가 검증 후에도 남은 명시적 필수 검증 제한/해석 충돌을 검토하여 이번 역할 진행을 보류하지 않고 종료한다."",""learnable_gaps"":[],""missing_must"":[],""repeated_must_limitations"":[],""review_round"":""RE_REVIEW"",""rubric_id"":""M1_EVIDENCE_RUBRIC_V02"",""talent_profile"":""talent_profile.json"",""unresolved_must"":[""M1_SKILL_04""]}",FINAL_PANEL_01,2027-03-20T12:15:00+09:00,SYNTHETIC_HUMAN_SCENARIO
FD_APP0305_INITIAL,INITIAL,EVALUATOR_DISAGREEMENT,"[{""anchor_evidence_id"":""EV_APP0305_SECOND_INTERVIEW_VALUES_BEHAVIOR_INTERVIEW_M1_SKILL_05"",""context"":""학습·협업 행동의 상황·행동·피드백 확인"",""existing_evidence_ids"":[""EV_APP0305_DOCUMENT_SCREEN_DOCUMENT_REVIEW_M1_SKILL_05"",""EV_APP0305_FIRST_INTERVIEW_PRACTITIONER_QA_M1_SKILL_05"",""EV_APP0305_SECOND_INTERVIEW_VALUES_BEHAVIOR_INTERVIEW_M1_SKILL_05""],""existing_observation_ids"":[""OB_DOCUMENT_SCREEN_PANEL_01_RECRUITER_EV_APP0305_DOCUMENT_SCREEN_DOCUMENT_REVIEW_M1_SKILL_05"",""OB_FIRST_PANEL_08_HIRING_MANAGER_EV_APP0305_FIRST_INTERVIEW_PRACTITIONER_QA_M1_SKILL_05"",""OB_FIRST_PANEL_08_ML_ENGINEER_EV_APP0305_FIRST_INTERVIEW_PRACTITIONER_QA_M1_SKILL_05"",""OB_FIRST_PANEL_08_TECHNICAL_REVIEWER_EV_APP0305_FIRST_INTERVIEW_PRACTITIONER_QA_M1_SKILL_05"",""OB_SECOND_INTERVIEW_PANEL_01_HIRING_MANAGER_EV_APP0305_SECOND_INTERVIEW_VALUES_BEHAVIOR_INTERVIEW_M1_SKILL_05"",""OB_SECOND_INTERVIEW_PANEL_01_ML_ENGINEER_EV_APP0305_SECOND_INTERVIEW_VALUES_BEHAVIOR_INTERVIEW_M1_SKILL_05""],""method"":""BEHAVIORAL_INTERACTION"",""question"":""공동 산출물 중 본인이 수행하고 검증한 범위를 기록으로 분리할 수 있는가? 대상: EV_APP0305_SECOND_INTERVIEW_VALUES_BEHAVIOR_INTERVIEW_M1_SKILL_05 / 팀 산출물에서 개인의 검증 범위를 분리할 수 없다. / 학습·협업 행동의 상황·행동·피드백 확인"",""reason"":""EVALUATOR_DISAGREEMENT"",""skill_id"":""M1_SKILL_05""}]",APP0305_FINAL_REVIEW_FOCUSED_FOLLOW_UP,APP0305,C0305,UNRESOLVED,"[""M1_SKILL_05""]",[],HOLD,"{""adverse_must"":[""M1_SKILL_05""],""decision_refs"":[""DC_APP0305_M1_SKILL_03_002283"",""DC_APP0305_M1_SKILL_01_002281"",""DC_APP0305_M1_SKILL_02_002282"",""DC_APP0305_M1_SKILL_04_002284"",""DC_APP0305_M1_SKILL_05_002285"",""DC_APP0305_M1_SKILL_06_002286"",""DC_APP0305_M1_SKILL_07_002287"",""DC_APP0305_M1_SKILL_08_002288""],""disagreement_must"":[""M1_SKILL_05""],""human_rationale"":""필수 근거·반복된 명시적 제한·남은 확인 질문을 검토한 합성 패널 판단."",""learnable_gaps"":[],""missing_must"":[],""repeated_must_limitations"":[],""review_round"":""INITIAL"",""rubric_id"":""M1_EVIDENCE_RUBRIC_V02"",""talent_profile"":""talent_profile.json"",""unresolved_must"":[""M1_SKILL_05""]}",FINAL_PANEL_01,2027-03-10T11:25:00+09:00,SYNTHETIC_HUMAN_SCENARIO
FD_APP0305_RE_REVIEW,RE_REVIEW,,,APP0305_FINAL_REVIEW_FOCUSED_FOLLOW_UP,APP0305,C0305,UNRESOLVED,"[""M1_SKILL_05""]",[],DO_NOT_PROCEED,"{""accepted_uncertainty_plan"":[],""adverse_must"":[""M1_SKILL_05""],""decision_refs"":[""DC_APP0305_M1_SKILL_03_002291"",""DC_APP0305_M1_SKILL_01_002289"",""DC_APP0305_M1_SKILL_02_002290"",""DC_APP0305_M1_SKILL_04_002292"",""DC_APP0305_M1_SKILL_05_002293"",""DC_APP0305_M1_SKILL_06_002294"",""DC_APP0305_M1_SKILL_07_002295"",""DC_APP0305_M1_SKILL_08_002296""],""disagreement_must"":[""M1_SKILL_05""],""human_rationale"":""추가 검증 후에도 남은 명시적 필수 검증 제한/해석 충돌을 검토하여 이번 역할 진행을 보류하지 않고 종료한다."",""learnable_gaps"":[],""missing_must"":[],""repeated_must_limitations"":[],""review_round"":""RE_REVIEW"",""rubric_id"":""M1_EVIDENCE_RUBRIC_V02"",""talent_profile"":""talent_profile.json"",""unresolved_must"":[""M1_SKILL_05""]}",FINAL_PANEL_01,2027-03-18T12:20:00+09:00,SYNTHETIC_HUMAN_SCENARIO
FD_APP0334_INITIAL,INITIAL,,,,APP0334,C0334,COVERED,[],"[""M1_SKILL_06""]",PROCEED_TO_OFFER,"{""adverse_must"":[],""decision_refs"":[""DC_APP0334_M1_SKILL_03_002299"",""DC_APP0334_M1_SKILL_01_002297"",""DC_APP0334_M1_SKILL_02_002298"",""DC_APP0334_M1_SKILL_04_002300"",""DC_APP0334_M1_SKILL_05_002301"",""DC_APP0334_M1_SKILL_06_002302"",""DC_APP0334_M1_SKILL_07_002303"",""DC_APP0334_M1_SKILL_08_002304""],""disagreement_must"":[],""human_rationale"":""필수 근거·반복된 명시적 제한·남은 확인 질문을 검토한 합성 패널 판단."",""learnable_gaps"":[""M1_SKILL_06""],""missing_must"":[],""repeated_must_limitations"":[],""review_round"":""INITIAL"",""rubric_id"":""M1_EVIDENCE_RUBRIC_V02"",""talent_profile"":""talent_profile.json"",""unresolved_must"":[]}",FINAL_PANEL_01,2027-03-14T11:20:00+09:00,SYNTHETIC_HUMAN_SCENARIO
FD_APP0342_INITIAL,INITIAL,,,,APP0342,C0342,COVERED,[],"[""M1_SKILL_06""]",PROCEED_TO_OFFER,"{""adverse_must"":[],""decision_refs"":[""DC_APP0342_M1_SKILL_03_002307"",""DC_APP0342_M1_SKILL_01_002305"",""DC_APP0342_M1_SKILL_02_002306"",""DC_APP0342_M1_SKILL_04_002308"",""DC_APP0342_M1_SKILL_05_002309"",""DC_APP0342_M1_SKILL_06_002310"",""DC_APP0342_M1_SKILL_07_002311"",""DC_APP0342_M1_SKILL_08_002312""],""disagreement_must"":[],""human_rationale"":""필수 근거·반복된 명시적 제한·남은 확인 질문을 검토한 합성 패널 판단."",""learnable_gaps"":[""M1_SKILL_06""],""missing_must"":[],""repeated_must_limitations"":[],""review_round"":""INITIAL"",""rubric_id"":""M1_EVIDENCE_RUBRIC_V02"",""talent_profile"":""talent_profile.json"",""unresolved_must"":[]}",FINAL_PANEL_01,2027-03-16T11:20:00+09:00,SYNTHETIC_HUMAN_SCENARIO
