eligibility_id,application_id,candidate_id,degree_level,graduation_status,expected_graduation_date,language_test_type,language_test_valid_until,travel_visa_eligibility,military_requirement_applicable,military_requirement_status,eligibility_reference_date,expected_join_date,requirement_states,overall_state,public_source_ref,source_provenance,date_provenance,decision_provenance
EL_APP0002,APP0002,C0002,MASTER,GRADUATED,,TOEIC_SPEAKING,2027-04-18,ELIGIBLE,NO,NOT_APPLICABLE,2026-10-20,2027-03-01,"{""degree"":""PASS"",""language"":""PASS"",""military"":""NOT_APPLICABLE"",""travel_visa"":""PASS""}",PASS,KIA-02-REPOST,PUBLIC_REPOSTED_SOURCE,SYNTHETIC_DATE_ADAPTATION,SYNTHETIC_HUMAN_SCENARIO
EL_APP0003,APP0003,C0003,BACHELOR,GRADUATED,,TOEIC_SPEAKING,2027-04-18,UNKNOWN,YES,COMPLETED,2026-10-20,2027-03-01,"{""degree"":""PASS"",""language"":""PASS"",""military"":""PASS"",""travel_visa"":""UNKNOWN""}",UNKNOWN,KIA-02-REPOST,PUBLIC_REPOSTED_SOURCE,SYNTHETIC_DATE_ADAPTATION,SYNTHETIC_HUMAN_SCENARIO
EL_APP0004,APP0004,C0004,MASTER,EXPECTED,2027-02-28,TOEIC_SPEAKING,,ELIGIBLE,YES,COMPLETED,2026-10-20,2027-03-01,"{""degree"":""PASS"",""language"":""UNKNOWN"",""military"":""PASS"",""travel_visa"":""PASS""}",UNKNOWN,KIA-02-REPOST,PUBLIC_REPOSTED_SOURCE,SYNTHETIC_DATE_ADAPTATION,SYNTHETIC_HUMAN_SCENARIO
EL_APP0005,APP0005,C0005,BACHELOR,EXPECTED,2027-02-28,OPIC,2027-04-18,UNKNOWN,YES,COMPLETED,2026-10-20,2027-03-01,"{""degree"":""PASS"",""language"":""PASS"",""military"":""PASS"",""travel_visa"":""UNKNOWN""}",UNKNOWN,KIA-02-REPOST,PUBLIC_REPOSTED_SOURCE,SYNTHETIC_DATE_ADAPTATION,SYNTHETIC_HUMAN_SCENARIO
EL_APP0006,APP0006,C0006,UNKNOWN,GRADUATED,,TOEIC_SPEAKING,2027-04-15,ELIGIBLE,NO,NOT_APPLICABLE,2026-10-17,2027-03-01,"{""degree"":""UNKNOWN"",""language"":""PASS"",""military"":""NOT_APPLICABLE"",""travel_visa"":""PASS""}",UNKNOWN,KIA-02-REPOST,PUBLIC_REPOSTED_SOURCE,SYNTHETIC_DATE_ADAPTATION,SYNTHETIC_HUMAN_SCENARIO
EL_APP0007,APP0007,C0007,BACHELOR,GRADUATED,,TOEIC_SPEAKING,2026-10-19,ELIGIBLE,YES,COMPLETED,2026-10-20,2027-03-01,"{""degree"":""PASS"",""language"":""FAIL"",""military"":""PASS"",""travel_visa"":""PASS""}",FAIL,KIA-02-REPOST,PUBLIC_REPOSTED_SOURCE,SYNTHETIC_DATE_ADAPTATION,SYNTHETIC_HUMAN_SCENARIO
EL_APP0008,APP0008,C0008,BACHELOR,GRADUATED,,TOEIC_SPEAKING,,ELIGIBLE,NO,NOT_APPLICABLE,2026-10-14,2027-03-01,"{""degree"":""PASS"",""language"":""UNKNOWN"",""military"":""NOT_APPLICABLE"",""travel_visa"":""PASS""}",UNKNOWN,KIA-02-REPOST,PUBLIC_REPOSTED_SOURCE,SYNTHETIC_DATE_ADAPTATION,SYNTHETIC_HUMAN_SCENARIO
EL_APP0009,APP0009,C0009,MASTER,GRADUATED,,TOEIC_SPEAKING,2026-10-12,ELIGIBLE,YES,COMPLETED,2026-10-13,2027-03-01,"{""degree"":""PASS"",""language"":""FAIL"",""military"":""PASS"",""travel_visa"":""PASS""}",FAIL,KIA-02-REPOST,PUBLIC_REPOSTED_SOURCE,SYNTHETIC_DATE_ADAPTATION,SYNTHETIC_HUMAN_SCENARIO
EL_APP0010,APP0010,C0010,OTHER,EXPECTED,2027-02-28,TOEIC_SPEAKING,2027-04-11,ELIGIBLE,YES,COMPLETED,2026-10-13,2027-03-01,"{""degree"":""FAIL"",""language"":""PASS"",""military"":""PASS"",""travel_visa"":""PASS""}",FAIL,KIA-02-REPOST,PUBLIC_REPOSTED_SOURCE,SYNTHETIC_DATE_ADAPTATION,SYNTHETIC_HUMAN_SCENARIO
EL_APP0012,APP0012,C0012,MASTER,GRADUATED,,TOEIC_SPEAKING,2027-04-15,ELIGIBLE,YES,NOT_COMPLETED,2026-10-17,2027-03-01,"{""degree"":""PASS"",""language"":""PASS"",""military"":""FAIL"",""travel_visa"":""PASS""}",FAIL,KIA-02-REPOST,PUBLIC_REPOSTED_SOURCE,SYNTHETIC_DATE_ADAPTATION,SYNTHETIC_HUMAN_SCENARIO
EL_APP0013,APP0013,C0013,OTHER,GRADUATED,,OPIC,2027-04-11,ELIGIBLE,NO,NOT_APPLICABLE,2026-10-13,2027-03-01,"{""degree"":""FAIL"",""language"":""PASS"",""military"":""NOT_APPLICABLE"",""travel_visa"":""PASS""}",FAIL,KIA-02-REPOST,PUBLIC_REPOSTED_SOURCE,SYNTHETIC_DATE_ADAPTATION,SYNTHETIC_HUMAN_SCENARIO
EL_APP0014,APP0014,C0014,BACHELOR,GRADUATED,,TOEIC_SPEAKING,2027-04-14,ELIGIBLE,NO,NOT_APPLICABLE,2026-10-16,2027-03-01,"{""degree"":""PASS"",""language"":""PASS"",""military"":""NOT_APPLICABLE"",""travel_visa"":""PASS""}",PASS,KIA-02-REPOST,PUBLIC_REPOSTED_SOURCE,SYNTHETIC_DATE_ADAPTATION,SYNTHETIC_HUMAN_SCENARIO
EL_APP0018,APP0018,C0018,OTHER,EXPECTED,2027-02-28,TOEIC_SPEAKING,2027-04-12,ELIGIBLE,YES,COMPLETED,2026-10-14,2027-03-01,"{""degree"":""FAIL"",""language"":""PASS"",""military"":""PASS"",""travel_visa"":""PASS""}",FAIL,KIA-02-REPOST,PUBLIC_REPOSTED_SOURCE,SYNTHETIC_DATE_ADAPTATION,SYNTHETIC_HUMAN_SCENARIO
EL_APP0020,APP0020,C0020,MASTER,EXPECTED,2027-02-28,TOEIC_SPEAKING,,ELIGIBLE,NO,NOT_APPLICABLE,2026-10-14,2027-03-01,"{""degree"":""PASS"",""language"":""UNKNOWN"",""military"":""NOT_APPLICABLE"",""travel_visa"":""PASS""}",UNKNOWN,KIA-02-REPOST,PUBLIC_REPOSTED_SOURCE,SYNTHETIC_DATE_ADAPTATION,SYNTHETIC_HUMAN_SCENARIO
EL_APP0021,APP0021,C0021,BACHELOR,GRADUATED,,TOEIC_SPEAKING,2026-10-15,ELIGIBLE,NO,NOT_APPLICABLE,2026-10-16,2027-03-01,"{""degree"":""PASS"",""language"":""FAIL"",""military"":""NOT_APPLICABLE"",""travel_visa"":""PASS""}",FAIL,KIA-02-REPOST,PUBLIC_REPOSTED_SOURCE,SYNTHETIC_DATE_ADAPTATION,SYNTHETIC_HUMAN_SCENARIO
EL_APP0022,APP0022,C0022,MASTER,GRADUATED,,TOEIC_SPEAKING,2027-04-13,ELIGIBLE,NO,NOT_APPLICABLE,2026-10-15,2027-03-01,"{""degree"":""PASS"",""language"":""PASS"",""military"":""NOT_APPLICABLE"",""travel_visa"":""PASS""}",PASS,KIA-02-REPOST,PUBLIC_REPOSTED_SOURCE,SYNTHETIC_DATE_ADAPTATION,SYNTHETIC_HUMAN_SCENARIO
EL_APP0024,APP0024,C0024,UNKNOWN,EXPECTED,2027-02-28,OPIC,2027-04-16,ELIGIBLE,NO,NOT_APPLICABLE,2026-10-18,2027-03-01,"{""degree"":""UNKNOWN"",""language"":""PASS"",""military"":""NOT_APPLICABLE"",""travel_visa"":""PASS""}",UNKNOWN,KIA-02-REPOST,PUBLIC_REPOSTED_SOURCE,SYNTHETIC_DATE_ADAPTATION,SYNTHETIC_HUMAN_SCENARIO
EL_APP0025,APP0025,C0025,BACHELOR,EXPECTED,2027-02-28,OPIC,2027-04-12,UNKNOWN,YES,COMPLETED,2026-10-14,2027-03-01,"{""degree"":""PASS"",""language"":""PASS"",""military"":""PASS"",""travel_visa"":""UNKNOWN""}",UNKNOWN,KIA-02-REPOST,PUBLIC_REPOSTED_SOURCE,SYNTHETIC_DATE_ADAPTATION,SYNTHETIC_HUMAN_SCENARIO
EL_APP0026,APP0026,C0026,MASTER,EXPECTED,2027-02-28,TOEIC_SPEAKING,2027-04-16,INELIGIBLE,YES,COMPLETED,2026-10-18,2027-03-01,"{""degree"":""PASS"",""language"":""PASS"",""military"":""PASS"",""travel_visa"":""FAIL""}",FAIL,KIA-02-REPOST,PUBLIC_REPOSTED_SOURCE,SYNTHETIC_DATE_ADAPTATION,SYNTHETIC_HUMAN_SCENARIO
EL_APP0027,APP0027,C0027,MASTER,EXPECTED,2027-02-28,TOEIC_SPEAKING,,ELIGIBLE,YES,COMPLETED,2026-10-14,2027-03-01,"{""degree"":""PASS"",""language"":""UNKNOWN"",""military"":""PASS"",""travel_visa"":""PASS""}",UNKNOWN,KIA-02-REPOST,PUBLIC_REPOSTED_SOURCE,SYNTHETIC_DATE_ADAPTATION,SYNTHETIC_HUMAN_SCENARIO
EL_APP0029,APP0029,C0029,MASTER,EXPECTED,2027-02-28,TOEIC_SPEAKING,2027-04-16,ELIGIBLE,NO,NOT_APPLICABLE,2026-10-18,2027-03-01,"{""degree"":""PASS"",""language"":""PASS"",""military"":""NOT_APPLICABLE"",""travel_visa"":""PASS""}",PASS,KIA-02-REPOST,PUBLIC_REPOSTED_SOURCE,SYNTHETIC_DATE_ADAPTATION,SYNTHETIC_HUMAN_SCENARIO
EL_APP0030,APP0030,C0030,MASTER,EXPECTED,2027-02-28,OPIC,2027-04-13,ELIGIBLE,YES,UNKNOWN,2026-10-15,2027-03-01,"{""degree"":""PASS"",""language"":""PASS"",""military"":""UNKNOWN"",""travel_visa"":""PASS""}",UNKNOWN,KIA-02-REPOST,PUBLIC_REPOSTED_SOURCE,SYNTHETIC_DATE_ADAPTATION,SYNTHETIC_HUMAN_SCENARIO
EL_APP0031,APP0031,C0031,BACHELOR,EXPECTED,2027-02-28,TOEIC_SPEAKING,2027-04-13,ELIGIBLE,NO,NOT_APPLICABLE,2026-10-15,2027-03-01,"{""degree"":""PASS"",""language"":""PASS"",""military"":""NOT_APPLICABLE"",""travel_visa"":""PASS""}",PASS,KIA-02-REPOST,PUBLIC_REPOSTED_SOURCE,SYNTHETIC_DATE_ADAPTATION,SYNTHETIC_HUMAN_SCENARIO
EL_APP0033,APP0033,C0033,UNKNOWN,GRADUATED,,OPIC,2027-04-13,ELIGIBLE,YES,COMPLETED,2026-10-15,2027-03-01,"{""degree"":""UNKNOWN"",""language"":""PASS"",""military"":""PASS"",""travel_visa"":""PASS""}",UNKNOWN,KIA-02-REPOST,PUBLIC_REPOSTED_SOURCE,SYNTHETIC_DATE_ADAPTATION,SYNTHETIC_HUMAN_SCENARIO
EL_APP0034,APP0034,C0034,BACHELOR,GRADUATED,,OPIC,2026-10-15,ELIGIBLE,NO,NOT_APPLICABLE,2026-10-16,2027-03-01,"{""degree"":""PASS"",""language"":""FAIL"",""military"":""NOT_APPLICABLE"",""travel_visa"":""PASS""}",FAIL,KIA-02-REPOST,PUBLIC_REPOSTED_SOURCE,SYNTHETIC_DATE_ADAPTATION,SYNTHETIC_HUMAN_SCENARIO
EL_APP0035,APP0035,C0035,MASTER,GRADUATED,,OPIC,2027-04-15,ELIGIBLE,NO,NOT_APPLICABLE,2026-10-17,2027-03-01,"{""degree"":""PASS"",""language"":""PASS"",""military"":""NOT_APPLICABLE"",""travel_visa"":""PASS""}",PASS,KIA-02-REPOST,PUBLIC_REPOSTED_SOURCE,SYNTHETIC_DATE_ADAPTATION,SYNTHETIC_HUMAN_SCENARIO
EL_APP0037,APP0037,C0037,BACHELOR,GRADUATED,,TOEIC_SPEAKING,2027-04-20,ELIGIBLE,YES,UNKNOWN,2026-10-22,2027-03-01,"{""degree"":""PASS"",""language"":""PASS"",""military"":""UNKNOWN"",""travel_visa"":""PASS""}",UNKNOWN,KIA-02-REPOST,PUBLIC_REPOSTED_SOURCE,SYNTHETIC_DATE_ADAPTATION,SYNTHETIC_HUMAN_SCENARIO
EL_APP0038,APP0038,C0038,BACHELOR,GRADUATED,,TOEIC_SPEAKING,2026-10-21,ELIGIBLE,NO,NOT_APPLICABLE,2026-10-22,2027-03-01,"{""degree"":""PASS"",""language"":""FAIL"",""military"":""NOT_APPLICABLE"",""travel_visa"":""PASS""}",FAIL,KIA-02-REPOST,PUBLIC_REPOSTED_SOURCE,SYNTHETIC_DATE_ADAPTATION,SYNTHETIC_HUMAN_SCENARIO
EL_APP0039,APP0039,C0039,MASTER,EXPECTED,2027-02-28,TOEIC_SPEAKING,2027-04-20,ELIGIBLE,YES,UNKNOWN,2026-10-22,2027-03-01,"{""degree"":""PASS"",""language"":""PASS"",""military"":""UNKNOWN"",""travel_visa"":""PASS""}",UNKNOWN,KIA-02-REPOST,PUBLIC_REPOSTED_SOURCE,SYNTHETIC_DATE_ADAPTATION,SYNTHETIC_HUMAN_SCENARIO
EL_APP0040,APP0040,C0040,BACHELOR,EXPECTED,2027-02-28,OPIC,2027-04-17,ELIGIBLE,NO,NOT_APPLICABLE,2026-10-19,2027-03-01,"{""degree"":""PASS"",""language"":""PASS"",""military"":""NOT_APPLICABLE"",""travel_visa"":""PASS""}",PASS,KIA-02-REPOST,PUBLIC_REPOSTED_SOURCE,SYNTHETIC_DATE_ADAPTATION,SYNTHETIC_HUMAN_SCENARIO
EL_APP0041,APP0041,C0041,BACHELOR,EXPECTED,2027-02-28,TOEIC_SPEAKING,2027-04-14,UNKNOWN,NO,NOT_APPLICABLE,2026-10-16,2027-03-01,"{""degree"":""PASS"",""language"":""PASS"",""military"":""NOT_APPLICABLE"",""travel_visa"":""UNKNOWN""}",UNKNOWN,KIA-02-REPOST,PUBLIC_REPOSTED_SOURCE,SYNTHETIC_DATE_ADAPTATION,SYNTHETIC_HUMAN_SCENARIO
EL_APP0042,APP0042,C0042,BACHELOR,EXPECTED,2027-02-28,TOEIC_SPEAKING,2026-10-18,ELIGIBLE,NO,NOT_APPLICABLE,2026-10-19,2027-03-01,"{""degree"":""PASS"",""language"":""FAIL"",""military"":""NOT_APPLICABLE"",""travel_visa"":""PASS""}",FAIL,KIA-02-REPOST,PUBLIC_REPOSTED_SOURCE,SYNTHETIC_DATE_ADAPTATION,SYNTHETIC_HUMAN_SCENARIO
EL_APP0043,APP0043,C0043,OTHER,EXPECTED,2027-02-28,TOEIC_SPEAKING,2027-04-15,ELIGIBLE,NO,NOT_APPLICABLE,2026-10-17,2027-03-01,"{""degree"":""FAIL"",""language"":""PASS"",""military"":""NOT_APPLICABLE"",""travel_visa"":""PASS""}",FAIL,KIA-02-REPOST,PUBLIC_REPOSTED_SOURCE,SYNTHETIC_DATE_ADAPTATION,SYNTHETIC_HUMAN_SCENARIO
EL_APP0044,APP0044,C0044,BACHELOR,EXPECTED,2027-02-28,OPIC,2027-04-20,ELIGIBLE,YES,UNKNOWN,2026-10-22,2027-03-01,"{""degree"":""PASS"",""language"":""PASS"",""military"":""UNKNOWN"",""travel_visa"":""PASS""}",UNKNOWN,KIA-02-REPOST,PUBLIC_REPOSTED_SOURCE,SYNTHETIC_DATE_ADAPTATION,SYNTHETIC_HUMAN_SCENARIO
EL_APP0045,APP0045,C0045,MASTER,EXPECTED,2027-02-28,TOEIC_SPEAKING,2027-04-15,INELIGIBLE,YES,COMPLETED,2026-10-17,2027-03-01,"{""degree"":""PASS"",""language"":""PASS"",""military"":""PASS"",""travel_visa"":""FAIL""}",FAIL,KIA-02-REPOST,PUBLIC_REPOSTED_SOURCE,SYNTHETIC_DATE_ADAPTATION,SYNTHETIC_HUMAN_SCENARIO
EL_APP0046,APP0046,C0046,MASTER,GRADUATED,,OPIC,,ELIGIBLE,NO,NOT_APPLICABLE,2026-10-15,2027-03-01,"{""degree"":""PASS"",""language"":""UNKNOWN"",""military"":""NOT_APPLICABLE"",""travel_visa"":""PASS""}",UNKNOWN,KIA-02-REPOST,PUBLIC_REPOSTED_SOURCE,SYNTHETIC_DATE_ADAPTATION,SYNTHETIC_HUMAN_SCENARIO
EL_APP0048,APP0048,C0048,BACHELOR,GRADUATED,,TOEIC_SPEAKING,2027-04-15,UNKNOWN,NO,NOT_APPLICABLE,2026-10-17,2027-03-01,"{""degree"":""PASS"",""language"":""PASS"",""military"":""NOT_APPLICABLE"",""travel_visa"":""UNKNOWN""}",UNKNOWN,KIA-02-REPOST,PUBLIC_REPOSTED_SOURCE,SYNTHETIC_DATE_ADAPTATION,SYNTHETIC_HUMAN_SCENARIO
EL_APP0049,APP0049,C0049,BACHELOR,EXPECTED,2027-02-28,TOEIC_SPEAKING,2027-04-17,ELIGIBLE,YES,NOT_COMPLETED,2026-10-19,2027-03-01,"{""degree"":""PASS"",""language"":""PASS"",""military"":""FAIL"",""travel_visa"":""PASS""}",FAIL,KIA-02-REPOST,PUBLIC_REPOSTED_SOURCE,SYNTHETIC_DATE_ADAPTATION,SYNTHETIC_HUMAN_SCENARIO
EL_APP0050,APP0050,C0050,MASTER,GRADUATED,,OPIC,2027-04-18,INELIGIBLE,NO,NOT_APPLICABLE,2026-10-20,2027-03-01,"{""degree"":""PASS"",""language"":""PASS"",""military"":""NOT_APPLICABLE"",""travel_visa"":""FAIL""}",FAIL,KIA-02-REPOST,PUBLIC_REPOSTED_SOURCE,SYNTHETIC_DATE_ADAPTATION,SYNTHETIC_HUMAN_SCENARIO
EL_APP0051,APP0051,C0051,MASTER,EXPECTED,2027-02-28,TOEIC_SPEAKING,2027-04-14,INELIGIBLE,NO,NOT_APPLICABLE,2026-10-16,2027-03-01,"{""degree"":""PASS"",""language"":""PASS"",""military"":""NOT_APPLICABLE"",""travel_visa"":""FAIL""}",FAIL,KIA-02-REPOST,PUBLIC_REPOSTED_SOURCE,SYNTHETIC_DATE_ADAPTATION,SYNTHETIC_HUMAN_SCENARIO
EL_APP0052,APP0052,C0052,BACHELOR,GRADUATED,,OPIC,,ELIGIBLE,NO,NOT_APPLICABLE,2026-10-23,2027-03-01,"{""degree"":""PASS"",""language"":""UNKNOWN"",""military"":""NOT_APPLICABLE"",""travel_visa"":""PASS""}",UNKNOWN,KIA-02-REPOST,PUBLIC_REPOSTED_SOURCE,SYNTHETIC_DATE_ADAPTATION,SYNTHETIC_HUMAN_SCENARIO
EL_APP0053,APP0053,C0053,MASTER,EXPECTED,2027-02-28,TOEIC_SPEAKING,2026-10-17,ELIGIBLE,NO,NOT_APPLICABLE,2026-10-18,2027-03-01,"{""degree"":""PASS"",""language"":""FAIL"",""military"":""NOT_APPLICABLE"",""travel_visa"":""PASS""}",FAIL,KIA-02-REPOST,PUBLIC_REPOSTED_SOURCE,SYNTHETIC_DATE_ADAPTATION,SYNTHETIC_HUMAN_SCENARIO
EL_APP0056,APP0056,C0056,BACHELOR,GRADUATED,,TOEIC_SPEAKING,2027-04-15,ELIGIBLE,YES,COMPLETED,2026-10-17,2027-03-01,"{""degree"":""PASS"",""language"":""PASS"",""military"":""PASS"",""travel_visa"":""PASS""}",PASS,KIA-02-REPOST,PUBLIC_REPOSTED_SOURCE,SYNTHETIC_DATE_ADAPTATION,SYNTHETIC_HUMAN_SCENARIO
EL_APP0057,APP0057,C0057,BACHELOR,GRADUATED,,OPIC,2027-04-18,INELIGIBLE,NO,NOT_APPLICABLE,2026-10-20,2027-03-01,"{""degree"":""PASS"",""language"":""PASS"",""military"":""NOT_APPLICABLE"",""travel_visa"":""FAIL""}",FAIL,KIA-02-REPOST,PUBLIC_REPOSTED_SOURCE,SYNTHETIC_DATE_ADAPTATION,SYNTHETIC_HUMAN_SCENARIO
EL_APP0058,APP0058,C0058,BACHELOR,EXPECTED,2027-02-28,OPIC,2027-04-15,UNKNOWN,NO,NOT_APPLICABLE,2026-10-17,2027-03-01,"{""degree"":""PASS"",""language"":""PASS"",""military"":""NOT_APPLICABLE"",""travel_visa"":""UNKNOWN""}",UNKNOWN,KIA-02-REPOST,PUBLIC_REPOSTED_SOURCE,SYNTHETIC_DATE_ADAPTATION,SYNTHETIC_HUMAN_SCENARIO
EL_APP0059,APP0059,C0059,BACHELOR,GRADUATED,,OPIC,2027-04-16,ELIGIBLE,NO,NOT_APPLICABLE,2026-10-18,2027-03-01,"{""degree"":""PASS"",""language"":""PASS"",""military"":""NOT_APPLICABLE"",""travel_visa"":""PASS""}",PASS,KIA-02-REPOST,PUBLIC_REPOSTED_SOURCE,SYNTHETIC_DATE_ADAPTATION,SYNTHETIC_HUMAN_SCENARIO
EL_APP0061,APP0061,C0061,BACHELOR,GRADUATED,,OPIC,2027-04-18,ELIGIBLE,NO,NOT_APPLICABLE,2026-10-20,2027-03-01,"{""degree"":""PASS"",""language"":""PASS"",""military"":""NOT_APPLICABLE"",""travel_visa"":""PASS""}",PASS,KIA-02-REPOST,PUBLIC_REPOSTED_SOURCE,SYNTHETIC_DATE_ADAPTATION,SYNTHETIC_HUMAN_SCENARIO
EL_APP0062,APP0062,C0062,BACHELOR,GRADUATED,,TOEIC_SPEAKING,2027-04-15,ELIGIBLE,YES,COMPLETED,2026-10-17,2027-03-01,"{""degree"":""PASS"",""language"":""PASS"",""military"":""PASS"",""travel_visa"":""PASS""}",PASS,KIA-02-REPOST,PUBLIC_REPOSTED_SOURCE,SYNTHETIC_DATE_ADAPTATION,SYNTHETIC_HUMAN_SCENARIO
EL_APP0063,APP0063,C0063,BACHELOR,GRADUATED,,TOEIC_SPEAKING,2026-10-19,ELIGIBLE,NO,NOT_APPLICABLE,2026-10-20,2027-03-01,"{""degree"":""PASS"",""language"":""FAIL"",""military"":""NOT_APPLICABLE"",""travel_visa"":""PASS""}",FAIL,KIA-02-REPOST,PUBLIC_REPOSTED_SOURCE,SYNTHETIC_DATE_ADAPTATION,SYNTHETIC_HUMAN_SCENARIO
EL_APP0064,APP0064,C0064,BACHELOR,EXPECTED,2027-02-28,OPIC,2027-04-21,ELIGIBLE,NO,NOT_APPLICABLE,2026-10-23,2027-03-01,"{""degree"":""PASS"",""language"":""PASS"",""military"":""NOT_APPLICABLE"",""travel_visa"":""PASS""}",PASS,KIA-02-REPOST,PUBLIC_REPOSTED_SOURCE,SYNTHETIC_DATE_ADAPTATION,SYNTHETIC_HUMAN_SCENARIO
EL_APP0066,APP0066,C0066,BACHELOR,EXPECTED,2027-02-28,OPIC,2027-04-21,ELIGIBLE,YES,NOT_COMPLETED,2026-10-23,2027-03-01,"{""degree"":""PASS"",""language"":""PASS"",""military"":""FAIL"",""travel_visa"":""PASS""}",FAIL,KIA-02-REPOST,PUBLIC_REPOSTED_SOURCE,SYNTHETIC_DATE_ADAPTATION,SYNTHETIC_HUMAN_SCENARIO
EL_APP0067,APP0067,C0067,BACHELOR,EXPECTED,2027-02-28,TOEIC_SPEAKING,2027-04-21,ELIGIBLE,NO,NOT_APPLICABLE,2026-10-23,2027-03-01,"{""degree"":""PASS"",""language"":""PASS"",""military"":""NOT_APPLICABLE"",""travel_visa"":""PASS""}",PASS,KIA-02-REPOST,PUBLIC_REPOSTED_SOURCE,SYNTHETIC_DATE_ADAPTATION,SYNTHETIC_HUMAN_SCENARIO
EL_APP0068,APP0068,C0068,MASTER,GRADUATED,,TOEIC_SPEAKING,2027-04-15,ELIGIBLE,YES,COMPLETED,2026-10-17,2027-03-01,"{""degree"":""PASS"",""language"":""PASS"",""military"":""PASS"",""travel_visa"":""PASS""}",PASS,KIA-02-REPOST,PUBLIC_REPOSTED_SOURCE,SYNTHETIC_DATE_ADAPTATION,SYNTHETIC_HUMAN_SCENARIO
EL_APP0070,APP0070,C0070,UNKNOWN,GRADUATED,,TOEIC_SPEAKING,2027-04-17,ELIGIBLE,NO,NOT_APPLICABLE,2026-10-19,2027-03-01,"{""degree"":""UNKNOWN"",""language"":""PASS"",""military"":""NOT_APPLICABLE"",""travel_visa"":""PASS""}",UNKNOWN,KIA-02-REPOST,PUBLIC_REPOSTED_SOURCE,SYNTHETIC_DATE_ADAPTATION,SYNTHETIC_HUMAN_SCENARIO
EL_APP0073,APP0073,C0073,UNKNOWN,GRADUATED,,OPIC,2027-04-17,ELIGIBLE,NO,NOT_APPLICABLE,2026-10-19,2027-03-01,"{""degree"":""UNKNOWN"",""language"":""PASS"",""military"":""NOT_APPLICABLE"",""travel_visa"":""PASS""}",UNKNOWN,KIA-02-REPOST,PUBLIC_REPOSTED_SOURCE,SYNTHETIC_DATE_ADAPTATION,SYNTHETIC_HUMAN_SCENARIO
EL_APP0074,APP0074,C0074,BACHELOR,EXPECTED,2027-02-28,TOEIC_SPEAKING,,ELIGIBLE,NO,NOT_APPLICABLE,2026-10-18,2027-03-01,"{""degree"":""PASS"",""language"":""UNKNOWN"",""military"":""NOT_APPLICABLE"",""travel_visa"":""PASS""}",UNKNOWN,KIA-02-REPOST,PUBLIC_REPOSTED_SOURCE,SYNTHETIC_DATE_ADAPTATION,SYNTHETIC_HUMAN_SCENARIO
EL_APP0076,APP0076,C0076,BACHELOR,EXPECTED,2027-02-28,TOEIC_SPEAKING,,ELIGIBLE,YES,COMPLETED,2026-10-17,2027-03-01,"{""degree"":""PASS"",""language"":""UNKNOWN"",""military"":""PASS"",""travel_visa"":""PASS""}",UNKNOWN,KIA-02-REPOST,PUBLIC_REPOSTED_SOURCE,SYNTHETIC_DATE_ADAPTATION,SYNTHETIC_HUMAN_SCENARIO
EL_APP0077,APP0077,C0077,BACHELOR,EXPECTED,2027-02-28,TOEIC_SPEAKING,2027-04-16,ELIGIBLE,YES,NOT_COMPLETED,2026-10-18,2027-03-01,"{""degree"":""PASS"",""language"":""PASS"",""military"":""FAIL"",""travel_visa"":""PASS""}",FAIL,KIA-02-REPOST,PUBLIC_REPOSTED_SOURCE,SYNTHETIC_DATE_ADAPTATION,SYNTHETIC_HUMAN_SCENARIO
EL_APP0078,APP0078,C0078,MASTER,GRADUATED,,TOEIC_SPEAKING,2027-04-17,ELIGIBLE,YES,NOT_COMPLETED,2026-10-19,2027-03-01,"{""degree"":""PASS"",""language"":""PASS"",""military"":""FAIL"",""travel_visa"":""PASS""}",FAIL,KIA-02-REPOST,PUBLIC_REPOSTED_SOURCE,SYNTHETIC_DATE_ADAPTATION,SYNTHETIC_HUMAN_SCENARIO
EL_APP0079,APP0079,C0079,BACHELOR,GRADUATED,,OPIC,2027-04-16,UNKNOWN,YES,COMPLETED,2026-10-18,2027-03-01,"{""degree"":""PASS"",""language"":""PASS"",""military"":""PASS"",""travel_visa"":""UNKNOWN""}",UNKNOWN,KIA-02-REPOST,PUBLIC_REPOSTED_SOURCE,SYNTHETIC_DATE_ADAPTATION,SYNTHETIC_HUMAN_SCENARIO
EL_APP0080,APP0080,C0080,MASTER,EXPECTED,2027-02-28,TOEIC_SPEAKING,2026-10-18,ELIGIBLE,YES,COMPLETED,2026-10-19,2027-03-01,"{""degree"":""PASS"",""language"":""FAIL"",""military"":""PASS"",""travel_visa"":""PASS""}",FAIL,KIA-02-REPOST,PUBLIC_REPOSTED_SOURCE,SYNTHETIC_DATE_ADAPTATION,SYNTHETIC_HUMAN_SCENARIO
EL_APP0082,APP0082,C0082,MASTER,EXPECTED,2027-02-28,TOEIC_SPEAKING,2027-04-22,ELIGIBLE,NO,NOT_APPLICABLE,2026-10-24,2027-03-01,"{""degree"":""PASS"",""language"":""PASS"",""military"":""NOT_APPLICABLE"",""travel_visa"":""PASS""}",PASS,KIA-02-REPOST,PUBLIC_REPOSTED_SOURCE,SYNTHETIC_DATE_ADAPTATION,SYNTHETIC_HUMAN_SCENARIO
EL_APP0083,APP0083,C0083,MASTER,GRADUATED,,OPIC,2026-10-17,ELIGIBLE,YES,COMPLETED,2026-10-18,2027-03-01,"{""degree"":""PASS"",""language"":""FAIL"",""military"":""PASS"",""travel_visa"":""PASS""}",FAIL,KIA-02-REPOST,PUBLIC_REPOSTED_SOURCE,SYNTHETIC_DATE_ADAPTATION,SYNTHETIC_HUMAN_SCENARIO
EL_APP0085,APP0085,C0085,MASTER,EXPECTED,2027-02-28,TOEIC_SPEAKING,2027-04-16,ELIGIBLE,YES,NOT_COMPLETED,2026-10-18,2027-03-01,"{""degree"":""PASS"",""language"":""PASS"",""military"":""FAIL"",""travel_visa"":""PASS""}",FAIL,KIA-02-REPOST,PUBLIC_REPOSTED_SOURCE,SYNTHETIC_DATE_ADAPTATION,SYNTHETIC_HUMAN_SCENARIO
EL_APP0086,APP0086,C0086,BACHELOR,GRADUATED,,TOEIC_SPEAKING,2027-04-15,UNKNOWN,YES,COMPLETED,2026-10-17,2027-03-01,"{""degree"":""PASS"",""language"":""PASS"",""military"":""PASS"",""travel_visa"":""UNKNOWN""}",UNKNOWN,KIA-02-REPOST,PUBLIC_REPOSTED_SOURCE,SYNTHETIC_DATE_ADAPTATION,SYNTHETIC_HUMAN_SCENARIO
EL_APP0087,APP0087,C0087,OTHER,GRADUATED,,TOEIC_SPEAKING,2027-04-17,ELIGIBLE,NO,NOT_APPLICABLE,2026-10-19,2027-03-01,"{""degree"":""FAIL"",""language"":""PASS"",""military"":""NOT_APPLICABLE"",""travel_visa"":""PASS""}",FAIL,KIA-02-REPOST,PUBLIC_REPOSTED_SOURCE,SYNTHETIC_DATE_ADAPTATION,SYNTHETIC_HUMAN_SCENARIO
EL_APP0088,APP0088,C0088,MASTER,GRADUATED,,OPIC,,ELIGIBLE,NO,NOT_APPLICABLE,2026-10-18,2027-03-01,"{""degree"":""PASS"",""language"":""UNKNOWN"",""military"":""NOT_APPLICABLE"",""travel_visa"":""PASS""}",UNKNOWN,KIA-02-REPOST,PUBLIC_REPOSTED_SOURCE,SYNTHETIC_DATE_ADAPTATION,SYNTHETIC_HUMAN_SCENARIO
EL_APP0089,APP0089,C0089,MASTER,GRADUATED,,TOEIC_SPEAKING,2026-10-18,ELIGIBLE,YES,COMPLETED,2026-10-19,2027-03-01,"{""degree"":""PASS"",""language"":""FAIL"",""military"":""PASS"",""travel_visa"":""PASS""}",FAIL,KIA-02-REPOST,PUBLIC_REPOSTED_SOURCE,SYNTHETIC_DATE_ADAPTATION,SYNTHETIC_HUMAN_SCENARIO
EL_APP0090,APP0090,C0090,MASTER,EXPECTED,2027-02-28,TOEIC_SPEAKING,2027-04-18,ELIGIBLE,YES,COMPLETED,2026-10-20,2027-03-01,"{""degree"":""PASS"",""language"":""PASS"",""military"":""PASS"",""travel_visa"":""PASS""}",PASS,KIA-02-REPOST,PUBLIC_REPOSTED_SOURCE,SYNTHETIC_DATE_ADAPTATION,SYNTHETIC_HUMAN_SCENARIO
EL_APP0091,APP0091,C0091,MASTER,GRADUATED,,TOEIC_SPEAKING,2027-04-23,INELIGIBLE,YES,COMPLETED,2026-10-25,2027-03-01,"{""degree"":""PASS"",""language"":""PASS"",""military"":""PASS"",""travel_visa"":""FAIL""}",FAIL,KIA-02-REPOST,PUBLIC_REPOSTED_SOURCE,SYNTHETIC_DATE_ADAPTATION,SYNTHETIC_HUMAN_SCENARIO
EL_APP0093,APP0093,C0093,BACHELOR,GRADUATED,,TOEIC_SPEAKING,2027-04-18,UNKNOWN,NO,NOT_APPLICABLE,2026-10-20,2027-03-01,"{""degree"":""PASS"",""language"":""PASS"",""military"":""NOT_APPLICABLE"",""travel_visa"":""UNKNOWN""}",UNKNOWN,KIA-02-REPOST,PUBLIC_REPOSTED_SOURCE,SYNTHETIC_DATE_ADAPTATION,SYNTHETIC_HUMAN_SCENARIO
EL_APP0095,APP0095,C0095,BACHELOR,GRADUATED,,TOEIC_SPEAKING,,ELIGIBLE,YES,COMPLETED,2026-10-20,2027-03-01,"{""degree"":""PASS"",""language"":""UNKNOWN"",""military"":""PASS"",""travel_visa"":""PASS""}",UNKNOWN,KIA-02-REPOST,PUBLIC_REPOSTED_SOURCE,SYNTHETIC_DATE_ADAPTATION,SYNTHETIC_HUMAN_SCENARIO
EL_APP0096,APP0096,C0096,BACHELOR,EXPECTED,2027-02-28,TOEIC_SPEAKING,2027-04-18,ELIGIBLE,YES,COMPLETED,2026-10-20,2027-03-01,"{""degree"":""PASS"",""language"":""PASS"",""military"":""PASS"",""travel_visa"":""PASS""}",PASS,KIA-02-REPOST,PUBLIC_REPOSTED_SOURCE,SYNTHETIC_DATE_ADAPTATION,SYNTHETIC_HUMAN_SCENARIO
EL_APP0097,APP0097,C0097,MASTER,GRADUATED,,TOEIC_SPEAKING,2027-04-18,ELIGIBLE,NO,NOT_APPLICABLE,2026-10-20,2027-03-01,"{""degree"":""PASS"",""language"":""PASS"",""military"":""NOT_APPLICABLE"",""travel_visa"":""PASS""}",PASS,KIA-02-REPOST,PUBLIC_REPOSTED_SOURCE,SYNTHETIC_DATE_ADAPTATION,SYNTHETIC_HUMAN_SCENARIO
EL_APP0098,APP0098,C0098,MASTER,GRADUATED,,OPIC,2027-04-20,ELIGIBLE,YES,NOT_COMPLETED,2026-10-22,2027-03-01,"{""degree"":""PASS"",""language"":""PASS"",""military"":""FAIL"",""travel_visa"":""PASS""}",FAIL,KIA-02-REPOST,PUBLIC_REPOSTED_SOURCE,SYNTHETIC_DATE_ADAPTATION,SYNTHETIC_HUMAN_SCENARIO
EL_APP0099,APP0099,C0099,MASTER,EXPECTED,2027-02-28,TOEIC_SPEAKING,2027-04-23,INELIGIBLE,YES,COMPLETED,2026-10-25,2027-03-01,"{""degree"":""PASS"",""language"":""PASS"",""military"":""PASS"",""travel_visa"":""FAIL""}",FAIL,KIA-02-REPOST,PUBLIC_REPOSTED_SOURCE,SYNTHETIC_DATE_ADAPTATION,SYNTHETIC_HUMAN_SCENARIO
EL_APP0101,APP0101,C0101,UNKNOWN,GRADUATED,,TOEIC_SPEAKING,2027-04-18,ELIGIBLE,NO,NOT_APPLICABLE,2026-10-20,2027-03-01,"{""degree"":""UNKNOWN"",""language"":""PASS"",""military"":""NOT_APPLICABLE"",""travel_visa"":""PASS""}",UNKNOWN,KIA-02-REPOST,PUBLIC_REPOSTED_SOURCE,SYNTHETIC_DATE_ADAPTATION,SYNTHETIC_HUMAN_SCENARIO
EL_APP0102,APP0102,C0102,MASTER,EXPECTED,2027-02-28,TOEIC_SPEAKING,,ELIGIBLE,YES,COMPLETED,2026-10-19,2027-03-01,"{""degree"":""PASS"",""language"":""UNKNOWN"",""military"":""PASS"",""travel_visa"":""PASS""}",UNKNOWN,KIA-02-REPOST,PUBLIC_REPOSTED_SOURCE,SYNTHETIC_DATE_ADAPTATION,SYNTHETIC_HUMAN_SCENARIO
EL_APP0103,APP0103,C0103,MASTER,GRADUATED,,OPIC,2027-04-16,ELIGIBLE,YES,UNKNOWN,2026-10-18,2027-03-01,"{""degree"":""PASS"",""language"":""PASS"",""military"":""UNKNOWN"",""travel_visa"":""PASS""}",UNKNOWN,KIA-02-REPOST,PUBLIC_REPOSTED_SOURCE,SYNTHETIC_DATE_ADAPTATION,SYNTHETIC_HUMAN_SCENARIO
EL_APP0104,APP0104,C0104,MASTER,GRADUATED,,TOEIC_SPEAKING,2027-04-23,ELIGIBLE,NO,NOT_APPLICABLE,2026-10-25,2027-03-01,"{""degree"":""PASS"",""language"":""PASS"",""military"":""NOT_APPLICABLE"",""travel_visa"":""PASS""}",PASS,KIA-02-REPOST,PUBLIC_REPOSTED_SOURCE,SYNTHETIC_DATE_ADAPTATION,SYNTHETIC_HUMAN_SCENARIO
EL_APP0105,APP0105,C0105,UNKNOWN,EXPECTED,2027-02-28,OPIC,2027-04-18,ELIGIBLE,NO,NOT_APPLICABLE,2026-10-20,2027-03-01,"{""degree"":""UNKNOWN"",""language"":""PASS"",""military"":""NOT_APPLICABLE"",""travel_visa"":""PASS""}",UNKNOWN,KIA-02-REPOST,PUBLIC_REPOSTED_SOURCE,SYNTHETIC_DATE_ADAPTATION,SYNTHETIC_HUMAN_SCENARIO
EL_APP0107,APP0107,C0107,MASTER,EXPECTED,2027-02-28,OPIC,,ELIGIBLE,NO,NOT_APPLICABLE,2026-10-26,2027-03-01,"{""degree"":""PASS"",""language"":""UNKNOWN"",""military"":""NOT_APPLICABLE"",""travel_visa"":""PASS""}",UNKNOWN,KIA-02-REPOST,PUBLIC_REPOSTED_SOURCE,SYNTHETIC_DATE_ADAPTATION,SYNTHETIC_HUMAN_SCENARIO
EL_APP0109,APP0109,C0109,UNKNOWN,EXPECTED,2027-02-28,OPIC,2027-04-18,ELIGIBLE,NO,NOT_APPLICABLE,2026-10-20,2027-03-01,"{""degree"":""UNKNOWN"",""language"":""PASS"",""military"":""NOT_APPLICABLE"",""travel_visa"":""PASS""}",UNKNOWN,KIA-02-REPOST,PUBLIC_REPOSTED_SOURCE,SYNTHETIC_DATE_ADAPTATION,SYNTHETIC_HUMAN_SCENARIO
EL_APP0110,APP0110,C0110,BACHELOR,EXPECTED,2027-02-28,OPIC,2027-04-19,ELIGIBLE,YES,UNKNOWN,2026-10-21,2027-03-01,"{""degree"":""PASS"",""language"":""PASS"",""military"":""UNKNOWN"",""travel_visa"":""PASS""}",UNKNOWN,KIA-02-REPOST,PUBLIC_REPOSTED_SOURCE,SYNTHETIC_DATE_ADAPTATION,SYNTHETIC_HUMAN_SCENARIO
EL_APP0111,APP0111,C0111,MASTER,EXPECTED,2027-02-28,OPIC,,ELIGIBLE,YES,COMPLETED,2026-10-19,2027-03-01,"{""degree"":""PASS"",""language"":""UNKNOWN"",""military"":""PASS"",""travel_visa"":""PASS""}",UNKNOWN,KIA-02-REPOST,PUBLIC_REPOSTED_SOURCE,SYNTHETIC_DATE_ADAPTATION,SYNTHETIC_HUMAN_SCENARIO
EL_APP0112,APP0112,C0112,MASTER,GRADUATED,,OPIC,2027-04-17,UNKNOWN,NO,NOT_APPLICABLE,2026-10-19,2027-03-01,"{""degree"":""PASS"",""language"":""PASS"",""military"":""NOT_APPLICABLE"",""travel_visa"":""UNKNOWN""}",UNKNOWN,KIA-02-REPOST,PUBLIC_REPOSTED_SOURCE,SYNTHETIC_DATE_ADAPTATION,SYNTHETIC_HUMAN_SCENARIO
EL_APP0113,APP0113,C0113,UNKNOWN,GRADUATED,,TOEIC_SPEAKING,2027-04-17,ELIGIBLE,YES,COMPLETED,2026-10-19,2027-03-01,"{""degree"":""UNKNOWN"",""language"":""PASS"",""military"":""PASS"",""travel_visa"":""PASS""}",UNKNOWN,KIA-02-REPOST,PUBLIC_REPOSTED_SOURCE,SYNTHETIC_DATE_ADAPTATION,SYNTHETIC_HUMAN_SCENARIO
EL_APP0115,APP0115,C0115,MASTER,GRADUATED,,TOEIC_SPEAKING,2027-04-24,ELIGIBLE,YES,UNKNOWN,2026-10-26,2027-03-01,"{""degree"":""PASS"",""language"":""PASS"",""military"":""UNKNOWN"",""travel_visa"":""PASS""}",UNKNOWN,KIA-02-REPOST,PUBLIC_REPOSTED_SOURCE,SYNTHETIC_DATE_ADAPTATION,SYNTHETIC_HUMAN_SCENARIO
EL_APP0116,APP0116,C0116,MASTER,GRADUATED,,TOEIC_SPEAKING,,ELIGIBLE,YES,COMPLETED,2026-10-19,2027-03-01,"{""degree"":""PASS"",""language"":""UNKNOWN"",""military"":""PASS"",""travel_visa"":""PASS""}",UNKNOWN,KIA-02-REPOST,PUBLIC_REPOSTED_SOURCE,SYNTHETIC_DATE_ADAPTATION,SYNTHETIC_HUMAN_SCENARIO
EL_APP0117,APP0117,C0117,MASTER,GRADUATED,,OPIC,2027-04-21,ELIGIBLE,YES,NOT_COMPLETED,2026-10-23,2027-03-01,"{""degree"":""PASS"",""language"":""PASS"",""military"":""FAIL"",""travel_visa"":""PASS""}",FAIL,KIA-02-REPOST,PUBLIC_REPOSTED_SOURCE,SYNTHETIC_DATE_ADAPTATION,SYNTHETIC_HUMAN_SCENARIO
EL_APP0119,APP0119,C0119,BACHELOR,EXPECTED,2027-02-28,OPIC,2027-04-18,ELIGIBLE,YES,COMPLETED,2026-10-20,2027-03-01,"{""degree"":""PASS"",""language"":""PASS"",""military"":""PASS"",""travel_visa"":""PASS""}",PASS,KIA-02-REPOST,PUBLIC_REPOSTED_SOURCE,SYNTHETIC_DATE_ADAPTATION,SYNTHETIC_HUMAN_SCENARIO
EL_APP0120,APP0120,C0120,BACHELOR,EXPECTED,2027-02-28,TOEIC_SPEAKING,2027-04-24,ELIGIBLE,NO,NOT_APPLICABLE,2026-10-26,2027-03-01,"{""degree"":""PASS"",""language"":""PASS"",""military"":""NOT_APPLICABLE"",""travel_visa"":""PASS""}",PASS,KIA-02-REPOST,PUBLIC_REPOSTED_SOURCE,SYNTHETIC_DATE_ADAPTATION,SYNTHETIC_HUMAN_SCENARIO
EL_APP0121,APP0121,C0121,UNKNOWN,EXPECTED,2027-02-28,TOEIC_SPEAKING,2027-04-19,ELIGIBLE,YES,COMPLETED,2026-10-21,2027-03-01,"{""degree"":""UNKNOWN"",""language"":""PASS"",""military"":""PASS"",""travel_visa"":""PASS""}",UNKNOWN,KIA-02-REPOST,PUBLIC_REPOSTED_SOURCE,SYNTHETIC_DATE_ADAPTATION,SYNTHETIC_HUMAN_SCENARIO
EL_APP0123,APP0123,C0123,OTHER,EXPECTED,2027-02-28,TOEIC_SPEAKING,2027-04-17,ELIGIBLE,YES,COMPLETED,2026-10-19,2027-03-01,"{""degree"":""FAIL"",""language"":""PASS"",""military"":""PASS"",""travel_visa"":""PASS""}",FAIL,KIA-02-REPOST,PUBLIC_REPOSTED_SOURCE,SYNTHETIC_DATE_ADAPTATION,SYNTHETIC_HUMAN_SCENARIO
EL_APP0124,APP0124,C0124,OTHER,EXPECTED,2027-02-28,OPIC,2027-04-20,ELIGIBLE,NO,NOT_APPLICABLE,2026-10-22,2027-03-01,"{""degree"":""FAIL"",""language"":""PASS"",""military"":""NOT_APPLICABLE"",""travel_visa"":""PASS""}",FAIL,KIA-02-REPOST,PUBLIC_REPOSTED_SOURCE,SYNTHETIC_DATE_ADAPTATION,SYNTHETIC_HUMAN_SCENARIO
EL_APP0125,APP0125,C0125,MASTER,EXPECTED,2027-02-28,OPIC,,ELIGIBLE,YES,COMPLETED,2026-10-24,2027-03-01,"{""degree"":""PASS"",""language"":""UNKNOWN"",""military"":""PASS"",""travel_visa"":""PASS""}",UNKNOWN,KIA-02-REPOST,PUBLIC_REPOSTED_SOURCE,SYNTHETIC_DATE_ADAPTATION,SYNTHETIC_HUMAN_SCENARIO
EL_APP0127,APP0127,C0127,BACHELOR,GRADUATED,,TOEIC_SPEAKING,2027-04-18,ELIGIBLE,NO,NOT_APPLICABLE,2026-10-20,2027-03-01,"{""degree"":""PASS"",""language"":""PASS"",""military"":""NOT_APPLICABLE"",""travel_visa"":""PASS""}",PASS,KIA-02-REPOST,PUBLIC_REPOSTED_SOURCE,SYNTHETIC_DATE_ADAPTATION,SYNTHETIC_HUMAN_SCENARIO
EL_APP0128,APP0128,C0128,BACHELOR,EXPECTED,2027-02-28,TOEIC_SPEAKING,2027-04-18,ELIGIBLE,YES,COMPLETED,2026-10-20,2027-03-01,"{""degree"":""PASS"",""language"":""PASS"",""military"":""PASS"",""travel_visa"":""PASS""}",PASS,KIA-02-REPOST,PUBLIC_REPOSTED_SOURCE,SYNTHETIC_DATE_ADAPTATION,SYNTHETIC_HUMAN_SCENARIO
EL_APP0129,APP0129,C0129,BACHELOR,GRADUATED,,OPIC,2027-04-22,ELIGIBLE,YES,NOT_COMPLETED,2026-10-24,2027-03-01,"{""degree"":""PASS"",""language"":""PASS"",""military"":""FAIL"",""travel_visa"":""PASS""}",FAIL,KIA-02-REPOST,PUBLIC_REPOSTED_SOURCE,SYNTHETIC_DATE_ADAPTATION,SYNTHETIC_HUMAN_SCENARIO
EL_APP0130,APP0130,C0130,UNKNOWN,GRADUATED,,OPIC,2027-04-25,ELIGIBLE,YES,COMPLETED,2026-10-27,2027-03-01,"{""degree"":""UNKNOWN"",""language"":""PASS"",""military"":""PASS"",""travel_visa"":""PASS""}",UNKNOWN,KIA-02-REPOST,PUBLIC_REPOSTED_SOURCE,SYNTHETIC_DATE_ADAPTATION,SYNTHETIC_HUMAN_SCENARIO
EL_APP0131,APP0131,C0131,BACHELOR,GRADUATED,,TOEIC_SPEAKING,2027-04-22,UNKNOWN,YES,COMPLETED,2026-10-24,2027-03-01,"{""degree"":""PASS"",""language"":""PASS"",""military"":""PASS"",""travel_visa"":""UNKNOWN""}",UNKNOWN,KIA-02-REPOST,PUBLIC_REPOSTED_SOURCE,SYNTHETIC_DATE_ADAPTATION,SYNTHETIC_HUMAN_SCENARIO
EL_APP0134,APP0134,C0134,MASTER,GRADUATED,,OPIC,2027-04-18,ELIGIBLE,YES,UNKNOWN,2026-10-20,2027-03-01,"{""degree"":""PASS"",""language"":""PASS"",""military"":""UNKNOWN"",""travel_visa"":""PASS""}",UNKNOWN,KIA-02-REPOST,PUBLIC_REPOSTED_SOURCE,SYNTHETIC_DATE_ADAPTATION,SYNTHETIC_HUMAN_SCENARIO
EL_APP0135,APP0135,C0135,BACHELOR,GRADUATED,,OPIC,2027-04-25,ELIGIBLE,NO,NOT_APPLICABLE,2026-10-27,2027-03-01,"{""degree"":""PASS"",""language"":""PASS"",""military"":""NOT_APPLICABLE"",""travel_visa"":""PASS""}",PASS,KIA-02-REPOST,PUBLIC_REPOSTED_SOURCE,SYNTHETIC_DATE_ADAPTATION,SYNTHETIC_HUMAN_SCENARIO
EL_APP0136,APP0136,C0136,BACHELOR,EXPECTED,2027-02-28,OPIC,2027-04-20,ELIGIBLE,YES,NOT_COMPLETED,2026-10-22,2027-03-01,"{""degree"":""PASS"",""language"":""PASS"",""military"":""FAIL"",""travel_visa"":""PASS""}",FAIL,KIA-02-REPOST,PUBLIC_REPOSTED_SOURCE,SYNTHETIC_DATE_ADAPTATION,SYNTHETIC_HUMAN_SCENARIO
EL_APP0137,APP0137,C0137,MASTER,GRADUATED,,OPIC,2027-04-25,ELIGIBLE,NO,NOT_APPLICABLE,2026-10-27,2027-03-01,"{""degree"":""PASS"",""language"":""PASS"",""military"":""NOT_APPLICABLE"",""travel_visa"":""PASS""}",PASS,KIA-02-REPOST,PUBLIC_REPOSTED_SOURCE,SYNTHETIC_DATE_ADAPTATION,SYNTHETIC_HUMAN_SCENARIO
EL_APP0139,APP0139,C0139,MASTER,GRADUATED,,OPIC,2026-10-19,ELIGIBLE,NO,NOT_APPLICABLE,2026-10-20,2027-03-01,"{""degree"":""PASS"",""language"":""FAIL"",""military"":""NOT_APPLICABLE"",""travel_visa"":""PASS""}",FAIL,KIA-02-REPOST,PUBLIC_REPOSTED_SOURCE,SYNTHETIC_DATE_ADAPTATION,SYNTHETIC_HUMAN_SCENARIO
EL_APP0140,APP0140,C0140,BACHELOR,GRADUATED,,TOEIC_SPEAKING,2027-04-25,UNKNOWN,NO,NOT_APPLICABLE,2026-10-27,2027-03-01,"{""degree"":""PASS"",""language"":""PASS"",""military"":""NOT_APPLICABLE"",""travel_visa"":""UNKNOWN""}",UNKNOWN,KIA-02-REPOST,PUBLIC_REPOSTED_SOURCE,SYNTHETIC_DATE_ADAPTATION,SYNTHETIC_HUMAN_SCENARIO
EL_APP0141,APP0141,C0141,BACHELOR,GRADUATED,,TOEIC_SPEAKING,,ELIGIBLE,YES,COMPLETED,2026-10-22,2027-03-01,"{""degree"":""PASS"",""language"":""UNKNOWN"",""military"":""PASS"",""travel_visa"":""PASS""}",UNKNOWN,KIA-02-REPOST,PUBLIC_REPOSTED_SOURCE,SYNTHETIC_DATE_ADAPTATION,SYNTHETIC_HUMAN_SCENARIO
EL_APP0142,APP0142,C0142,BACHELOR,EXPECTED,2027-02-28,TOEIC_SPEAKING,2027-04-18,ELIGIBLE,YES,NOT_COMPLETED,2026-10-20,2027-03-01,"{""degree"":""PASS"",""language"":""PASS"",""military"":""FAIL"",""travel_visa"":""PASS""}",FAIL,KIA-02-REPOST,PUBLIC_REPOSTED_SOURCE,SYNTHETIC_DATE_ADAPTATION,SYNTHETIC_HUMAN_SCENARIO
EL_APP0143,APP0143,C0143,MASTER,EXPECTED,2027-02-28,TOEIC_SPEAKING,2027-04-19,ELIGIBLE,NO,NOT_APPLICABLE,2026-10-21,2027-03-01,"{""degree"":""PASS"",""language"":""PASS"",""military"":""NOT_APPLICABLE"",""travel_visa"":""PASS""}",PASS,KIA-02-REPOST,PUBLIC_REPOSTED_SOURCE,SYNTHETIC_DATE_ADAPTATION,SYNTHETIC_HUMAN_SCENARIO
EL_APP0146,APP0146,C0146,MASTER,GRADUATED,,TOEIC_SPEAKING,2027-04-26,ELIGIBLE,YES,NOT_COMPLETED,2026-10-28,2027-03-01,"{""degree"":""PASS"",""language"":""PASS"",""military"":""FAIL"",""travel_visa"":""PASS""}",FAIL,KIA-02-REPOST,PUBLIC_REPOSTED_SOURCE,SYNTHETIC_DATE_ADAPTATION,SYNTHETIC_HUMAN_SCENARIO
EL_APP0147,APP0147,C0147,MASTER,GRADUATED,,TOEIC_SPEAKING,2027-04-19,ELIGIBLE,NO,NOT_APPLICABLE,2026-10-21,2027-03-01,"{""degree"":""PASS"",""language"":""PASS"",""military"":""NOT_APPLICABLE"",""travel_visa"":""PASS""}",PASS,KIA-02-REPOST,PUBLIC_REPOSTED_SOURCE,SYNTHETIC_DATE_ADAPTATION,SYNTHETIC_HUMAN_SCENARIO
EL_APP0148,APP0148,C0148,BACHELOR,EXPECTED,2027-02-28,TOEIC_SPEAKING,2026-10-27,ELIGIBLE,YES,COMPLETED,2026-10-28,2027-03-01,"{""degree"":""PASS"",""language"":""FAIL"",""military"":""PASS"",""travel_visa"":""PASS""}",FAIL,KIA-02-REPOST,PUBLIC_REPOSTED_SOURCE,SYNTHETIC_DATE_ADAPTATION,SYNTHETIC_HUMAN_SCENARIO
EL_APP0149,APP0149,C0149,OTHER,GRADUATED,,OPIC,2027-04-21,ELIGIBLE,YES,COMPLETED,2026-10-23,2027-03-01,"{""degree"":""FAIL"",""language"":""PASS"",""military"":""PASS"",""travel_visa"":""PASS""}",FAIL,KIA-02-REPOST,PUBLIC_REPOSTED_SOURCE,SYNTHETIC_DATE_ADAPTATION,SYNTHETIC_HUMAN_SCENARIO
EL_APP0150,APP0150,C0150,MASTER,EXPECTED,2027-02-28,TOEIC_SPEAKING,2027-04-20,ELIGIBLE,YES,COMPLETED,2026-10-22,2027-03-01,"{""degree"":""PASS"",""language"":""PASS"",""military"":""PASS"",""travel_visa"":""PASS""}",PASS,KIA-02-REPOST,PUBLIC_REPOSTED_SOURCE,SYNTHETIC_DATE_ADAPTATION,SYNTHETIC_HUMAN_SCENARIO
EL_APP0151,APP0151,C0151,BACHELOR,EXPECTED,2027-02-28,OPIC,2026-10-21,ELIGIBLE,YES,COMPLETED,2026-10-22,2027-03-01,"{""degree"":""PASS"",""language"":""FAIL"",""military"":""PASS"",""travel_visa"":""PASS""}",FAIL,KIA-02-REPOST,PUBLIC_REPOSTED_SOURCE,SYNTHETIC_DATE_ADAPTATION,SYNTHETIC_HUMAN_SCENARIO
EL_APP0152,APP0152,C0152,UNKNOWN,EXPECTED,2027-02-28,OPIC,2027-04-26,ELIGIBLE,YES,COMPLETED,2026-10-28,2027-03-01,"{""degree"":""UNKNOWN"",""language"":""PASS"",""military"":""PASS"",""travel_visa"":""PASS""}",UNKNOWN,KIA-02-REPOST,PUBLIC_REPOSTED_SOURCE,SYNTHETIC_DATE_ADAPTATION,SYNTHETIC_HUMAN_SCENARIO
EL_APP0153,APP0153,C0153,UNKNOWN,EXPECTED,2027-02-28,TOEIC_SPEAKING,2027-04-20,ELIGIBLE,NO,NOT_APPLICABLE,2026-10-22,2027-03-01,"{""degree"":""UNKNOWN"",""language"":""PASS"",""military"":""NOT_APPLICABLE"",""travel_visa"":""PASS""}",UNKNOWN,KIA-02-REPOST,PUBLIC_REPOSTED_SOURCE,SYNTHETIC_DATE_ADAPTATION,SYNTHETIC_HUMAN_SCENARIO
EL_APP0154,APP0154,C0154,BACHELOR,EXPECTED,2027-02-28,OPIC,2027-04-21,UNKNOWN,NO,NOT_APPLICABLE,2026-10-23,2027-03-01,"{""degree"":""PASS"",""language"":""PASS"",""military"":""NOT_APPLICABLE"",""travel_visa"":""UNKNOWN""}",UNKNOWN,KIA-02-REPOST,PUBLIC_REPOSTED_SOURCE,SYNTHETIC_DATE_ADAPTATION,SYNTHETIC_HUMAN_SCENARIO
EL_APP0155,APP0155,C0155,BACHELOR,EXPECTED,2027-02-28,OPIC,2027-04-21,ELIGIBLE,YES,UNKNOWN,2026-10-23,2027-03-01,"{""degree"":""PASS"",""language"":""PASS"",""military"":""UNKNOWN"",""travel_visa"":""PASS""}",UNKNOWN,KIA-02-REPOST,PUBLIC_REPOSTED_SOURCE,SYNTHETIC_DATE_ADAPTATION,SYNTHETIC_HUMAN_SCENARIO
EL_APP0156,APP0156,C0156,OTHER,GRADUATED,,TOEIC_SPEAKING,2027-04-27,ELIGIBLE,YES,COMPLETED,2026-10-29,2027-03-01,"{""degree"":""FAIL"",""language"":""PASS"",""military"":""PASS"",""travel_visa"":""PASS""}",FAIL,KIA-02-REPOST,PUBLIC_REPOSTED_SOURCE,SYNTHETIC_DATE_ADAPTATION,SYNTHETIC_HUMAN_SCENARIO
EL_APP0157,APP0157,C0157,MASTER,GRADUATED,,OPIC,2027-04-24,ELIGIBLE,YES,COMPLETED,2026-10-26,2027-03-01,"{""degree"":""PASS"",""language"":""PASS"",""military"":""PASS"",""travel_visa"":""PASS""}",PASS,KIA-02-REPOST,PUBLIC_REPOSTED_SOURCE,SYNTHETIC_DATE_ADAPTATION,SYNTHETIC_HUMAN_SCENARIO
EL_APP0159,APP0159,C0159,BACHELOR,GRADUATED,,TOEIC_SPEAKING,2027-04-24,UNKNOWN,NO,NOT_APPLICABLE,2026-10-26,2027-03-01,"{""degree"":""PASS"",""language"":""PASS"",""military"":""NOT_APPLICABLE"",""travel_visa"":""UNKNOWN""}",UNKNOWN,KIA-02-REPOST,PUBLIC_REPOSTED_SOURCE,SYNTHETIC_DATE_ADAPTATION,SYNTHETIC_HUMAN_SCENARIO
EL_APP0161,APP0161,C0161,MASTER,EXPECTED,2027-02-28,OPIC,2027-04-21,ELIGIBLE,NO,NOT_APPLICABLE,2026-10-23,2027-03-01,"{""degree"":""PASS"",""language"":""PASS"",""military"":""NOT_APPLICABLE"",""travel_visa"":""PASS""}",PASS,KIA-02-REPOST,PUBLIC_REPOSTED_SOURCE,SYNTHETIC_DATE_ADAPTATION,SYNTHETIC_HUMAN_SCENARIO
EL_APP0162,APP0162,C0162,MASTER,GRADUATED,,OPIC,2026-10-21,ELIGIBLE,NO,NOT_APPLICABLE,2026-10-22,2027-03-01,"{""degree"":""PASS"",""language"":""FAIL"",""military"":""NOT_APPLICABLE"",""travel_visa"":""PASS""}",FAIL,KIA-02-REPOST,PUBLIC_REPOSTED_SOURCE,SYNTHETIC_DATE_ADAPTATION,SYNTHETIC_HUMAN_SCENARIO
EL_APP0163,APP0163,C0163,BACHELOR,GRADUATED,,TOEIC_SPEAKING,,ELIGIBLE,NO,NOT_APPLICABLE,2026-10-23,2027-03-01,"{""degree"":""PASS"",""language"":""UNKNOWN"",""military"":""NOT_APPLICABLE"",""travel_visa"":""PASS""}",UNKNOWN,KIA-02-REPOST,PUBLIC_REPOSTED_SOURCE,SYNTHETIC_DATE_ADAPTATION,SYNTHETIC_HUMAN_SCENARIO
EL_APP0164,APP0164,C0164,BACHELOR,GRADUATED,,OPIC,2027-04-22,ELIGIBLE,YES,NOT_COMPLETED,2026-10-24,2027-03-01,"{""degree"":""PASS"",""language"":""PASS"",""military"":""FAIL"",""travel_visa"":""PASS""}",FAIL,KIA-02-REPOST,PUBLIC_REPOSTED_SOURCE,SYNTHETIC_DATE_ADAPTATION,SYNTHETIC_HUMAN_SCENARIO
EL_APP0166,APP0166,C0166,UNKNOWN,EXPECTED,2027-02-28,OPIC,2027-04-20,ELIGIBLE,YES,COMPLETED,2026-10-22,2027-03-01,"{""degree"":""UNKNOWN"",""language"":""PASS"",""military"":""PASS"",""travel_visa"":""PASS""}",UNKNOWN,KIA-02-REPOST,PUBLIC_REPOSTED_SOURCE,SYNTHETIC_DATE_ADAPTATION,SYNTHETIC_HUMAN_SCENARIO
EL_APP0167,APP0167,C0167,MASTER,GRADUATED,,OPIC,2027-04-20,UNKNOWN,YES,COMPLETED,2026-10-22,2027-03-01,"{""degree"":""PASS"",""language"":""PASS"",""military"":""PASS"",""travel_visa"":""UNKNOWN""}",UNKNOWN,KIA-02-REPOST,PUBLIC_REPOSTED_SOURCE,SYNTHETIC_DATE_ADAPTATION,SYNTHETIC_HUMAN_SCENARIO
EL_APP0168,APP0168,C0168,BACHELOR,GRADUATED,,TOEIC_SPEAKING,2027-04-20,ELIGIBLE,YES,COMPLETED,2026-10-22,2027-03-01,"{""degree"":""PASS"",""language"":""PASS"",""military"":""PASS"",""travel_visa"":""PASS""}",PASS,KIA-02-REPOST,PUBLIC_REPOSTED_SOURCE,SYNTHETIC_DATE_ADAPTATION,SYNTHETIC_HUMAN_SCENARIO
EL_APP0170,APP0170,C0170,UNKNOWN,GRADUATED,,TOEIC_SPEAKING,2027-04-21,ELIGIBLE,NO,NOT_APPLICABLE,2026-10-23,2027-03-01,"{""degree"":""UNKNOWN"",""language"":""PASS"",""military"":""NOT_APPLICABLE"",""travel_visa"":""PASS""}",UNKNOWN,KIA-02-REPOST,PUBLIC_REPOSTED_SOURCE,SYNTHETIC_DATE_ADAPTATION,SYNTHETIC_HUMAN_SCENARIO
EL_APP0171,APP0171,C0171,MASTER,GRADUATED,,TOEIC_SPEAKING,,ELIGIBLE,NO,NOT_APPLICABLE,2026-10-29,2027-03-01,"{""degree"":""PASS"",""language"":""UNKNOWN"",""military"":""NOT_APPLICABLE"",""travel_visa"":""PASS""}",UNKNOWN,KIA-02-REPOST,PUBLIC_REPOSTED_SOURCE,SYNTHETIC_DATE_ADAPTATION,SYNTHETIC_HUMAN_SCENARIO
EL_APP0172,APP0172,C0172,MASTER,GRADUATED,,OPIC,2027-04-20,ELIGIBLE,NO,NOT_APPLICABLE,2026-10-22,2027-03-01,"{""degree"":""PASS"",""language"":""PASS"",""military"":""NOT_APPLICABLE"",""travel_visa"":""PASS""}",PASS,KIA-02-REPOST,PUBLIC_REPOSTED_SOURCE,SYNTHETIC_DATE_ADAPTATION,SYNTHETIC_HUMAN_SCENARIO
EL_APP0173,APP0173,C0173,BACHELOR,GRADUATED,,OPIC,2027-04-24,ELIGIBLE,YES,COMPLETED,2026-10-26,2027-03-01,"{""degree"":""PASS"",""language"":""PASS"",""military"":""PASS"",""travel_visa"":""PASS""}",PASS,KIA-02-REPOST,PUBLIC_REPOSTED_SOURCE,SYNTHETIC_DATE_ADAPTATION,SYNTHETIC_HUMAN_SCENARIO
EL_APP0175,APP0175,C0175,BACHELOR,GRADUATED,,OPIC,2027-04-25,ELIGIBLE,YES,UNKNOWN,2026-10-27,2027-03-01,"{""degree"":""PASS"",""language"":""PASS"",""military"":""UNKNOWN"",""travel_visa"":""PASS""}",UNKNOWN,KIA-02-REPOST,PUBLIC_REPOSTED_SOURCE,SYNTHETIC_DATE_ADAPTATION,SYNTHETIC_HUMAN_SCENARIO
EL_APP0176,APP0176,C0176,MASTER,GRADUATED,,TOEIC_SPEAKING,2027-04-25,UNKNOWN,NO,NOT_APPLICABLE,2026-10-27,2027-03-01,"{""degree"":""PASS"",""language"":""PASS"",""military"":""NOT_APPLICABLE"",""travel_visa"":""UNKNOWN""}",UNKNOWN,KIA-02-REPOST,PUBLIC_REPOSTED_SOURCE,SYNTHETIC_DATE_ADAPTATION,SYNTHETIC_HUMAN_SCENARIO
EL_APP0177,APP0177,C0177,BACHELOR,EXPECTED,2027-02-28,OPIC,2027-04-25,INELIGIBLE,YES,COMPLETED,2026-10-27,2027-03-01,"{""degree"":""PASS"",""language"":""PASS"",""military"":""PASS"",""travel_visa"":""FAIL""}",FAIL,KIA-02-REPOST,PUBLIC_REPOSTED_SOURCE,SYNTHETIC_DATE_ADAPTATION,SYNTHETIC_HUMAN_SCENARIO
EL_APP0179,APP0179,C0179,MASTER,GRADUATED,,OPIC,2026-10-26,ELIGIBLE,NO,NOT_APPLICABLE,2026-10-27,2027-03-01,"{""degree"":""PASS"",""language"":""FAIL"",""military"":""NOT_APPLICABLE"",""travel_visa"":""PASS""}",FAIL,KIA-02-REPOST,PUBLIC_REPOSTED_SOURCE,SYNTHETIC_DATE_ADAPTATION,SYNTHETIC_HUMAN_SCENARIO
EL_APP0181,APP0181,C0181,UNKNOWN,EXPECTED,2027-02-28,OPIC,2027-04-28,ELIGIBLE,NO,NOT_APPLICABLE,2026-10-30,2027-03-01,"{""degree"":""UNKNOWN"",""language"":""PASS"",""military"":""NOT_APPLICABLE"",""travel_visa"":""PASS""}",UNKNOWN,KIA-02-REPOST,PUBLIC_REPOSTED_SOURCE,SYNTHETIC_DATE_ADAPTATION,SYNTHETIC_HUMAN_SCENARIO
EL_APP0182,APP0182,C0182,BACHELOR,GRADUATED,,OPIC,2026-10-24,ELIGIBLE,YES,COMPLETED,2026-10-25,2027-03-01,"{""degree"":""PASS"",""language"":""FAIL"",""military"":""PASS"",""travel_visa"":""PASS""}",FAIL,KIA-02-REPOST,PUBLIC_REPOSTED_SOURCE,SYNTHETIC_DATE_ADAPTATION,SYNTHETIC_HUMAN_SCENARIO
EL_APP0184,APP0184,C0184,MASTER,EXPECTED,2027-02-28,OPIC,2027-04-28,INELIGIBLE,NO,NOT_APPLICABLE,2026-10-30,2027-03-01,"{""degree"":""PASS"",""language"":""PASS"",""military"":""NOT_APPLICABLE"",""travel_visa"":""FAIL""}",FAIL,KIA-02-REPOST,PUBLIC_REPOSTED_SOURCE,SYNTHETIC_DATE_ADAPTATION,SYNTHETIC_HUMAN_SCENARIO
EL_APP0185,APP0185,C0185,MASTER,EXPECTED,2027-02-28,TOEIC_SPEAKING,2027-04-23,ELIGIBLE,YES,COMPLETED,2026-10-25,2027-03-01,"{""degree"":""PASS"",""language"":""PASS"",""military"":""PASS"",""travel_visa"":""PASS""}",PASS,KIA-02-REPOST,PUBLIC_REPOSTED_SOURCE,SYNTHETIC_DATE_ADAPTATION,SYNTHETIC_HUMAN_SCENARIO
EL_APP0186,APP0186,C0186,MASTER,GRADUATED,,OPIC,,ELIGIBLE,NO,NOT_APPLICABLE,2026-10-25,2027-03-01,"{""degree"":""PASS"",""language"":""UNKNOWN"",""military"":""NOT_APPLICABLE"",""travel_visa"":""PASS""}",UNKNOWN,KIA-02-REPOST,PUBLIC_REPOSTED_SOURCE,SYNTHETIC_DATE_ADAPTATION,SYNTHETIC_HUMAN_SCENARIO
EL_APP0188,APP0188,C0188,BACHELOR,GRADUATED,,TOEIC_SPEAKING,2026-10-27,ELIGIBLE,NO,NOT_APPLICABLE,2026-10-28,2027-03-01,"{""degree"":""PASS"",""language"":""FAIL"",""military"":""NOT_APPLICABLE"",""travel_visa"":""PASS""}",FAIL,KIA-02-REPOST,PUBLIC_REPOSTED_SOURCE,SYNTHETIC_DATE_ADAPTATION,SYNTHETIC_HUMAN_SCENARIO
EL_APP0189,APP0189,C0189,BACHELOR,EXPECTED,2027-02-28,OPIC,2027-04-24,ELIGIBLE,YES,COMPLETED,2026-10-26,2027-03-01,"{""degree"":""PASS"",""language"":""PASS"",""military"":""PASS"",""travel_visa"":""PASS""}",PASS,KIA-02-REPOST,PUBLIC_REPOSTED_SOURCE,SYNTHETIC_DATE_ADAPTATION,SYNTHETIC_HUMAN_SCENARIO
EL_APP0190,APP0190,C0190,BACHELOR,GRADUATED,,TOEIC_SPEAKING,2027-04-23,ELIGIBLE,YES,COMPLETED,2026-10-25,2027-03-01,"{""degree"":""PASS"",""language"":""PASS"",""military"":""PASS"",""travel_visa"":""PASS""}",PASS,KIA-02-REPOST,PUBLIC_REPOSTED_SOURCE,SYNTHETIC_DATE_ADAPTATION,SYNTHETIC_HUMAN_SCENARIO
EL_APP0191,APP0191,C0191,BACHELOR,GRADUATED,,TOEIC_SPEAKING,2027-04-22,UNKNOWN,YES,COMPLETED,2026-10-24,2027-03-01,"{""degree"":""PASS"",""language"":""PASS"",""military"":""PASS"",""travel_visa"":""UNKNOWN""}",UNKNOWN,KIA-02-REPOST,PUBLIC_REPOSTED_SOURCE,SYNTHETIC_DATE_ADAPTATION,SYNTHETIC_HUMAN_SCENARIO
EL_APP0192,APP0192,C0192,BACHELOR,EXPECTED,2027-02-28,OPIC,2027-04-29,ELIGIBLE,NO,NOT_APPLICABLE,2026-10-31,2027-03-01,"{""degree"":""PASS"",""language"":""PASS"",""military"":""NOT_APPLICABLE"",""travel_visa"":""PASS""}",PASS,KIA-02-REPOST,PUBLIC_REPOSTED_SOURCE,SYNTHETIC_DATE_ADAPTATION,SYNTHETIC_HUMAN_SCENARIO
EL_APP0193,APP0193,C0193,BACHELOR,EXPECTED,2027-02-28,TOEIC_SPEAKING,2027-04-22,ELIGIBLE,YES,COMPLETED,2026-10-24,2027-03-01,"{""degree"":""PASS"",""language"":""PASS"",""military"":""PASS"",""travel_visa"":""PASS""}",PASS,KIA-02-REPOST,PUBLIC_REPOSTED_SOURCE,SYNTHETIC_DATE_ADAPTATION,SYNTHETIC_HUMAN_SCENARIO
EL_APP0194,APP0194,C0194,MASTER,GRADUATED,,OPIC,2027-04-29,ELIGIBLE,YES,UNKNOWN,2026-10-31,2027-03-01,"{""degree"":""PASS"",""language"":""PASS"",""military"":""UNKNOWN"",""travel_visa"":""PASS""}",UNKNOWN,KIA-02-REPOST,PUBLIC_REPOSTED_SOURCE,SYNTHETIC_DATE_ADAPTATION,SYNTHETIC_HUMAN_SCENARIO
EL_APP0196,APP0196,C0196,BACHELOR,GRADUATED,,OPIC,2027-04-23,ELIGIBLE,NO,NOT_APPLICABLE,2026-10-25,2027-03-01,"{""degree"":""PASS"",""language"":""PASS"",""military"":""NOT_APPLICABLE"",""travel_visa"":""PASS""}",PASS,KIA-02-REPOST,PUBLIC_REPOSTED_SOURCE,SYNTHETIC_DATE_ADAPTATION,SYNTHETIC_HUMAN_SCENARIO
EL_APP0199,APP0199,C0199,BACHELOR,GRADUATED,,TOEIC_SPEAKING,2026-10-24,ELIGIBLE,YES,COMPLETED,2026-10-25,2027-03-01,"{""degree"":""PASS"",""language"":""FAIL"",""military"":""PASS"",""travel_visa"":""PASS""}",FAIL,KIA-02-REPOST,PUBLIC_REPOSTED_SOURCE,SYNTHETIC_DATE_ADAPTATION,SYNTHETIC_HUMAN_SCENARIO
EL_APP0200,APP0200,C0200,BACHELOR,EXPECTED,2027-02-28,TOEIC_SPEAKING,2027-04-30,ELIGIBLE,NO,NOT_APPLICABLE,2026-11-01,2027-03-01,"{""degree"":""PASS"",""language"":""PASS"",""military"":""NOT_APPLICABLE"",""travel_visa"":""PASS""}",PASS,KIA-02-REPOST,PUBLIC_REPOSTED_SOURCE,SYNTHETIC_DATE_ADAPTATION,SYNTHETIC_HUMAN_SCENARIO
EL_APP0201,APP0201,C0201,MASTER,GRADUATED,,OPIC,2027-04-27,ELIGIBLE,YES,NOT_COMPLETED,2026-10-29,2027-03-01,"{""degree"":""PASS"",""language"":""PASS"",""military"":""FAIL"",""travel_visa"":""PASS""}",FAIL,KIA-02-REPOST,PUBLIC_REPOSTED_SOURCE,SYNTHETIC_DATE_ADAPTATION,SYNTHETIC_HUMAN_SCENARIO
EL_APP0202,APP0202,C0202,UNKNOWN,GRADUATED,,OPIC,2027-04-27,ELIGIBLE,NO,NOT_APPLICABLE,2026-10-29,2027-03-01,"{""degree"":""UNKNOWN"",""language"":""PASS"",""military"":""NOT_APPLICABLE"",""travel_visa"":""PASS""}",UNKNOWN,KIA-02-REPOST,PUBLIC_REPOSTED_SOURCE,SYNTHETIC_DATE_ADAPTATION,SYNTHETIC_HUMAN_SCENARIO
EL_APP0203,APP0203,C0203,MASTER,GRADUATED,,OPIC,2027-04-24,UNKNOWN,NO,NOT_APPLICABLE,2026-10-26,2027-03-01,"{""degree"":""PASS"",""language"":""PASS"",""military"":""NOT_APPLICABLE"",""travel_visa"":""UNKNOWN""}",UNKNOWN,KIA-02-REPOST,PUBLIC_REPOSTED_SOURCE,SYNTHETIC_DATE_ADAPTATION,SYNTHETIC_HUMAN_SCENARIO
EL_APP0205,APP0205,C0205,MASTER,EXPECTED,2027-02-28,OPIC,2027-04-23,ELIGIBLE,YES,UNKNOWN,2026-10-25,2027-03-01,"{""degree"":""PASS"",""language"":""PASS"",""military"":""UNKNOWN"",""travel_visa"":""PASS""}",UNKNOWN,KIA-02-REPOST,PUBLIC_REPOSTED_SOURCE,SYNTHETIC_DATE_ADAPTATION,SYNTHETIC_HUMAN_SCENARIO
EL_APP0206,APP0206,C0206,BACHELOR,EXPECTED,2027-02-28,TOEIC_SPEAKING,2027-04-30,ELIGIBLE,NO,NOT_APPLICABLE,2026-11-01,2027-03-01,"{""degree"":""PASS"",""language"":""PASS"",""military"":""NOT_APPLICABLE"",""travel_visa"":""PASS""}",PASS,KIA-02-REPOST,PUBLIC_REPOSTED_SOURCE,SYNTHETIC_DATE_ADAPTATION,SYNTHETIC_HUMAN_SCENARIO
EL_APP0209,APP0209,C0209,OTHER,GRADUATED,,TOEIC_SPEAKING,2027-04-23,ELIGIBLE,YES,COMPLETED,2026-10-25,2027-03-01,"{""degree"":""FAIL"",""language"":""PASS"",""military"":""PASS"",""travel_visa"":""PASS""}",FAIL,KIA-02-REPOST,PUBLIC_REPOSTED_SOURCE,SYNTHETIC_DATE_ADAPTATION,SYNTHETIC_HUMAN_SCENARIO
EL_APP0210,APP0210,C0210,BACHELOR,EXPECTED,2027-02-28,TOEIC_SPEAKING,2027-04-27,ELIGIBLE,YES,NOT_COMPLETED,2026-10-29,2027-03-01,"{""degree"":""PASS"",""language"":""PASS"",""military"":""FAIL"",""travel_visa"":""PASS""}",FAIL,KIA-02-REPOST,PUBLIC_REPOSTED_SOURCE,SYNTHETIC_DATE_ADAPTATION,SYNTHETIC_HUMAN_SCENARIO
EL_APP0213,APP0213,C0213,BACHELOR,EXPECTED,2027-02-28,TOEIC_SPEAKING,,ELIGIBLE,NO,NOT_APPLICABLE,2026-10-27,2027-03-01,"{""degree"":""PASS"",""language"":""UNKNOWN"",""military"":""NOT_APPLICABLE"",""travel_visa"":""PASS""}",UNKNOWN,KIA-02-REPOST,PUBLIC_REPOSTED_SOURCE,SYNTHETIC_DATE_ADAPTATION,SYNTHETIC_HUMAN_SCENARIO
EL_APP0215,APP0215,C0215,MASTER,GRADUATED,,TOEIC_SPEAKING,2027-04-25,ELIGIBLE,NO,NOT_APPLICABLE,2026-10-27,2027-03-01,"{""degree"":""PASS"",""language"":""PASS"",""military"":""NOT_APPLICABLE"",""travel_visa"":""PASS""}",PASS,KIA-02-REPOST,PUBLIC_REPOSTED_SOURCE,SYNTHETIC_DATE_ADAPTATION,SYNTHETIC_HUMAN_SCENARIO
EL_APP0216,APP0216,C0216,BACHELOR,EXPECTED,2027-02-28,OPIC,2027-04-24,UNKNOWN,NO,NOT_APPLICABLE,2026-10-26,2027-03-01,"{""degree"":""PASS"",""language"":""PASS"",""military"":""NOT_APPLICABLE"",""travel_visa"":""UNKNOWN""}",UNKNOWN,KIA-02-REPOST,PUBLIC_REPOSTED_SOURCE,SYNTHETIC_DATE_ADAPTATION,SYNTHETIC_HUMAN_SCENARIO
EL_APP0217,APP0217,C0217,BACHELOR,EXPECTED,2027-02-28,TOEIC_SPEAKING,2027-04-25,ELIGIBLE,YES,UNKNOWN,2026-10-27,2027-03-01,"{""degree"":""PASS"",""language"":""PASS"",""military"":""UNKNOWN"",""travel_visa"":""PASS""}",UNKNOWN,KIA-02-REPOST,PUBLIC_REPOSTED_SOURCE,SYNTHETIC_DATE_ADAPTATION,SYNTHETIC_HUMAN_SCENARIO
EL_APP0218,APP0218,C0218,BACHELOR,GRADUATED,,TOEIC_SPEAKING,2027-04-28,ELIGIBLE,YES,COMPLETED,2026-10-30,2027-03-01,"{""degree"":""PASS"",""language"":""PASS"",""military"":""PASS"",""travel_visa"":""PASS""}",PASS,KIA-02-REPOST,PUBLIC_REPOSTED_SOURCE,SYNTHETIC_DATE_ADAPTATION,SYNTHETIC_HUMAN_SCENARIO
EL_APP0219,APP0219,C0219,BACHELOR,EXPECTED,2027-02-28,TOEIC_SPEAKING,2026-10-25,ELIGIBLE,YES,COMPLETED,2026-10-26,2027-03-01,"{""degree"":""PASS"",""language"":""FAIL"",""military"":""PASS"",""travel_visa"":""PASS""}",FAIL,KIA-02-REPOST,PUBLIC_REPOSTED_SOURCE,SYNTHETIC_DATE_ADAPTATION,SYNTHETIC_HUMAN_SCENARIO
EL_APP0220,APP0220,C0220,BACHELOR,EXPECTED,2027-02-28,TOEIC_SPEAKING,2027-04-24,UNKNOWN,YES,COMPLETED,2026-10-26,2027-03-01,"{""degree"":""PASS"",""language"":""PASS"",""military"":""PASS"",""travel_visa"":""UNKNOWN""}",UNKNOWN,KIA-02-REPOST,PUBLIC_REPOSTED_SOURCE,SYNTHETIC_DATE_ADAPTATION,SYNTHETIC_HUMAN_SCENARIO
EL_APP0222,APP0222,C0222,BACHELOR,GRADUATED,,OPIC,2027-04-24,ELIGIBLE,YES,UNKNOWN,2026-10-26,2027-03-01,"{""degree"":""PASS"",""language"":""PASS"",""military"":""UNKNOWN"",""travel_visa"":""PASS""}",UNKNOWN,KIA-02-REPOST,PUBLIC_REPOSTED_SOURCE,SYNTHETIC_DATE_ADAPTATION,SYNTHETIC_HUMAN_SCENARIO
EL_APP0223,APP0223,C0223,MASTER,EXPECTED,2027-02-28,TOEIC_SPEAKING,2027-04-26,UNKNOWN,NO,NOT_APPLICABLE,2026-10-28,2027-03-01,"{""degree"":""PASS"",""language"":""PASS"",""military"":""NOT_APPLICABLE"",""travel_visa"":""UNKNOWN""}",UNKNOWN,KIA-02-REPOST,PUBLIC_REPOSTED_SOURCE,SYNTHETIC_DATE_ADAPTATION,SYNTHETIC_HUMAN_SCENARIO
EL_APP0225,APP0225,C0225,BACHELOR,GRADUATED,,TOEIC_SPEAKING,2027-04-28,INELIGIBLE,YES,COMPLETED,2026-10-30,2027-03-01,"{""degree"":""PASS"",""language"":""PASS"",""military"":""PASS"",""travel_visa"":""FAIL""}",FAIL,KIA-02-REPOST,PUBLIC_REPOSTED_SOURCE,SYNTHETIC_DATE_ADAPTATION,SYNTHETIC_HUMAN_SCENARIO
EL_APP0227,APP0227,C0227,MASTER,EXPECTED,2027-02-28,TOEIC_SPEAKING,,ELIGIBLE,NO,NOT_APPLICABLE,2026-10-27,2027-03-01,"{""degree"":""PASS"",""language"":""UNKNOWN"",""military"":""NOT_APPLICABLE"",""travel_visa"":""PASS""}",UNKNOWN,KIA-02-REPOST,PUBLIC_REPOSTED_SOURCE,SYNTHETIC_DATE_ADAPTATION,SYNTHETIC_HUMAN_SCENARIO
EL_APP0228,APP0228,C0228,MASTER,GRADUATED,,TOEIC_SPEAKING,2027-04-26,ELIGIBLE,NO,NOT_APPLICABLE,2026-10-28,2027-03-01,"{""degree"":""PASS"",""language"":""PASS"",""military"":""NOT_APPLICABLE"",""travel_visa"":""PASS""}",PASS,KIA-02-REPOST,PUBLIC_REPOSTED_SOURCE,SYNTHETIC_DATE_ADAPTATION,SYNTHETIC_HUMAN_SCENARIO
EL_APP0229,APP0229,C0229,OTHER,EXPECTED,2027-02-28,TOEIC_SPEAKING,2027-04-26,ELIGIBLE,YES,COMPLETED,2026-10-28,2027-03-01,"{""degree"":""FAIL"",""language"":""PASS"",""military"":""PASS"",""travel_visa"":""PASS""}",FAIL,KIA-02-REPOST,PUBLIC_REPOSTED_SOURCE,SYNTHETIC_DATE_ADAPTATION,SYNTHETIC_HUMAN_SCENARIO
EL_APP0230,APP0230,C0230,MASTER,GRADUATED,,TOEIC_SPEAKING,2027-04-25,INELIGIBLE,YES,COMPLETED,2026-10-27,2027-03-01,"{""degree"":""PASS"",""language"":""PASS"",""military"":""PASS"",""travel_visa"":""FAIL""}",FAIL,KIA-02-REPOST,PUBLIC_REPOSTED_SOURCE,SYNTHETIC_DATE_ADAPTATION,SYNTHETIC_HUMAN_SCENARIO
EL_APP0231,APP0231,C0231,OTHER,EXPECTED,2027-02-28,OPIC,2027-04-26,ELIGIBLE,YES,COMPLETED,2026-10-28,2027-03-01,"{""degree"":""FAIL"",""language"":""PASS"",""military"":""PASS"",""travel_visa"":""PASS""}",FAIL,KIA-02-REPOST,PUBLIC_REPOSTED_SOURCE,SYNTHETIC_DATE_ADAPTATION,SYNTHETIC_HUMAN_SCENARIO
EL_APP0232,APP0232,C0232,MASTER,GRADUATED,,OPIC,2026-10-29,ELIGIBLE,YES,COMPLETED,2026-10-30,2027-03-01,"{""degree"":""PASS"",""language"":""FAIL"",""military"":""PASS"",""travel_visa"":""PASS""}",FAIL,KIA-02-REPOST,PUBLIC_REPOSTED_SOURCE,SYNTHETIC_DATE_ADAPTATION,SYNTHETIC_HUMAN_SCENARIO
EL_APP0235,APP0235,C0235,BACHELOR,EXPECTED,2027-02-28,TOEIC_SPEAKING,2027-04-26,UNKNOWN,NO,NOT_APPLICABLE,2026-10-28,2027-03-01,"{""degree"":""PASS"",""language"":""PASS"",""military"":""NOT_APPLICABLE"",""travel_visa"":""UNKNOWN""}",UNKNOWN,KIA-02-REPOST,PUBLIC_REPOSTED_SOURCE,SYNTHETIC_DATE_ADAPTATION,SYNTHETIC_HUMAN_SCENARIO
EL_APP0237,APP0237,C0237,MASTER,GRADUATED,,TOEIC_SPEAKING,2027-05-02,UNKNOWN,NO,NOT_APPLICABLE,2026-11-03,2027-03-01,"{""degree"":""PASS"",""language"":""PASS"",""military"":""NOT_APPLICABLE"",""travel_visa"":""UNKNOWN""}",UNKNOWN,KIA-02-REPOST,PUBLIC_REPOSTED_SOURCE,SYNTHETIC_DATE_ADAPTATION,SYNTHETIC_HUMAN_SCENARIO
EL_APP0238,APP0238,C0238,BACHELOR,EXPECTED,2027-02-28,OPIC,2027-04-29,ELIGIBLE,NO,NOT_APPLICABLE,2026-10-31,2027-03-01,"{""degree"":""PASS"",""language"":""PASS"",""military"":""NOT_APPLICABLE"",""travel_visa"":""PASS""}",PASS,KIA-02-REPOST,PUBLIC_REPOSTED_SOURCE,SYNTHETIC_DATE_ADAPTATION,SYNTHETIC_HUMAN_SCENARIO
EL_APP0239,APP0239,C0239,BACHELOR,EXPECTED,2027-02-28,TOEIC_SPEAKING,2027-04-25,ELIGIBLE,YES,UNKNOWN,2026-10-27,2027-03-01,"{""degree"":""PASS"",""language"":""PASS"",""military"":""UNKNOWN"",""travel_visa"":""PASS""}",UNKNOWN,KIA-02-REPOST,PUBLIC_REPOSTED_SOURCE,SYNTHETIC_DATE_ADAPTATION,SYNTHETIC_HUMAN_SCENARIO
EL_APP0240,APP0240,C0240,MASTER,EXPECTED,2027-02-28,TOEIC_SPEAKING,2027-04-25,ELIGIBLE,YES,COMPLETED,2026-10-27,2027-03-01,"{""degree"":""PASS"",""language"":""PASS"",""military"":""PASS"",""travel_visa"":""PASS""}",PASS,KIA-02-REPOST,PUBLIC_REPOSTED_SOURCE,SYNTHETIC_DATE_ADAPTATION,SYNTHETIC_HUMAN_SCENARIO
EL_APP0241,APP0241,C0241,BACHELOR,EXPECTED,2027-02-28,OPIC,2026-10-26,ELIGIBLE,NO,NOT_APPLICABLE,2026-10-27,2027-03-01,"{""degree"":""PASS"",""language"":""FAIL"",""military"":""NOT_APPLICABLE"",""travel_visa"":""PASS""}",FAIL,KIA-02-REPOST,PUBLIC_REPOSTED_SOURCE,SYNTHETIC_DATE_ADAPTATION,SYNTHETIC_HUMAN_SCENARIO
EL_APP0242,APP0242,C0242,BACHELOR,GRADUATED,,OPIC,2027-04-29,ELIGIBLE,YES,COMPLETED,2026-10-31,2027-03-01,"{""degree"":""PASS"",""language"":""PASS"",""military"":""PASS"",""travel_visa"":""PASS""}",PASS,KIA-02-REPOST,PUBLIC_REPOSTED_SOURCE,SYNTHETIC_DATE_ADAPTATION,SYNTHETIC_HUMAN_SCENARIO
EL_APP0243,APP0243,C0243,MASTER,GRADUATED,,OPIC,2027-04-25,ELIGIBLE,NO,NOT_APPLICABLE,2026-10-27,2027-03-01,"{""degree"":""PASS"",""language"":""PASS"",""military"":""NOT_APPLICABLE"",""travel_visa"":""PASS""}",PASS,KIA-02-REPOST,PUBLIC_REPOSTED_SOURCE,SYNTHETIC_DATE_ADAPTATION,SYNTHETIC_HUMAN_SCENARIO
EL_APP0246,APP0246,C0246,MASTER,GRADUATED,,OPIC,2026-10-28,ELIGIBLE,NO,NOT_APPLICABLE,2026-10-29,2027-03-01,"{""degree"":""PASS"",""language"":""FAIL"",""military"":""NOT_APPLICABLE"",""travel_visa"":""PASS""}",FAIL,KIA-02-REPOST,PUBLIC_REPOSTED_SOURCE,SYNTHETIC_DATE_ADAPTATION,SYNTHETIC_HUMAN_SCENARIO
EL_APP0247,APP0247,C0247,OTHER,GRADUATED,,OPIC,2027-04-25,ELIGIBLE,YES,COMPLETED,2026-10-27,2027-03-01,"{""degree"":""FAIL"",""language"":""PASS"",""military"":""PASS"",""travel_visa"":""PASS""}",FAIL,KIA-02-REPOST,PUBLIC_REPOSTED_SOURCE,SYNTHETIC_DATE_ADAPTATION,SYNTHETIC_HUMAN_SCENARIO
EL_APP0248,APP0248,C0248,MASTER,EXPECTED,2027-02-28,TOEIC_SPEAKING,2027-04-26,ELIGIBLE,YES,COMPLETED,2026-10-28,2027-03-01,"{""degree"":""PASS"",""language"":""PASS"",""military"":""PASS"",""travel_visa"":""PASS""}",PASS,KIA-02-REPOST,PUBLIC_REPOSTED_SOURCE,SYNTHETIC_DATE_ADAPTATION,SYNTHETIC_HUMAN_SCENARIO
EL_APP0249,APP0249,C0249,MASTER,EXPECTED,2027-02-28,OPIC,2027-04-26,ELIGIBLE,YES,UNKNOWN,2026-10-28,2027-03-01,"{""degree"":""PASS"",""language"":""PASS"",""military"":""UNKNOWN"",""travel_visa"":""PASS""}",UNKNOWN,KIA-02-REPOST,PUBLIC_REPOSTED_SOURCE,SYNTHETIC_DATE_ADAPTATION,SYNTHETIC_HUMAN_SCENARIO
EL_APP0251,APP0251,C0251,OTHER,EXPECTED,2027-02-28,TOEIC_SPEAKING,2027-04-25,ELIGIBLE,YES,COMPLETED,2026-10-27,2027-03-01,"{""degree"":""FAIL"",""language"":""PASS"",""military"":""PASS"",""travel_visa"":""PASS""}",FAIL,KIA-02-REPOST,PUBLIC_REPOSTED_SOURCE,SYNTHETIC_DATE_ADAPTATION,SYNTHETIC_HUMAN_SCENARIO
EL_APP0253,APP0253,C0253,BACHELOR,GRADUATED,,OPIC,2027-04-27,ELIGIBLE,YES,UNKNOWN,2026-10-29,2027-03-01,"{""degree"":""PASS"",""language"":""PASS"",""military"":""UNKNOWN"",""travel_visa"":""PASS""}",UNKNOWN,KIA-02-REPOST,PUBLIC_REPOSTED_SOURCE,SYNTHETIC_DATE_ADAPTATION,SYNTHETIC_HUMAN_SCENARIO
EL_APP0254,APP0254,C0254,BACHELOR,EXPECTED,2027-02-28,OPIC,2027-05-03,ELIGIBLE,YES,UNKNOWN,2026-11-04,2027-03-01,"{""degree"":""PASS"",""language"":""PASS"",""military"":""UNKNOWN"",""travel_visa"":""PASS""}",UNKNOWN,KIA-02-REPOST,PUBLIC_REPOSTED_SOURCE,SYNTHETIC_DATE_ADAPTATION,SYNTHETIC_HUMAN_SCENARIO
EL_APP0255,APP0255,C0255,MASTER,EXPECTED,2027-02-28,TOEIC_SPEAKING,2027-04-28,ELIGIBLE,YES,COMPLETED,2026-10-30,2027-03-01,"{""degree"":""PASS"",""language"":""PASS"",""military"":""PASS"",""travel_visa"":""PASS""}",PASS,KIA-02-REPOST,PUBLIC_REPOSTED_SOURCE,SYNTHETIC_DATE_ADAPTATION,SYNTHETIC_HUMAN_SCENARIO
EL_APP0256,APP0256,C0256,OTHER,GRADUATED,,TOEIC_SPEAKING,2027-05-03,ELIGIBLE,YES,COMPLETED,2026-11-04,2027-03-01,"{""degree"":""FAIL"",""language"":""PASS"",""military"":""PASS"",""travel_visa"":""PASS""}",FAIL,KIA-02-REPOST,PUBLIC_REPOSTED_SOURCE,SYNTHETIC_DATE_ADAPTATION,SYNTHETIC_HUMAN_SCENARIO
EL_APP0257,APP0257,C0257,BACHELOR,EXPECTED,2027-02-28,TOEIC_SPEAKING,2027-04-27,ELIGIBLE,NO,NOT_APPLICABLE,2026-10-29,2027-03-01,"{""degree"":""PASS"",""language"":""PASS"",""military"":""NOT_APPLICABLE"",""travel_visa"":""PASS""}",PASS,KIA-02-REPOST,PUBLIC_REPOSTED_SOURCE,SYNTHETIC_DATE_ADAPTATION,SYNTHETIC_HUMAN_SCENARIO
EL_APP0258,APP0258,C0258,MASTER,GRADUATED,,OPIC,2027-04-28,ELIGIBLE,YES,UNKNOWN,2026-10-30,2027-03-01,"{""degree"":""PASS"",""language"":""PASS"",""military"":""UNKNOWN"",""travel_visa"":""PASS""}",UNKNOWN,KIA-02-REPOST,PUBLIC_REPOSTED_SOURCE,SYNTHETIC_DATE_ADAPTATION,SYNTHETIC_HUMAN_SCENARIO
EL_APP0262,APP0262,C0262,MASTER,EXPECTED,2027-02-28,TOEIC_SPEAKING,2027-05-03,ELIGIBLE,YES,COMPLETED,2026-11-04,2027-03-01,"{""degree"":""PASS"",""language"":""PASS"",""military"":""PASS"",""travel_visa"":""PASS""}",PASS,KIA-02-REPOST,PUBLIC_REPOSTED_SOURCE,SYNTHETIC_DATE_ADAPTATION,SYNTHETIC_HUMAN_SCENARIO
EL_APP0263,APP0263,C0263,BACHELOR,EXPECTED,2027-02-28,TOEIC_SPEAKING,2027-04-26,INELIGIBLE,NO,NOT_APPLICABLE,2026-10-28,2027-03-01,"{""degree"":""PASS"",""language"":""PASS"",""military"":""NOT_APPLICABLE"",""travel_visa"":""FAIL""}",FAIL,KIA-02-REPOST,PUBLIC_REPOSTED_SOURCE,SYNTHETIC_DATE_ADAPTATION,SYNTHETIC_HUMAN_SCENARIO
EL_APP0264,APP0264,C0264,BACHELOR,EXPECTED,2027-02-28,TOEIC_SPEAKING,2027-04-28,ELIGIBLE,NO,NOT_APPLICABLE,2026-10-30,2027-03-01,"{""degree"":""PASS"",""language"":""PASS"",""military"":""NOT_APPLICABLE"",""travel_visa"":""PASS""}",PASS,KIA-02-REPOST,PUBLIC_REPOSTED_SOURCE,SYNTHETIC_DATE_ADAPTATION,SYNTHETIC_HUMAN_SCENARIO
EL_APP0265,APP0265,C0265,MASTER,EXPECTED,2027-02-28,TOEIC_SPEAKING,2027-04-29,ELIGIBLE,YES,COMPLETED,2026-10-31,2027-03-01,"{""degree"":""PASS"",""language"":""PASS"",""military"":""PASS"",""travel_visa"":""PASS""}",PASS,KIA-02-REPOST,PUBLIC_REPOSTED_SOURCE,SYNTHETIC_DATE_ADAPTATION,SYNTHETIC_HUMAN_SCENARIO
EL_APP0267,APP0267,C0267,BACHELOR,EXPECTED,2027-02-28,TOEIC_SPEAKING,2027-04-27,ELIGIBLE,NO,NOT_APPLICABLE,2026-10-29,2027-03-01,"{""degree"":""PASS"",""language"":""PASS"",""military"":""NOT_APPLICABLE"",""travel_visa"":""PASS""}",PASS,KIA-02-REPOST,PUBLIC_REPOSTED_SOURCE,SYNTHETIC_DATE_ADAPTATION,SYNTHETIC_HUMAN_SCENARIO
EL_APP0268,APP0268,C0268,MASTER,EXPECTED,2027-02-28,OPIC,2027-04-28,ELIGIBLE,YES,UNKNOWN,2026-10-30,2027-03-01,"{""degree"":""PASS"",""language"":""PASS"",""military"":""UNKNOWN"",""travel_visa"":""PASS""}",UNKNOWN,KIA-02-REPOST,PUBLIC_REPOSTED_SOURCE,SYNTHETIC_DATE_ADAPTATION,SYNTHETIC_HUMAN_SCENARIO
EL_APP0269,APP0269,C0269,MASTER,EXPECTED,2027-02-28,OPIC,2027-04-29,UNKNOWN,NO,NOT_APPLICABLE,2026-10-31,2027-03-01,"{""degree"":""PASS"",""language"":""PASS"",""military"":""NOT_APPLICABLE"",""travel_visa"":""UNKNOWN""}",UNKNOWN,KIA-02-REPOST,PUBLIC_REPOSTED_SOURCE,SYNTHETIC_DATE_ADAPTATION,SYNTHETIC_HUMAN_SCENARIO
EL_APP0270,APP0270,C0270,BACHELOR,GRADUATED,,TOEIC_SPEAKING,2027-05-01,ELIGIBLE,NO,NOT_APPLICABLE,2026-11-02,2027-03-01,"{""degree"":""PASS"",""language"":""PASS"",""military"":""NOT_APPLICABLE"",""travel_visa"":""PASS""}",PASS,KIA-02-REPOST,PUBLIC_REPOSTED_SOURCE,SYNTHETIC_DATE_ADAPTATION,SYNTHETIC_HUMAN_SCENARIO
EL_APP0272,APP0272,C0272,MASTER,GRADUATED,,OPIC,2026-11-01,ELIGIBLE,NO,NOT_APPLICABLE,2026-11-02,2027-03-01,"{""degree"":""PASS"",""language"":""FAIL"",""military"":""NOT_APPLICABLE"",""travel_visa"":""PASS""}",FAIL,KIA-02-REPOST,PUBLIC_REPOSTED_SOURCE,SYNTHETIC_DATE_ADAPTATION,SYNTHETIC_HUMAN_SCENARIO
EL_APP0273,APP0273,C0273,BACHELOR,EXPECTED,2027-02-28,OPIC,2027-04-29,ELIGIBLE,YES,UNKNOWN,2026-10-31,2027-03-01,"{""degree"":""PASS"",""language"":""PASS"",""military"":""UNKNOWN"",""travel_visa"":""PASS""}",UNKNOWN,KIA-02-REPOST,PUBLIC_REPOSTED_SOURCE,SYNTHETIC_DATE_ADAPTATION,SYNTHETIC_HUMAN_SCENARIO
EL_APP0274,APP0274,C0274,BACHELOR,EXPECTED,2027-02-28,TOEIC_SPEAKING,2027-04-29,UNKNOWN,YES,COMPLETED,2026-10-31,2027-03-01,"{""degree"":""PASS"",""language"":""PASS"",""military"":""PASS"",""travel_visa"":""UNKNOWN""}",UNKNOWN,KIA-02-REPOST,PUBLIC_REPOSTED_SOURCE,SYNTHETIC_DATE_ADAPTATION,SYNTHETIC_HUMAN_SCENARIO
EL_APP0275,APP0275,C0275,BACHELOR,EXPECTED,2027-02-28,OPIC,2027-04-29,INELIGIBLE,YES,COMPLETED,2026-10-31,2027-03-01,"{""degree"":""PASS"",""language"":""PASS"",""military"":""PASS"",""travel_visa"":""FAIL""}",FAIL,KIA-02-REPOST,PUBLIC_REPOSTED_SOURCE,SYNTHETIC_DATE_ADAPTATION,SYNTHETIC_HUMAN_SCENARIO
EL_APP0276,APP0276,C0276,BACHELOR,GRADUATED,,TOEIC_SPEAKING,2027-04-28,UNKNOWN,YES,COMPLETED,2026-10-30,2027-03-01,"{""degree"":""PASS"",""language"":""PASS"",""military"":""PASS"",""travel_visa"":""UNKNOWN""}",UNKNOWN,KIA-02-REPOST,PUBLIC_REPOSTED_SOURCE,SYNTHETIC_DATE_ADAPTATION,SYNTHETIC_HUMAN_SCENARIO
EL_APP0278,APP0278,C0278,OTHER,EXPECTED,2027-02-28,OPIC,2027-04-27,ELIGIBLE,NO,NOT_APPLICABLE,2026-10-29,2027-03-01,"{""degree"":""FAIL"",""language"":""PASS"",""military"":""NOT_APPLICABLE"",""travel_visa"":""PASS""}",FAIL,KIA-02-REPOST,PUBLIC_REPOSTED_SOURCE,SYNTHETIC_DATE_ADAPTATION,SYNTHETIC_HUMAN_SCENARIO
EL_APP0279,APP0279,C0279,BACHELOR,EXPECTED,2027-02-28,OPIC,2027-05-04,UNKNOWN,YES,COMPLETED,2026-11-05,2027-03-01,"{""degree"":""PASS"",""language"":""PASS"",""military"":""PASS"",""travel_visa"":""UNKNOWN""}",UNKNOWN,KIA-02-REPOST,PUBLIC_REPOSTED_SOURCE,SYNTHETIC_DATE_ADAPTATION,SYNTHETIC_HUMAN_SCENARIO
EL_APP0285,APP0285,C0285,MASTER,GRADUATED,,OPIC,2027-04-30,ELIGIBLE,YES,UNKNOWN,2026-11-01,2027-03-01,"{""degree"":""PASS"",""language"":""PASS"",""military"":""UNKNOWN"",""travel_visa"":""PASS""}",UNKNOWN,KIA-02-REPOST,PUBLIC_REPOSTED_SOURCE,SYNTHETIC_DATE_ADAPTATION,SYNTHETIC_HUMAN_SCENARIO
EL_APP0286,APP0286,C0286,UNKNOWN,GRADUATED,,TOEIC_SPEAKING,2027-04-29,ELIGIBLE,YES,COMPLETED,2026-10-31,2027-03-01,"{""degree"":""UNKNOWN"",""language"":""PASS"",""military"":""PASS"",""travel_visa"":""PASS""}",UNKNOWN,KIA-02-REPOST,PUBLIC_REPOSTED_SOURCE,SYNTHETIC_DATE_ADAPTATION,SYNTHETIC_HUMAN_SCENARIO
EL_APP0288,APP0288,C0288,MASTER,EXPECTED,2027-02-28,OPIC,2027-04-29,ELIGIBLE,YES,NOT_COMPLETED,2026-10-31,2027-03-01,"{""degree"":""PASS"",""language"":""PASS"",""military"":""FAIL"",""travel_visa"":""PASS""}",FAIL,KIA-02-REPOST,PUBLIC_REPOSTED_SOURCE,SYNTHETIC_DATE_ADAPTATION,SYNTHETIC_HUMAN_SCENARIO
EL_APP0289,APP0289,C0289,BACHELOR,GRADUATED,,TOEIC_SPEAKING,2027-05-05,UNKNOWN,NO,NOT_APPLICABLE,2026-11-06,2027-03-01,"{""degree"":""PASS"",""language"":""PASS"",""military"":""NOT_APPLICABLE"",""travel_visa"":""UNKNOWN""}",UNKNOWN,KIA-02-REPOST,PUBLIC_REPOSTED_SOURCE,SYNTHETIC_DATE_ADAPTATION,SYNTHETIC_HUMAN_SCENARIO
EL_APP0292,APP0292,C0292,BACHELOR,EXPECTED,2027-02-28,TOEIC_SPEAKING,2027-04-29,ELIGIBLE,NO,NOT_APPLICABLE,2026-10-31,2027-03-01,"{""degree"":""PASS"",""language"":""PASS"",""military"":""NOT_APPLICABLE"",""travel_visa"":""PASS""}",PASS,KIA-02-REPOST,PUBLIC_REPOSTED_SOURCE,SYNTHETIC_DATE_ADAPTATION,SYNTHETIC_HUMAN_SCENARIO
EL_APP0294,APP0294,C0294,MASTER,GRADUATED,,TOEIC_SPEAKING,2026-10-30,ELIGIBLE,NO,NOT_APPLICABLE,2026-10-31,2027-03-01,"{""degree"":""PASS"",""language"":""FAIL"",""military"":""NOT_APPLICABLE"",""travel_visa"":""PASS""}",FAIL,KIA-02-REPOST,PUBLIC_REPOSTED_SOURCE,SYNTHETIC_DATE_ADAPTATION,SYNTHETIC_HUMAN_SCENARIO
EL_APP0295,APP0295,C0295,OTHER,GRADUATED,,OPIC,2027-04-30,ELIGIBLE,NO,NOT_APPLICABLE,2026-11-01,2027-03-01,"{""degree"":""FAIL"",""language"":""PASS"",""military"":""NOT_APPLICABLE"",""travel_visa"":""PASS""}",FAIL,KIA-02-REPOST,PUBLIC_REPOSTED_SOURCE,SYNTHETIC_DATE_ADAPTATION,SYNTHETIC_HUMAN_SCENARIO
EL_APP0296,APP0296,C0296,BACHELOR,GRADUATED,,TOEIC_SPEAKING,2027-04-30,UNKNOWN,YES,COMPLETED,2026-11-01,2027-03-01,"{""degree"":""PASS"",""language"":""PASS"",""military"":""PASS"",""travel_visa"":""UNKNOWN""}",UNKNOWN,KIA-02-REPOST,PUBLIC_REPOSTED_SOURCE,SYNTHETIC_DATE_ADAPTATION,SYNTHETIC_HUMAN_SCENARIO
EL_APP0297,APP0297,C0297,UNKNOWN,GRADUATED,,OPIC,2027-04-28,ELIGIBLE,NO,NOT_APPLICABLE,2026-10-30,2027-03-01,"{""degree"":""UNKNOWN"",""language"":""PASS"",""military"":""NOT_APPLICABLE"",""travel_visa"":""PASS""}",UNKNOWN,KIA-02-REPOST,PUBLIC_REPOSTED_SOURCE,SYNTHETIC_DATE_ADAPTATION,SYNTHETIC_HUMAN_SCENARIO
EL_APP0299,APP0299,C0299,UNKNOWN,GRADUATED,,OPIC,2027-04-29,ELIGIBLE,YES,COMPLETED,2026-10-31,2027-03-01,"{""degree"":""UNKNOWN"",""language"":""PASS"",""military"":""PASS"",""travel_visa"":""PASS""}",UNKNOWN,KIA-02-REPOST,PUBLIC_REPOSTED_SOURCE,SYNTHETIC_DATE_ADAPTATION,SYNTHETIC_HUMAN_SCENARIO
EL_APP0300,APP0300,C0300,MASTER,EXPECTED,2027-02-28,TOEIC_SPEAKING,2027-05-03,UNKNOWN,YES,COMPLETED,2026-11-04,2027-03-01,"{""degree"":""PASS"",""language"":""PASS"",""military"":""PASS"",""travel_visa"":""UNKNOWN""}",UNKNOWN,KIA-02-REPOST,PUBLIC_REPOSTED_SOURCE,SYNTHETIC_DATE_ADAPTATION,SYNTHETIC_HUMAN_SCENARIO
EL_APP0301,APP0301,C0301,MASTER,EXPECTED,2027-02-28,TOEIC_SPEAKING,2027-04-29,UNKNOWN,NO,NOT_APPLICABLE,2026-10-31,2027-03-01,"{""degree"":""PASS"",""language"":""PASS"",""military"":""NOT_APPLICABLE"",""travel_visa"":""UNKNOWN""}",UNKNOWN,KIA-02-REPOST,PUBLIC_REPOSTED_SOURCE,SYNTHETIC_DATE_ADAPTATION,SYNTHETIC_HUMAN_SCENARIO
EL_APP0302,APP0302,C0302,MASTER,EXPECTED,2027-02-28,TOEIC_SPEAKING,2026-11-01,ELIGIBLE,YES,COMPLETED,2026-11-02,2027-03-01,"{""degree"":""PASS"",""language"":""FAIL"",""military"":""PASS"",""travel_visa"":""PASS""}",FAIL,KIA-02-REPOST,PUBLIC_REPOSTED_SOURCE,SYNTHETIC_DATE_ADAPTATION,SYNTHETIC_HUMAN_SCENARIO
EL_APP0305,APP0305,C0305,BACHELOR,GRADUATED,,TOEIC_SPEAKING,2026-10-30,ELIGIBLE,YES,COMPLETED,2026-10-31,2027-03-01,"{""degree"":""PASS"",""language"":""FAIL"",""military"":""PASS"",""travel_visa"":""PASS""}",FAIL,KIA-02-REPOST,PUBLIC_REPOSTED_SOURCE,SYNTHETIC_DATE_ADAPTATION,SYNTHETIC_HUMAN_SCENARIO
EL_APP0307,APP0307,C0307,MASTER,EXPECTED,2027-02-28,TOEIC_SPEAKING,2027-05-01,ELIGIBLE,YES,NOT_COMPLETED,2026-11-02,2027-03-01,"{""degree"":""PASS"",""language"":""PASS"",""military"":""FAIL"",""travel_visa"":""PASS""}",FAIL,KIA-02-REPOST,PUBLIC_REPOSTED_SOURCE,SYNTHETIC_DATE_ADAPTATION,SYNTHETIC_HUMAN_SCENARIO
EL_APP0309,APP0309,C0309,MASTER,GRADUATED,,OPIC,2027-05-06,UNKNOWN,YES,COMPLETED,2026-11-07,2027-03-01,"{""degree"":""PASS"",""language"":""PASS"",""military"":""PASS"",""travel_visa"":""UNKNOWN""}",UNKNOWN,KIA-02-REPOST,PUBLIC_REPOSTED_SOURCE,SYNTHETIC_DATE_ADAPTATION,SYNTHETIC_HUMAN_SCENARIO
EL_APP0310,APP0310,C0310,BACHELOR,GRADUATED,,OPIC,2027-05-03,ELIGIBLE,NO,NOT_APPLICABLE,2026-11-04,2027-03-01,"{""degree"":""PASS"",""language"":""PASS"",""military"":""NOT_APPLICABLE"",""travel_visa"":""PASS""}",PASS,KIA-02-REPOST,PUBLIC_REPOSTED_SOURCE,SYNTHETIC_DATE_ADAPTATION,SYNTHETIC_HUMAN_SCENARIO
EL_APP0313,APP0313,C0313,MASTER,EXPECTED,2027-02-28,TOEIC_SPEAKING,2026-11-07,ELIGIBLE,NO,NOT_APPLICABLE,2026-11-08,2027-03-01,"{""degree"":""PASS"",""language"":""FAIL"",""military"":""NOT_APPLICABLE"",""travel_visa"":""PASS""}",FAIL,KIA-02-REPOST,PUBLIC_REPOSTED_SOURCE,SYNTHETIC_DATE_ADAPTATION,SYNTHETIC_HUMAN_SCENARIO
EL_APP0314,APP0314,C0314,BACHELOR,GRADUATED,,OPIC,2027-04-30,ELIGIBLE,NO,NOT_APPLICABLE,2026-11-01,2027-03-01,"{""degree"":""PASS"",""language"":""PASS"",""military"":""NOT_APPLICABLE"",""travel_visa"":""PASS""}",PASS,KIA-02-REPOST,PUBLIC_REPOSTED_SOURCE,SYNTHETIC_DATE_ADAPTATION,SYNTHETIC_HUMAN_SCENARIO
EL_APP0318,APP0318,C0318,MASTER,GRADUATED,,OPIC,2027-05-04,ELIGIBLE,YES,COMPLETED,2026-11-05,2027-03-01,"{""degree"":""PASS"",""language"":""PASS"",""military"":""PASS"",""travel_visa"":""PASS""}",PASS,KIA-02-REPOST,PUBLIC_REPOSTED_SOURCE,SYNTHETIC_DATE_ADAPTATION,SYNTHETIC_HUMAN_SCENARIO
EL_APP0319,APP0319,C0319,MASTER,GRADUATED,,OPIC,2027-05-04,ELIGIBLE,YES,UNKNOWN,2026-11-05,2027-03-01,"{""degree"":""PASS"",""language"":""PASS"",""military"":""UNKNOWN"",""travel_visa"":""PASS""}",UNKNOWN,KIA-02-REPOST,PUBLIC_REPOSTED_SOURCE,SYNTHETIC_DATE_ADAPTATION,SYNTHETIC_HUMAN_SCENARIO
EL_APP0320,APP0320,C0320,UNKNOWN,GRADUATED,,OPIC,2027-04-30,ELIGIBLE,NO,NOT_APPLICABLE,2026-11-01,2027-03-01,"{""degree"":""UNKNOWN"",""language"":""PASS"",""military"":""NOT_APPLICABLE"",""travel_visa"":""PASS""}",UNKNOWN,KIA-02-REPOST,PUBLIC_REPOSTED_SOURCE,SYNTHETIC_DATE_ADAPTATION,SYNTHETIC_HUMAN_SCENARIO
EL_APP0322,APP0322,C0322,MASTER,EXPECTED,2027-02-28,TOEIC_SPEAKING,2027-05-04,INELIGIBLE,NO,NOT_APPLICABLE,2026-11-05,2027-03-01,"{""degree"":""PASS"",""language"":""PASS"",""military"":""NOT_APPLICABLE"",""travel_visa"":""FAIL""}",FAIL,KIA-02-REPOST,PUBLIC_REPOSTED_SOURCE,SYNTHETIC_DATE_ADAPTATION,SYNTHETIC_HUMAN_SCENARIO
EL_APP0324,APP0324,C0324,BACHELOR,GRADUATED,,OPIC,2027-04-30,ELIGIBLE,YES,UNKNOWN,2026-11-01,2027-03-01,"{""degree"":""PASS"",""language"":""PASS"",""military"":""UNKNOWN"",""travel_visa"":""PASS""}",UNKNOWN,KIA-02-REPOST,PUBLIC_REPOSTED_SOURCE,SYNTHETIC_DATE_ADAPTATION,SYNTHETIC_HUMAN_SCENARIO
EL_APP0325,APP0325,C0325,MASTER,GRADUATED,,TOEIC_SPEAKING,2027-04-30,ELIGIBLE,NO,NOT_APPLICABLE,2026-11-01,2027-03-01,"{""degree"":""PASS"",""language"":""PASS"",""military"":""NOT_APPLICABLE"",""travel_visa"":""PASS""}",PASS,KIA-02-REPOST,PUBLIC_REPOSTED_SOURCE,SYNTHETIC_DATE_ADAPTATION,SYNTHETIC_HUMAN_SCENARIO
EL_APP0326,APP0326,C0326,UNKNOWN,EXPECTED,2027-02-28,OPIC,2027-05-07,ELIGIBLE,NO,NOT_APPLICABLE,2026-11-08,2027-03-01,"{""degree"":""UNKNOWN"",""language"":""PASS"",""military"":""NOT_APPLICABLE"",""travel_visa"":""PASS""}",UNKNOWN,KIA-02-REPOST,PUBLIC_REPOSTED_SOURCE,SYNTHETIC_DATE_ADAPTATION,SYNTHETIC_HUMAN_SCENARIO
EL_APP0327,APP0327,C0327,MASTER,EXPECTED,2027-02-28,OPIC,2027-05-04,ELIGIBLE,YES,NOT_COMPLETED,2026-11-05,2027-03-01,"{""degree"":""PASS"",""language"":""PASS"",""military"":""FAIL"",""travel_visa"":""PASS""}",FAIL,KIA-02-REPOST,PUBLIC_REPOSTED_SOURCE,SYNTHETIC_DATE_ADAPTATION,SYNTHETIC_HUMAN_SCENARIO
EL_APP0330,APP0330,C0330,BACHELOR,EXPECTED,2027-02-28,TOEIC_SPEAKING,2027-05-02,INELIGIBLE,YES,COMPLETED,2026-11-03,2027-03-01,"{""degree"":""PASS"",""language"":""PASS"",""military"":""PASS"",""travel_visa"":""FAIL""}",FAIL,KIA-02-REPOST,PUBLIC_REPOSTED_SOURCE,SYNTHETIC_DATE_ADAPTATION,SYNTHETIC_HUMAN_SCENARIO
EL_APP0331,APP0331,C0331,MASTER,GRADUATED,,OPIC,2027-05-05,ELIGIBLE,NO,NOT_APPLICABLE,2026-11-06,2027-03-01,"{""degree"":""PASS"",""language"":""PASS"",""military"":""NOT_APPLICABLE"",""travel_visa"":""PASS""}",PASS,KIA-02-REPOST,PUBLIC_REPOSTED_SOURCE,SYNTHETIC_DATE_ADAPTATION,SYNTHETIC_HUMAN_SCENARIO
EL_APP0332,APP0332,C0332,MASTER,EXPECTED,2027-02-28,OPIC,2027-05-01,INELIGIBLE,NO,NOT_APPLICABLE,2026-11-02,2027-03-01,"{""degree"":""PASS"",""language"":""PASS"",""military"":""NOT_APPLICABLE"",""travel_visa"":""FAIL""}",FAIL,KIA-02-REPOST,PUBLIC_REPOSTED_SOURCE,SYNTHETIC_DATE_ADAPTATION,SYNTHETIC_HUMAN_SCENARIO
EL_APP0334,APP0334,C0334,BACHELOR,GRADUATED,,TOEIC_SPEAKING,2027-05-08,UNKNOWN,NO,NOT_APPLICABLE,2026-11-09,2027-03-01,"{""degree"":""PASS"",""language"":""PASS"",""military"":""NOT_APPLICABLE"",""travel_visa"":""UNKNOWN""}",UNKNOWN,KIA-02-REPOST,PUBLIC_REPOSTED_SOURCE,SYNTHETIC_DATE_ADAPTATION,SYNTHETIC_HUMAN_SCENARIO
EL_APP0335,APP0335,C0335,OTHER,GRADUATED,,OPIC,2027-05-02,ELIGIBLE,NO,NOT_APPLICABLE,2026-11-03,2027-03-01,"{""degree"":""FAIL"",""language"":""PASS"",""military"":""NOT_APPLICABLE"",""travel_visa"":""PASS""}",FAIL,KIA-02-REPOST,PUBLIC_REPOSTED_SOURCE,SYNTHETIC_DATE_ADAPTATION,SYNTHETIC_HUMAN_SCENARIO
EL_APP0336,APP0336,C0336,UNKNOWN,EXPECTED,2027-02-28,TOEIC_SPEAKING,2027-05-08,ELIGIBLE,NO,NOT_APPLICABLE,2026-11-09,2027-03-01,"{""degree"":""UNKNOWN"",""language"":""PASS"",""military"":""NOT_APPLICABLE"",""travel_visa"":""PASS""}",UNKNOWN,KIA-02-REPOST,PUBLIC_REPOSTED_SOURCE,SYNTHETIC_DATE_ADAPTATION,SYNTHETIC_HUMAN_SCENARIO
EL_APP0337,APP0337,C0337,BACHELOR,GRADUATED,,OPIC,2027-05-01,UNKNOWN,YES,COMPLETED,2026-11-02,2027-03-01,"{""degree"":""PASS"",""language"":""PASS"",""military"":""PASS"",""travel_visa"":""UNKNOWN""}",UNKNOWN,KIA-02-REPOST,PUBLIC_REPOSTED_SOURCE,SYNTHETIC_DATE_ADAPTATION,SYNTHETIC_HUMAN_SCENARIO
EL_APP0338,APP0338,C0338,MASTER,GRADUATED,,TOEIC_SPEAKING,2027-05-01,UNKNOWN,YES,COMPLETED,2026-11-02,2027-03-01,"{""degree"":""PASS"",""language"":""PASS"",""military"":""PASS"",""travel_visa"":""UNKNOWN""}",UNKNOWN,KIA-02-REPOST,PUBLIC_REPOSTED_SOURCE,SYNTHETIC_DATE_ADAPTATION,SYNTHETIC_HUMAN_SCENARIO
EL_APP0342,APP0342,C0342,BACHELOR,GRADUATED,,OPIC,2027-05-01,ELIGIBLE,NO,NOT_APPLICABLE,2026-11-02,2027-03-01,"{""degree"":""PASS"",""language"":""PASS"",""military"":""NOT_APPLICABLE"",""travel_visa"":""PASS""}",PASS,KIA-02-REPOST,PUBLIC_REPOSTED_SOURCE,SYNTHETIC_DATE_ADAPTATION,SYNTHETIC_HUMAN_SCENARIO
