application_id,candidate_id,job_id,source_channel,started_at,submitted_at,application_status
APP0001,C0001,M1_ML_ENGINEER,CAMPUS,2026-10-12T09:25:00+09:00,,ABANDONED
APP0002,C0002,M1_ML_ENGINEER,RECRUITING_EVENT,2026-10-12T16:28:00+09:00,2026-10-20T16:28:00+09:00,SUBMITTED
APP0003,C0003,M1_ML_ENGINEER,CAMPUS,2026-10-12T13:43:00+09:00,2026-10-20T13:43:00+09:00,SUBMITTED
APP0004,C0004,M1_ML_ENGINEER,RECRUITING_EVENT,2026-10-12T15:40:00+09:00,2026-10-20T15:40:00+09:00,SUBMITTED
APP0005,C0005,M1_ML_ENGINEER,RECRUITING_EVENT,2026-10-12T14:26:00+09:00,2026-10-20T14:26:00+09:00,SUBMITTED
APP0006,C0006,M1_ML_ENGINEER,TECH_COMMUNITY,2026-10-12T09:25:00+09:00,2026-10-17T09:25:00+09:00,SUBMITTED
APP0007,C0007,M1_ML_ENGINEER,CAREER_SITE,2026-10-12T16:46:00+09:00,2026-10-20T16:46:00+09:00,SUBMITTED
APP0008,C0008,M1_ML_ENGINEER,TECH_COMMUNITY,2026-10-12T10:22:00+09:00,2026-10-14T10:22:00+09:00,SUBMITTED
APP0009,C0009,M1_ML_ENGINEER,CAMPUS,2026-10-12T10:49:00+09:00,2026-10-13T10:49:00+09:00,SUBMITTED
APP0010,C0010,M1_ML_ENGINEER,TECH_COMMUNITY,2026-10-12T09:46:00+09:00,2026-10-13T09:46:00+09:00,SUBMITTED
APP0011,C0011,M1_ML_ENGINEER,CAREER_SITE,2026-10-12T10:07:00+09:00,,ABANDONED
APP0012,C0012,M1_ML_ENGINEER,TECH_COMMUNITY,2026-10-12T09:45:00+09:00,2026-10-17T09:45:00+09:00,SUBMITTED
APP0013,C0013,M1_ML_ENGINEER,CAREER_SITE,2026-10-12T11:29:00+09:00,2026-10-13T11:29:00+09:00,SUBMITTED
APP0014,C0014,M1_ML_ENGINEER,TECH_COMMUNITY,2026-10-13T13:47:00+09:00,2026-10-16T13:47:00+09:00,SUBMITTED
APP0015,C0015,M1_ML_ENGINEER,CAREER_SITE,2026-10-13T12:50:00+09:00,,STARTED
APP0016,C0016,M1_ML_ENGINEER,CAREER_SITE,2026-10-13T09:51:00+09:00,,STARTED
APP0017,C0017,M1_ML_ENGINEER,CAMPUS,2026-10-13T14:21:00+09:00,,ABANDONED
APP0018,C0018,M1_ML_ENGINEER,RECRUITING_EVENT,2026-10-13T14:38:00+09:00,2026-10-14T14:38:00+09:00,SUBMITTED
APP0019,C0019,M1_ML_ENGINEER,CAREER_SITE,2026-10-13T12:06:00+09:00,,ABANDONED
APP0020,C0020,M1_ML_ENGINEER,CAREER_SITE,2026-10-13T12:49:00+09:00,2026-10-14T12:49:00+09:00,SUBMITTED
APP0021,C0021,M1_ML_ENGINEER,CAMPUS,2026-10-13T12:51:00+09:00,2026-10-16T12:51:00+09:00,SUBMITTED
APP0022,C0022,M1_ML_ENGINEER,RECRUITING_EVENT,2026-10-13T12:29:00+09:00,2026-10-15T12:29:00+09:00,SUBMITTED
APP0023,C0023,M1_ML_ENGINEER,TECH_COMMUNITY,2026-10-13T12:13:00+09:00,,ABANDONED
APP0024,C0024,M1_ML_ENGINEER,CAMPUS,2026-10-13T13:29:00+09:00,2026-10-18T13:29:00+09:00,SUBMITTED
APP0025,C0025,M1_ML_ENGINEER,CAMPUS,2026-10-13T15:42:00+09:00,2026-10-14T15:42:00+09:00,SUBMITTED
APP0026,C0026,M1_ML_ENGINEER,CAREER_SITE,2026-10-13T13:47:00+09:00,2026-10-18T13:47:00+09:00,SUBMITTED
APP0027,C0027,M1_ML_ENGINEER,CAREER_SITE,2026-10-13T14:27:00+09:00,2026-10-14T14:27:00+09:00,SUBMITTED
APP0028,C0028,M1_ML_ENGINEER,CAREER_SITE,2026-10-13T09:17:00+09:00,,ABANDONED
APP0029,C0029,M1_ML_ENGINEER,TECH_COMMUNITY,2026-10-13T10:39:00+09:00,2026-10-18T10:39:00+09:00,SUBMITTED
APP0030,C0030,M1_ML_ENGINEER,CAREER_SITE,2026-10-13T12:35:00+09:00,2026-10-15T12:35:00+09:00,SUBMITTED
APP0031,C0031,M1_ML_ENGINEER,CAREER_SITE,2026-10-13T16:31:00+09:00,2026-10-15T16:31:00+09:00,SUBMITTED
APP0032,C0032,M1_ML_ENGINEER,RECRUITING_EVENT,2026-10-13T12:51:00+09:00,,ABANDONED
APP0033,C0033,M1_ML_ENGINEER,RECRUITING_EVENT,2026-10-13T13:02:00+09:00,2026-10-15T13:02:00+09:00,SUBMITTED
APP0034,C0034,M1_ML_ENGINEER,CAMPUS,2026-10-14T16:52:00+09:00,2026-10-16T16:52:00+09:00,SUBMITTED
APP0035,C0035,M1_ML_ENGINEER,CAREER_SITE,2026-10-14T15:46:00+09:00,2026-10-17T15:46:00+09:00,SUBMITTED
APP0036,C0036,M1_ML_ENGINEER,CAMPUS,2026-10-14T09:10:00+09:00,,ABANDONED
APP0037,C0037,M1_ML_ENGINEER,TECH_COMMUNITY,2026-10-14T15:49:00+09:00,2026-10-22T15:49:00+09:00,SUBMITTED
APP0038,C0038,M1_ML_ENGINEER,CAREER_SITE,2026-10-14T15:07:00+09:00,2026-10-22T15:07:00+09:00,SUBMITTED
APP0039,C0039,M1_ML_ENGINEER,TECH_COMMUNITY,2026-10-14T15:22:00+09:00,2026-10-22T15:22:00+09:00,SUBMITTED
APP0040,C0040,M1_ML_ENGINEER,TECH_COMMUNITY,2026-10-14T11:31:00+09:00,2026-10-19T11:31:00+09:00,SUBMITTED
APP0041,C0041,M1_ML_ENGINEER,CAMPUS,2026-10-14T15:59:00+09:00,2026-10-16T15:59:00+09:00,SUBMITTED
APP0042,C0042,M1_ML_ENGINEER,CAREER_SITE,2026-10-14T15:08:00+09:00,2026-10-19T15:08:00+09:00,SUBMITTED
APP0043,C0043,M1_ML_ENGINEER,RECRUITING_EVENT,2026-10-14T11:43:00+09:00,2026-10-17T11:43:00+09:00,SUBMITTED
APP0044,C0044,M1_ML_ENGINEER,RECRUITING_EVENT,2026-10-14T11:04:00+09:00,2026-10-22T11:04:00+09:00,SUBMITTED
APP0045,C0045,M1_ML_ENGINEER,CAMPUS,2026-10-14T14:33:00+09:00,2026-10-17T14:33:00+09:00,SUBMITTED
APP0046,C0046,M1_ML_ENGINEER,TECH_COMMUNITY,2026-10-14T15:34:00+09:00,2026-10-15T15:34:00+09:00,SUBMITTED
APP0047,C0047,M1_ML_ENGINEER,TECH_COMMUNITY,2026-10-14T10:44:00+09:00,,ABANDONED
APP0048,C0048,M1_ML_ENGINEER,CAREER_SITE,2026-10-14T12:02:00+09:00,2026-10-17T12:02:00+09:00,SUBMITTED
APP0049,C0049,M1_ML_ENGINEER,RECRUITING_EVENT,2026-10-14T16:03:00+09:00,2026-10-19T16:03:00+09:00,SUBMITTED
APP0050,C0050,M1_ML_ENGINEER,CAMPUS,2026-10-15T09:06:00+09:00,2026-10-20T09:06:00+09:00,SUBMITTED
APP0051,C0051,M1_ML_ENGINEER,TECH_COMMUNITY,2026-10-15T12:01:00+09:00,2026-10-16T12:01:00+09:00,SUBMITTED
APP0052,C0052,M1_ML_ENGINEER,TECH_COMMUNITY,2026-10-15T12:55:00+09:00,2026-10-23T12:55:00+09:00,SUBMITTED
APP0053,C0053,M1_ML_ENGINEER,CAMPUS,2026-10-15T09:03:00+09:00,2026-10-18T09:03:00+09:00,SUBMITTED
APP0054,C0054,M1_ML_ENGINEER,CAMPUS,2026-10-15T11:37:00+09:00,,ABANDONED
APP0055,C0055,M1_ML_ENGINEER,CAMPUS,2026-10-15T12:07:00+09:00,,STARTED
APP0056,C0056,M1_ML_ENGINEER,TECH_COMMUNITY,2026-10-15T10:32:00+09:00,2026-10-17T10:32:00+09:00,SUBMITTED
APP0057,C0057,M1_ML_ENGINEER,CAMPUS,2026-10-15T11:16:00+09:00,2026-10-20T11:16:00+09:00,SUBMITTED
APP0058,C0058,M1_ML_ENGINEER,CAMPUS,2026-10-15T14:11:00+09:00,2026-10-17T14:11:00+09:00,SUBMITTED
APP0059,C0059,M1_ML_ENGINEER,RECRUITING_EVENT,2026-10-15T11:48:00+09:00,2026-10-18T11:48:00+09:00,SUBMITTED
APP0060,C0060,M1_ML_ENGINEER,TECH_COMMUNITY,2026-10-15T14:07:00+09:00,,ABANDONED
APP0061,C0061,M1_ML_ENGINEER,TECH_COMMUNITY,2026-10-15T10:08:00+09:00,2026-10-20T10:08:00+09:00,SUBMITTED
APP0062,C0062,M1_ML_ENGINEER,CAMPUS,2026-10-15T09:09:00+09:00,2026-10-17T09:09:00+09:00,SUBMITTED
APP0063,C0063,M1_ML_ENGINEER,TECH_COMMUNITY,2026-10-15T12:24:00+09:00,2026-10-20T12:24:00+09:00,SUBMITTED
APP0064,C0064,M1_ML_ENGINEER,CAMPUS,2026-10-15T12:45:00+09:00,2026-10-23T12:45:00+09:00,SUBMITTED
APP0065,C0065,M1_ML_ENGINEER,TECH_COMMUNITY,2026-10-15T10:00:00+09:00,,STARTED
APP0066,C0066,M1_ML_ENGINEER,RECRUITING_EVENT,2026-10-15T16:45:00+09:00,2026-10-23T16:45:00+09:00,SUBMITTED
APP0067,C0067,M1_ML_ENGINEER,CAMPUS,2026-10-15T09:28:00+09:00,2026-10-23T09:28:00+09:00,SUBMITTED
APP0068,C0068,M1_ML_ENGINEER,TECH_COMMUNITY,2026-10-15T11:33:00+09:00,2026-10-17T11:33:00+09:00,SUBMITTED
APP0069,C0069,M1_ML_ENGINEER,RECRUITING_EVENT,2026-10-15T15:27:00+09:00,,STARTED
APP0070,C0070,M1_ML_ENGINEER,TECH_COMMUNITY,2026-10-16T14:17:00+09:00,2026-10-19T14:17:00+09:00,SUBMITTED
APP0071,C0071,M1_ML_ENGINEER,CAMPUS,2026-10-16T09:12:00+09:00,,STARTED
APP0072,C0072,M1_ML_ENGINEER,CAREER_SITE,2026-10-16T10:19:00+09:00,,ABANDONED
APP0073,C0073,M1_ML_ENGINEER,CAREER_SITE,2026-10-16T14:13:00+09:00,2026-10-19T14:13:00+09:00,SUBMITTED
APP0074,C0074,M1_ML_ENGINEER,CAMPUS,2026-10-16T13:41:00+09:00,2026-10-18T13:41:00+09:00,SUBMITTED
APP0075,C0075,M1_ML_ENGINEER,TECH_COMMUNITY,2026-10-16T11:59:00+09:00,,STARTED
APP0076,C0076,M1_ML_ENGINEER,CAMPUS,2026-10-16T10:06:00+09:00,2026-10-17T10:06:00+09:00,SUBMITTED
APP0077,C0077,M1_ML_ENGINEER,CAMPUS,2026-10-16T16:24:00+09:00,2026-10-18T16:24:00+09:00,SUBMITTED
APP0078,C0078,M1_ML_ENGINEER,CAMPUS,2026-10-16T12:33:00+09:00,2026-10-19T12:33:00+09:00,SUBMITTED
APP0079,C0079,M1_ML_ENGINEER,RECRUITING_EVENT,2026-10-16T09:57:00+09:00,2026-10-18T09:57:00+09:00,SUBMITTED
APP0080,C0080,M1_ML_ENGINEER,CAREER_SITE,2026-10-16T13:28:00+09:00,2026-10-19T13:28:00+09:00,SUBMITTED
APP0081,C0081,M1_ML_ENGINEER,CAMPUS,2026-10-16T10:35:00+09:00,,ABANDONED
APP0082,C0082,M1_ML_ENGINEER,CAMPUS,2026-10-16T15:21:00+09:00,2026-10-24T15:21:00+09:00,SUBMITTED
APP0083,C0083,M1_ML_ENGINEER,RECRUITING_EVENT,2026-10-16T14:25:00+09:00,2026-10-18T14:25:00+09:00,SUBMITTED
APP0084,C0084,M1_ML_ENGINEER,TECH_COMMUNITY,2026-10-16T10:24:00+09:00,,ABANDONED
APP0085,C0085,M1_ML_ENGINEER,CAMPUS,2026-10-16T11:54:00+09:00,2026-10-18T11:54:00+09:00,SUBMITTED
APP0086,C0086,M1_ML_ENGINEER,RECRUITING_EVENT,2026-10-16T15:09:00+09:00,2026-10-17T15:09:00+09:00,SUBMITTED
APP0087,C0087,M1_ML_ENGINEER,TECH_COMMUNITY,2026-10-16T12:35:00+09:00,2026-10-19T12:35:00+09:00,SUBMITTED
APP0088,C0088,M1_ML_ENGINEER,CAREER_SITE,2026-10-16T13:46:00+09:00,2026-10-18T13:46:00+09:00,SUBMITTED
APP0089,C0089,M1_ML_ENGINEER,RECRUITING_EVENT,2026-10-17T14:54:00+09:00,2026-10-19T14:54:00+09:00,SUBMITTED
APP0090,C0090,M1_ML_ENGINEER,CAMPUS,2026-10-17T09:58:00+09:00,2026-10-20T09:58:00+09:00,SUBMITTED
APP0091,C0091,M1_ML_ENGINEER,RECRUITING_EVENT,2026-10-17T16:02:00+09:00,2026-10-25T16:02:00+09:00,SUBMITTED
APP0092,C0092,M1_ML_ENGINEER,RECRUITING_EVENT,2026-10-17T14:19:00+09:00,,ABANDONED
APP0093,C0093,M1_ML_ENGINEER,TECH_COMMUNITY,2026-10-17T14:55:00+09:00,2026-10-20T14:55:00+09:00,SUBMITTED
APP0094,C0094,M1_ML_ENGINEER,CAMPUS,2026-10-17T10:16:00+09:00,,ABANDONED
APP0095,C0095,M1_ML_ENGINEER,TECH_COMMUNITY,2026-10-17T15:04:00+09:00,2026-10-20T15:04:00+09:00,SUBMITTED
APP0096,C0096,M1_ML_ENGINEER,CAREER_SITE,2026-10-17T12:34:00+09:00,2026-10-20T12:34:00+09:00,SUBMITTED
APP0097,C0097,M1_ML_ENGINEER,CAREER_SITE,2026-10-17T11:34:00+09:00,2026-10-20T11:34:00+09:00,SUBMITTED
APP0098,C0098,M1_ML_ENGINEER,CAREER_SITE,2026-10-17T15:50:00+09:00,2026-10-22T15:50:00+09:00,SUBMITTED
APP0099,C0099,M1_ML_ENGINEER,CAREER_SITE,2026-10-17T14:14:00+09:00,2026-10-25T14:14:00+09:00,SUBMITTED
APP0100,C0100,M1_ML_ENGINEER,RECRUITING_EVENT,2026-10-17T12:15:00+09:00,,ABANDONED
APP0101,C0101,M1_ML_ENGINEER,TECH_COMMUNITY,2026-10-17T15:59:00+09:00,2026-10-20T15:59:00+09:00,SUBMITTED
APP0102,C0102,M1_ML_ENGINEER,CAMPUS,2026-10-17T16:55:00+09:00,2026-10-19T16:55:00+09:00,SUBMITTED
APP0103,C0103,M1_ML_ENGINEER,TECH_COMMUNITY,2026-10-17T13:37:00+09:00,2026-10-18T13:37:00+09:00,SUBMITTED
APP0104,C0104,M1_ML_ENGINEER,RECRUITING_EVENT,2026-10-17T13:41:00+09:00,2026-10-25T13:41:00+09:00,SUBMITTED
APP0105,C0105,M1_ML_ENGINEER,RECRUITING_EVENT,2026-10-17T11:34:00+09:00,2026-10-20T11:34:00+09:00,SUBMITTED
APP0106,C0106,M1_ML_ENGINEER,CAMPUS,2026-10-18T14:22:00+09:00,,STARTED
APP0107,C0107,M1_ML_ENGINEER,CAMPUS,2026-10-18T10:23:00+09:00,2026-10-26T10:23:00+09:00,SUBMITTED
APP0108,C0108,M1_ML_ENGINEER,CAREER_SITE,2026-10-18T10:23:00+09:00,,ABANDONED
APP0109,C0109,M1_ML_ENGINEER,RECRUITING_EVENT,2026-10-18T16:25:00+09:00,2026-10-20T16:25:00+09:00,SUBMITTED
APP0110,C0110,M1_ML_ENGINEER,CAMPUS,2026-10-18T09:04:00+09:00,2026-10-21T09:04:00+09:00,SUBMITTED
APP0111,C0111,M1_ML_ENGINEER,TECH_COMMUNITY,2026-10-18T12:29:00+09:00,2026-10-19T12:29:00+09:00,SUBMITTED
APP0112,C0112,M1_ML_ENGINEER,CAMPUS,2026-10-18T12:07:00+09:00,2026-10-19T12:07:00+09:00,SUBMITTED
APP0113,C0113,M1_ML_ENGINEER,RECRUITING_EVENT,2026-10-18T10:10:00+09:00,2026-10-19T10:10:00+09:00,SUBMITTED
APP0114,C0114,M1_ML_ENGINEER,CAMPUS,2026-10-18T16:34:00+09:00,,STARTED
APP0115,C0115,M1_ML_ENGINEER,RECRUITING_EVENT,2026-10-18T14:24:00+09:00,2026-10-26T14:24:00+09:00,SUBMITTED
APP0116,C0116,M1_ML_ENGINEER,CAMPUS,2026-10-18T14:35:00+09:00,2026-10-19T14:35:00+09:00,SUBMITTED
APP0117,C0117,M1_ML_ENGINEER,RECRUITING_EVENT,2026-10-18T09:46:00+09:00,2026-10-23T09:46:00+09:00,SUBMITTED
APP0118,C0118,M1_ML_ENGINEER,CAMPUS,2026-10-18T14:26:00+09:00,,ABANDONED
APP0119,C0119,M1_ML_ENGINEER,CAREER_SITE,2026-10-18T14:22:00+09:00,2026-10-20T14:22:00+09:00,SUBMITTED
APP0120,C0120,M1_ML_ENGINEER,CAMPUS,2026-10-18T10:07:00+09:00,2026-10-26T10:07:00+09:00,SUBMITTED
APP0121,C0121,M1_ML_ENGINEER,CAMPUS,2026-10-18T12:23:00+09:00,2026-10-21T12:23:00+09:00,SUBMITTED
APP0122,C0122,M1_ML_ENGINEER,RECRUITING_EVENT,2026-10-18T09:19:00+09:00,,ABANDONED
APP0123,C0123,M1_ML_ENGINEER,TECH_COMMUNITY,2026-10-18T12:35:00+09:00,2026-10-19T12:35:00+09:00,SUBMITTED
APP0124,C0124,M1_ML_ENGINEER,TECH_COMMUNITY,2026-10-19T14:07:00+09:00,2026-10-22T14:07:00+09:00,SUBMITTED
APP0125,C0125,M1_ML_ENGINEER,CAMPUS,2026-10-19T15:32:00+09:00,2026-10-24T15:32:00+09:00,SUBMITTED
APP0126,C0126,M1_ML_ENGINEER,CAMPUS,2026-10-19T16:40:00+09:00,,STARTED
APP0127,C0127,M1_ML_ENGINEER,CAMPUS,2026-10-19T15:07:00+09:00,2026-10-20T15:07:00+09:00,SUBMITTED
APP0128,C0128,M1_ML_ENGINEER,CAREER_SITE,2026-10-19T09:42:00+09:00,2026-10-20T09:42:00+09:00,SUBMITTED
APP0129,C0129,M1_ML_ENGINEER,RECRUITING_EVENT,2026-10-19T12:48:00+09:00,2026-10-24T12:48:00+09:00,SUBMITTED
APP0130,C0130,M1_ML_ENGINEER,CAREER_SITE,2026-10-19T14:41:00+09:00,2026-10-27T14:41:00+09:00,SUBMITTED
APP0131,C0131,M1_ML_ENGINEER,CAREER_SITE,2026-10-19T10:26:00+09:00,2026-10-24T10:26:00+09:00,SUBMITTED
APP0132,C0132,M1_ML_ENGINEER,CAMPUS,2026-10-19T13:33:00+09:00,,STARTED
APP0133,C0133,M1_ML_ENGINEER,RECRUITING_EVENT,2026-10-19T10:48:00+09:00,,STARTED
APP0134,C0134,M1_ML_ENGINEER,TECH_COMMUNITY,2026-10-19T14:59:00+09:00,2026-10-20T14:59:00+09:00,SUBMITTED
APP0135,C0135,M1_ML_ENGINEER,RECRUITING_EVENT,2026-10-19T13:21:00+09:00,2026-10-27T13:21:00+09:00,SUBMITTED
APP0136,C0136,M1_ML_ENGINEER,RECRUITING_EVENT,2026-10-19T16:46:00+09:00,2026-10-22T16:46:00+09:00,SUBMITTED
APP0137,C0137,M1_ML_ENGINEER,TECH_COMMUNITY,2026-10-19T16:55:00+09:00,2026-10-27T16:55:00+09:00,SUBMITTED
APP0138,C0138,M1_ML_ENGINEER,CAMPUS,2026-10-19T16:49:00+09:00,,ABANDONED
APP0139,C0139,M1_ML_ENGINEER,TECH_COMMUNITY,2026-10-19T16:04:00+09:00,2026-10-20T16:04:00+09:00,SUBMITTED
APP0140,C0140,M1_ML_ENGINEER,RECRUITING_EVENT,2026-10-19T11:06:00+09:00,2026-10-27T11:06:00+09:00,SUBMITTED
APP0141,C0141,M1_ML_ENGINEER,CAREER_SITE,2026-10-19T14:52:00+09:00,2026-10-22T14:52:00+09:00,SUBMITTED
APP0142,C0142,M1_ML_ENGINEER,CAMPUS,2026-10-19T13:34:00+09:00,2026-10-20T13:34:00+09:00,SUBMITTED
APP0143,C0143,M1_ML_ENGINEER,CAMPUS,2026-10-20T12:15:00+09:00,2026-10-21T12:15:00+09:00,SUBMITTED
APP0144,C0144,M1_ML_ENGINEER,RECRUITING_EVENT,2026-10-20T09:57:00+09:00,,STARTED
APP0145,C0145,M1_ML_ENGINEER,TECH_COMMUNITY,2026-10-20T13:15:00+09:00,,STARTED
APP0146,C0146,M1_ML_ENGINEER,CAMPUS,2026-10-20T09:56:00+09:00,2026-10-28T09:56:00+09:00,SUBMITTED
APP0147,C0147,M1_ML_ENGINEER,RECRUITING_EVENT,2026-10-20T16:15:00+09:00,2026-10-21T16:15:00+09:00,SUBMITTED
APP0148,C0148,M1_ML_ENGINEER,CAMPUS,2026-10-20T15:49:00+09:00,2026-10-28T15:49:00+09:00,SUBMITTED
APP0149,C0149,M1_ML_ENGINEER,CAREER_SITE,2026-10-20T14:54:00+09:00,2026-10-23T14:54:00+09:00,SUBMITTED
APP0150,C0150,M1_ML_ENGINEER,RECRUITING_EVENT,2026-10-20T12:58:00+09:00,2026-10-22T12:58:00+09:00,SUBMITTED
APP0151,C0151,M1_ML_ENGINEER,CAMPUS,2026-10-20T13:39:00+09:00,2026-10-22T13:39:00+09:00,SUBMITTED
APP0152,C0152,M1_ML_ENGINEER,CAMPUS,2026-10-20T13:18:00+09:00,2026-10-28T13:18:00+09:00,SUBMITTED
APP0153,C0153,M1_ML_ENGINEER,RECRUITING_EVENT,2026-10-20T15:33:00+09:00,2026-10-22T15:33:00+09:00,SUBMITTED
APP0154,C0154,M1_ML_ENGINEER,CAREER_SITE,2026-10-20T10:07:00+09:00,2026-10-23T10:07:00+09:00,SUBMITTED
APP0155,C0155,M1_ML_ENGINEER,CAMPUS,2026-10-20T12:15:00+09:00,2026-10-23T12:15:00+09:00,SUBMITTED
APP0156,C0156,M1_ML_ENGINEER,RECRUITING_EVENT,2026-10-21T11:01:00+09:00,2026-10-29T11:01:00+09:00,SUBMITTED
APP0157,C0157,M1_ML_ENGINEER,CAREER_SITE,2026-10-21T14:37:00+09:00,2026-10-26T14:37:00+09:00,SUBMITTED
APP0158,C0158,M1_ML_ENGINEER,CAMPUS,2026-10-21T13:03:00+09:00,,STARTED
APP0159,C0159,M1_ML_ENGINEER,CAREER_SITE,2026-10-21T09:27:00+09:00,2026-10-26T09:27:00+09:00,SUBMITTED
APP0160,C0160,M1_ML_ENGINEER,CAMPUS,2026-10-21T14:50:00+09:00,,ABANDONED
APP0161,C0161,M1_ML_ENGINEER,CAREER_SITE,2026-10-21T11:00:00+09:00,2026-10-23T11:00:00+09:00,SUBMITTED
APP0162,C0162,M1_ML_ENGINEER,CAMPUS,2026-10-21T11:20:00+09:00,2026-10-22T11:20:00+09:00,SUBMITTED
APP0163,C0163,M1_ML_ENGINEER,TECH_COMMUNITY,2026-10-21T14:11:00+09:00,2026-10-23T14:11:00+09:00,SUBMITTED
APP0164,C0164,M1_ML_ENGINEER,CAMPUS,2026-10-21T11:57:00+09:00,2026-10-24T11:57:00+09:00,SUBMITTED
APP0165,C0165,M1_ML_ENGINEER,TECH_COMMUNITY,2026-10-21T13:47:00+09:00,,ABANDONED
APP0166,C0166,M1_ML_ENGINEER,CAMPUS,2026-10-21T15:41:00+09:00,2026-10-22T15:41:00+09:00,SUBMITTED
APP0167,C0167,M1_ML_ENGINEER,RECRUITING_EVENT,2026-10-21T13:28:00+09:00,2026-10-22T13:28:00+09:00,SUBMITTED
APP0168,C0168,M1_ML_ENGINEER,RECRUITING_EVENT,2026-10-21T15:29:00+09:00,2026-10-22T15:29:00+09:00,SUBMITTED
APP0169,C0169,M1_ML_ENGINEER,CAMPUS,2026-10-21T13:59:00+09:00,,STARTED
APP0170,C0170,M1_ML_ENGINEER,CAMPUS,2026-10-21T16:12:00+09:00,2026-10-23T16:12:00+09:00,SUBMITTED
APP0171,C0171,M1_ML_ENGINEER,RECRUITING_EVENT,2026-10-21T15:01:00+09:00,2026-10-29T15:01:00+09:00,SUBMITTED
APP0172,C0172,M1_ML_ENGINEER,CAREER_SITE,2026-10-21T14:20:00+09:00,2026-10-22T14:20:00+09:00,SUBMITTED
APP0173,C0173,M1_ML_ENGINEER,CAREER_SITE,2026-10-21T10:43:00+09:00,2026-10-26T10:43:00+09:00,SUBMITTED
APP0174,C0174,M1_ML_ENGINEER,CAREER_SITE,2026-10-22T14:00:00+09:00,,ABANDONED
APP0175,C0175,M1_ML_ENGINEER,TECH_COMMUNITY,2026-10-22T09:13:00+09:00,2026-10-27T09:13:00+09:00,SUBMITTED
APP0176,C0176,M1_ML_ENGINEER,CAREER_SITE,2026-10-22T15:49:00+09:00,2026-10-27T15:49:00+09:00,SUBMITTED
APP0177,C0177,M1_ML_ENGINEER,CAREER_SITE,2026-10-22T10:53:00+09:00,2026-10-27T10:53:00+09:00,SUBMITTED
APP0178,C0178,M1_ML_ENGINEER,CAMPUS,2026-10-22T09:53:00+09:00,,ABANDONED
APP0179,C0179,M1_ML_ENGINEER,RECRUITING_EVENT,2026-10-22T14:37:00+09:00,2026-10-27T14:37:00+09:00,SUBMITTED
APP0180,C0180,M1_ML_ENGINEER,CAREER_SITE,2026-10-22T09:15:00+09:00,,ABANDONED
APP0181,C0181,M1_ML_ENGINEER,RECRUITING_EVENT,2026-10-22T13:35:00+09:00,2026-10-30T13:35:00+09:00,SUBMITTED
APP0182,C0182,M1_ML_ENGINEER,CAMPUS,2026-10-22T10:16:00+09:00,2026-10-25T10:16:00+09:00,SUBMITTED
APP0183,C0183,M1_ML_ENGINEER,CAREER_SITE,2026-10-22T11:20:00+09:00,,ABANDONED
APP0184,C0184,M1_ML_ENGINEER,CAREER_SITE,2026-10-22T10:02:00+09:00,2026-10-30T10:02:00+09:00,SUBMITTED
APP0185,C0185,M1_ML_ENGINEER,RECRUITING_EVENT,2026-10-22T14:48:00+09:00,2026-10-25T14:48:00+09:00,SUBMITTED
APP0186,C0186,M1_ML_ENGINEER,RECRUITING_EVENT,2026-10-22T11:00:00+09:00,2026-10-25T11:00:00+09:00,SUBMITTED
APP0187,C0187,M1_ML_ENGINEER,CAREER_SITE,2026-10-23T14:24:00+09:00,,STARTED
APP0188,C0188,M1_ML_ENGINEER,CAREER_SITE,2026-10-23T16:31:00+09:00,2026-10-28T16:31:00+09:00,SUBMITTED
APP0189,C0189,M1_ML_ENGINEER,CAMPUS,2026-10-23T14:23:00+09:00,2026-10-26T14:23:00+09:00,SUBMITTED
APP0190,C0190,M1_ML_ENGINEER,CAREER_SITE,2026-10-23T15:59:00+09:00,2026-10-25T15:59:00+09:00,SUBMITTED
APP0191,C0191,M1_ML_ENGINEER,CAMPUS,2026-10-23T09:15:00+09:00,2026-10-24T09:15:00+09:00,SUBMITTED
APP0192,C0192,M1_ML_ENGINEER,TECH_COMMUNITY,2026-10-23T13:04:00+09:00,2026-10-31T13:04:00+09:00,SUBMITTED
APP0193,C0193,M1_ML_ENGINEER,TECH_COMMUNITY,2026-10-23T13:29:00+09:00,2026-10-24T13:29:00+09:00,SUBMITTED
APP0194,C0194,M1_ML_ENGINEER,TECH_COMMUNITY,2026-10-23T12:12:00+09:00,2026-10-31T12:12:00+09:00,SUBMITTED
APP0195,C0195,M1_ML_ENGINEER,CAMPUS,2026-10-23T12:02:00+09:00,,ABANDONED
APP0196,C0196,M1_ML_ENGINEER,RECRUITING_EVENT,2026-10-23T14:54:00+09:00,2026-10-25T14:54:00+09:00,SUBMITTED
APP0197,C0197,M1_ML_ENGINEER,RECRUITING_EVENT,2026-10-23T09:42:00+09:00,,STARTED
APP0198,C0198,M1_ML_ENGINEER,TECH_COMMUNITY,2026-10-23T13:37:00+09:00,,STARTED
APP0199,C0199,M1_ML_ENGINEER,CAREER_SITE,2026-10-24T15:59:00+09:00,2026-10-25T15:59:00+09:00,SUBMITTED
APP0200,C0200,M1_ML_ENGINEER,CAREER_SITE,2026-10-24T09:19:00+09:00,2026-11-01T09:19:00+09:00,SUBMITTED
APP0201,C0201,M1_ML_ENGINEER,RECRUITING_EVENT,2026-10-24T10:35:00+09:00,2026-10-29T10:35:00+09:00,SUBMITTED
APP0202,C0202,M1_ML_ENGINEER,CAREER_SITE,2026-10-24T16:48:00+09:00,2026-10-29T16:48:00+09:00,SUBMITTED
APP0203,C0203,M1_ML_ENGINEER,CAREER_SITE,2026-10-24T16:39:00+09:00,2026-10-26T16:39:00+09:00,SUBMITTED
APP0204,C0204,M1_ML_ENGINEER,RECRUITING_EVENT,2026-10-24T13:24:00+09:00,,ABANDONED
APP0205,C0205,M1_ML_ENGINEER,CAMPUS,2026-10-24T12:24:00+09:00,2026-10-25T12:24:00+09:00,SUBMITTED
APP0206,C0206,M1_ML_ENGINEER,RECRUITING_EVENT,2026-10-24T15:27:00+09:00,2026-11-01T15:27:00+09:00,SUBMITTED
APP0207,C0207,M1_ML_ENGINEER,CAREER_SITE,2026-10-24T13:41:00+09:00,,ABANDONED
APP0208,C0208,M1_ML_ENGINEER,RECRUITING_EVENT,2026-10-24T10:27:00+09:00,,ABANDONED
APP0209,C0209,M1_ML_ENGINEER,CAREER_SITE,2026-10-24T14:42:00+09:00,2026-10-25T14:42:00+09:00,SUBMITTED
APP0210,C0210,M1_ML_ENGINEER,CAMPUS,2026-10-24T11:10:00+09:00,2026-10-29T11:10:00+09:00,SUBMITTED
APP0211,C0211,M1_ML_ENGINEER,TECH_COMMUNITY,2026-10-24T10:53:00+09:00,,ABANDONED
APP0212,C0212,M1_ML_ENGINEER,CAREER_SITE,2026-10-24T15:11:00+09:00,,ABANDONED
APP0213,C0213,M1_ML_ENGINEER,RECRUITING_EVENT,2026-10-24T16:20:00+09:00,2026-10-27T16:20:00+09:00,SUBMITTED
APP0214,C0214,M1_ML_ENGINEER,RECRUITING_EVENT,2026-10-24T14:29:00+09:00,,ABANDONED
APP0215,C0215,M1_ML_ENGINEER,RECRUITING_EVENT,2026-10-24T16:23:00+09:00,2026-10-27T16:23:00+09:00,SUBMITTED
APP0216,C0216,M1_ML_ENGINEER,CAREER_SITE,2026-10-24T10:14:00+09:00,2026-10-26T10:14:00+09:00,SUBMITTED
APP0217,C0217,M1_ML_ENGINEER,TECH_COMMUNITY,2026-10-24T14:22:00+09:00,2026-10-27T14:22:00+09:00,SUBMITTED
APP0218,C0218,M1_ML_ENGINEER,RECRUITING_EVENT,2026-10-25T16:24:00+09:00,2026-10-30T16:24:00+09:00,SUBMITTED
APP0219,C0219,M1_ML_ENGINEER,RECRUITING_EVENT,2026-10-25T11:41:00+09:00,2026-10-26T11:41:00+09:00,SUBMITTED
APP0220,C0220,M1_ML_ENGINEER,CAMPUS,2026-10-25T10:16:00+09:00,2026-10-26T10:16:00+09:00,SUBMITTED
APP0221,C0221,M1_ML_ENGINEER,CAREER_SITE,2026-10-25T10:55:00+09:00,,ABANDONED
APP0222,C0222,M1_ML_ENGINEER,CAREER_SITE,2026-10-25T14:55:00+09:00,2026-10-26T14:55:00+09:00,SUBMITTED
APP0223,C0223,M1_ML_ENGINEER,TECH_COMMUNITY,2026-10-25T09:56:00+09:00,2026-10-28T09:56:00+09:00,SUBMITTED
APP0224,C0224,M1_ML_ENGINEER,CAMPUS,2026-10-25T14:58:00+09:00,,ABANDONED
APP0225,C0225,M1_ML_ENGINEER,RECRUITING_EVENT,2026-10-25T12:27:00+09:00,2026-10-30T12:27:00+09:00,SUBMITTED
APP0226,C0226,M1_ML_ENGINEER,RECRUITING_EVENT,2026-10-25T12:16:00+09:00,,ABANDONED
APP0227,C0227,M1_ML_ENGINEER,TECH_COMMUNITY,2026-10-25T15:46:00+09:00,2026-10-27T15:46:00+09:00,SUBMITTED
APP0228,C0228,M1_ML_ENGINEER,CAREER_SITE,2026-10-25T15:29:00+09:00,2026-10-28T15:29:00+09:00,SUBMITTED
APP0229,C0229,M1_ML_ENGINEER,CAREER_SITE,2026-10-25T16:14:00+09:00,2026-10-28T16:14:00+09:00,SUBMITTED
APP0230,C0230,M1_ML_ENGINEER,CAMPUS,2026-10-25T13:20:00+09:00,2026-10-27T13:20:00+09:00,SUBMITTED
APP0231,C0231,M1_ML_ENGINEER,CAREER_SITE,2026-10-25T14:46:00+09:00,2026-10-28T14:46:00+09:00,SUBMITTED
APP0232,C0232,M1_ML_ENGINEER,CAMPUS,2026-10-25T09:25:00+09:00,2026-10-30T09:25:00+09:00,SUBMITTED
APP0233,C0233,M1_ML_ENGINEER,CAREER_SITE,2026-10-25T15:32:00+09:00,,STARTED
APP0234,C0234,M1_ML_ENGINEER,TECH_COMMUNITY,2026-10-25T15:33:00+09:00,,ABANDONED
APP0235,C0235,M1_ML_ENGINEER,TECH_COMMUNITY,2026-10-25T14:12:00+09:00,2026-10-28T14:12:00+09:00,SUBMITTED
APP0236,C0236,M1_ML_ENGINEER,CAREER_SITE,2026-10-25T12:32:00+09:00,,ABANDONED
APP0237,C0237,M1_ML_ENGINEER,CAREER_SITE,2026-10-26T10:57:00+09:00,2026-11-03T10:57:00+09:00,SUBMITTED
APP0238,C0238,M1_ML_ENGINEER,RECRUITING_EVENT,2026-10-26T14:30:00+09:00,2026-10-31T14:30:00+09:00,SUBMITTED
APP0239,C0239,M1_ML_ENGINEER,CAMPUS,2026-10-26T10:16:00+09:00,2026-10-27T10:16:00+09:00,SUBMITTED
APP0240,C0240,M1_ML_ENGINEER,CAMPUS,2026-10-26T13:08:00+09:00,2026-10-27T13:08:00+09:00,SUBMITTED
APP0241,C0241,M1_ML_ENGINEER,CAREER_SITE,2026-10-26T11:43:00+09:00,2026-10-27T11:43:00+09:00,SUBMITTED
APP0242,C0242,M1_ML_ENGINEER,CAREER_SITE,2026-10-26T11:11:00+09:00,2026-10-31T11:11:00+09:00,SUBMITTED
APP0243,C0243,M1_ML_ENGINEER,TECH_COMMUNITY,2026-10-26T15:13:00+09:00,2026-10-27T15:13:00+09:00,SUBMITTED
APP0244,C0244,M1_ML_ENGINEER,CAREER_SITE,2026-10-26T12:57:00+09:00,,STARTED
APP0245,C0245,M1_ML_ENGINEER,CAREER_SITE,2026-10-26T15:04:00+09:00,,ABANDONED
APP0246,C0246,M1_ML_ENGINEER,CAREER_SITE,2026-10-26T09:26:00+09:00,2026-10-29T09:26:00+09:00,SUBMITTED
APP0247,C0247,M1_ML_ENGINEER,CAMPUS,2026-10-26T10:35:00+09:00,2026-10-27T10:35:00+09:00,SUBMITTED
APP0248,C0248,M1_ML_ENGINEER,CAREER_SITE,2026-10-26T12:12:00+09:00,2026-10-28T12:12:00+09:00,SUBMITTED
APP0249,C0249,M1_ML_ENGINEER,CAREER_SITE,2026-10-26T15:59:00+09:00,2026-10-28T15:59:00+09:00,SUBMITTED
APP0250,C0250,M1_ML_ENGINEER,CAMPUS,2026-10-26T12:53:00+09:00,,STARTED
APP0251,C0251,M1_ML_ENGINEER,CAREER_SITE,2026-10-26T11:08:00+09:00,2026-10-27T11:08:00+09:00,SUBMITTED
APP0252,C0252,M1_ML_ENGINEER,CAMPUS,2026-10-26T09:42:00+09:00,,STARTED
APP0253,C0253,M1_ML_ENGINEER,CAREER_SITE,2026-10-27T15:46:00+09:00,2026-10-29T15:46:00+09:00,SUBMITTED
APP0254,C0254,M1_ML_ENGINEER,TECH_COMMUNITY,2026-10-27T12:04:00+09:00,2026-11-04T12:04:00+09:00,SUBMITTED
APP0255,C0255,M1_ML_ENGINEER,RECRUITING_EVENT,2026-10-27T15:09:00+09:00,2026-10-30T15:09:00+09:00,SUBMITTED
APP0256,C0256,M1_ML_ENGINEER,RECRUITING_EVENT,2026-10-27T15:06:00+09:00,2026-11-04T15:06:00+09:00,SUBMITTED
APP0257,C0257,M1_ML_ENGINEER,TECH_COMMUNITY,2026-10-27T09:31:00+09:00,2026-10-29T09:31:00+09:00,SUBMITTED
APP0258,C0258,M1_ML_ENGINEER,CAREER_SITE,2026-10-27T16:14:00+09:00,2026-10-30T16:14:00+09:00,SUBMITTED
APP0259,C0259,M1_ML_ENGINEER,RECRUITING_EVENT,2026-10-27T12:05:00+09:00,,STARTED
APP0260,C0260,M1_ML_ENGINEER,CAREER_SITE,2026-10-27T15:20:00+09:00,,ABANDONED
APP0261,C0261,M1_ML_ENGINEER,TECH_COMMUNITY,2026-10-27T11:10:00+09:00,,STARTED
APP0262,C0262,M1_ML_ENGINEER,CAMPUS,2026-10-27T16:33:00+09:00,2026-11-04T16:33:00+09:00,SUBMITTED
APP0263,C0263,M1_ML_ENGINEER,TECH_COMMUNITY,2026-10-27T12:46:00+09:00,2026-10-28T12:46:00+09:00,SUBMITTED
APP0264,C0264,M1_ML_ENGINEER,CAREER_SITE,2026-10-27T16:17:00+09:00,2026-10-30T16:17:00+09:00,SUBMITTED
APP0265,C0265,M1_ML_ENGINEER,TECH_COMMUNITY,2026-10-28T12:03:00+09:00,2026-10-31T12:03:00+09:00,SUBMITTED
APP0266,C0266,M1_ML_ENGINEER,CAMPUS,2026-10-28T16:11:00+09:00,,STARTED
APP0267,C0267,M1_ML_ENGINEER,RECRUITING_EVENT,2026-10-28T10:37:00+09:00,2026-10-29T10:37:00+09:00,SUBMITTED
APP0268,C0268,M1_ML_ENGINEER,CAREER_SITE,2026-10-28T15:32:00+09:00,2026-10-30T15:32:00+09:00,SUBMITTED
APP0269,C0269,M1_ML_ENGINEER,CAREER_SITE,2026-10-28T13:25:00+09:00,2026-10-31T13:25:00+09:00,SUBMITTED
APP0270,C0270,M1_ML_ENGINEER,CAMPUS,2026-10-28T12:13:00+09:00,2026-11-02T12:13:00+09:00,SUBMITTED
APP0271,C0271,M1_ML_ENGINEER,CAREER_SITE,2026-10-28T09:05:00+09:00,,STARTED
APP0272,C0272,M1_ML_ENGINEER,CAREER_SITE,2026-10-28T16:09:00+09:00,2026-11-02T16:09:00+09:00,SUBMITTED
APP0273,C0273,M1_ML_ENGINEER,RECRUITING_EVENT,2026-10-28T09:56:00+09:00,2026-10-31T09:56:00+09:00,SUBMITTED
APP0274,C0274,M1_ML_ENGINEER,RECRUITING_EVENT,2026-10-28T09:40:00+09:00,2026-10-31T09:40:00+09:00,SUBMITTED
APP0275,C0275,M1_ML_ENGINEER,RECRUITING_EVENT,2026-10-28T14:20:00+09:00,2026-10-31T14:20:00+09:00,SUBMITTED
APP0276,C0276,M1_ML_ENGINEER,CAREER_SITE,2026-10-28T14:36:00+09:00,2026-10-30T14:36:00+09:00,SUBMITTED
APP0277,C0277,M1_ML_ENGINEER,CAMPUS,2026-10-28T13:56:00+09:00,,ABANDONED
APP0278,C0278,M1_ML_ENGINEER,RECRUITING_EVENT,2026-10-28T14:10:00+09:00,2026-10-29T14:10:00+09:00,SUBMITTED
APP0279,C0279,M1_ML_ENGINEER,TECH_COMMUNITY,2026-10-28T10:49:00+09:00,2026-11-05T10:49:00+09:00,SUBMITTED
APP0280,C0280,M1_ML_ENGINEER,CAMPUS,2026-10-28T14:06:00+09:00,,STARTED
APP0281,C0281,M1_ML_ENGINEER,RECRUITING_EVENT,2026-10-28T15:40:00+09:00,,ABANDONED
APP0282,C0282,M1_ML_ENGINEER,RECRUITING_EVENT,2026-10-29T12:20:00+09:00,,ABANDONED
APP0283,C0283,M1_ML_ENGINEER,TECH_COMMUNITY,2026-10-29T09:12:00+09:00,,STARTED
APP0284,C0284,M1_ML_ENGINEER,RECRUITING_EVENT,2026-10-29T11:53:00+09:00,,STARTED
APP0285,C0285,M1_ML_ENGINEER,CAREER_SITE,2026-10-29T09:53:00+09:00,2026-11-01T09:53:00+09:00,SUBMITTED
APP0286,C0286,M1_ML_ENGINEER,CAMPUS,2026-10-29T16:34:00+09:00,2026-10-31T16:34:00+09:00,SUBMITTED
APP0287,C0287,M1_ML_ENGINEER,CAREER_SITE,2026-10-29T15:19:00+09:00,,STARTED
APP0288,C0288,M1_ML_ENGINEER,TECH_COMMUNITY,2026-10-29T14:19:00+09:00,2026-10-31T14:19:00+09:00,SUBMITTED
APP0289,C0289,M1_ML_ENGINEER,TECH_COMMUNITY,2026-10-29T13:39:00+09:00,2026-11-06T13:39:00+09:00,SUBMITTED
APP0290,C0290,M1_ML_ENGINEER,CAREER_SITE,2026-10-29T09:27:00+09:00,,STARTED
APP0291,C0291,M1_ML_ENGINEER,RECRUITING_EVENT,2026-10-29T15:00:00+09:00,,STARTED
APP0292,C0292,M1_ML_ENGINEER,TECH_COMMUNITY,2026-10-29T13:00:00+09:00,2026-10-31T13:00:00+09:00,SUBMITTED
APP0293,C0293,M1_ML_ENGINEER,TECH_COMMUNITY,2026-10-29T16:38:00+09:00,,STARTED
APP0294,C0294,M1_ML_ENGINEER,CAMPUS,2026-10-29T12:40:00+09:00,2026-10-31T12:40:00+09:00,SUBMITTED
APP0295,C0295,M1_ML_ENGINEER,RECRUITING_EVENT,2026-10-29T11:39:00+09:00,2026-11-01T11:39:00+09:00,SUBMITTED
APP0296,C0296,M1_ML_ENGINEER,CAMPUS,2026-10-29T13:47:00+09:00,2026-11-01T13:47:00+09:00,SUBMITTED
APP0297,C0297,M1_ML_ENGINEER,RECRUITING_EVENT,2026-10-29T14:11:00+09:00,2026-10-30T14:11:00+09:00,SUBMITTED
APP0298,C0298,M1_ML_ENGINEER,TECH_COMMUNITY,2026-10-29T12:57:00+09:00,,STARTED
APP0299,C0299,M1_ML_ENGINEER,RECRUITING_EVENT,2026-10-30T16:03:00+09:00,2026-10-31T16:03:00+09:00,SUBMITTED
APP0300,C0300,M1_ML_ENGINEER,CAMPUS,2026-10-30T14:21:00+09:00,2026-11-04T14:21:00+09:00,SUBMITTED
APP0301,C0301,M1_ML_ENGINEER,CAMPUS,2026-10-30T09:21:00+09:00,2026-10-31T09:21:00+09:00,SUBMITTED
APP0302,C0302,M1_ML_ENGINEER,RECRUITING_EVENT,2026-10-30T11:00:00+09:00,2026-11-02T11:00:00+09:00,SUBMITTED
APP0303,C0303,M1_ML_ENGINEER,RECRUITING_EVENT,2026-10-30T09:24:00+09:00,,STARTED
APP0304,C0304,M1_ML_ENGINEER,CAREER_SITE,2026-10-30T14:49:00+09:00,,STARTED
APP0305,C0305,M1_ML_ENGINEER,CAREER_SITE,2026-10-30T11:53:00+09:00,2026-10-31T11:53:00+09:00,SUBMITTED
APP0306,C0306,M1_ML_ENGINEER,CAREER_SITE,2026-10-30T11:35:00+09:00,,ABANDONED
APP0307,C0307,M1_ML_ENGINEER,CAMPUS,2026-10-30T11:48:00+09:00,2026-11-02T11:48:00+09:00,SUBMITTED
APP0308,C0308,M1_ML_ENGINEER,RECRUITING_EVENT,2026-10-30T11:05:00+09:00,,STARTED
APP0309,C0309,M1_ML_ENGINEER,TECH_COMMUNITY,2026-10-30T12:35:00+09:00,2026-11-07T12:35:00+09:00,SUBMITTED
APP0310,C0310,M1_ML_ENGINEER,RECRUITING_EVENT,2026-10-30T16:37:00+09:00,2026-11-04T16:37:00+09:00,SUBMITTED
APP0311,C0311,M1_ML_ENGINEER,RECRUITING_EVENT,2026-10-30T14:59:00+09:00,,ABANDONED
APP0312,C0312,M1_ML_ENGINEER,RECRUITING_EVENT,2026-10-30T15:31:00+09:00,,STARTED
APP0313,C0313,M1_ML_ENGINEER,TECH_COMMUNITY,2026-10-31T13:46:00+09:00,2026-11-08T13:46:00+09:00,SUBMITTED
APP0314,C0314,M1_ML_ENGINEER,TECH_COMMUNITY,2026-10-31T12:10:00+09:00,2026-11-01T12:10:00+09:00,SUBMITTED
APP0315,C0315,M1_ML_ENGINEER,CAMPUS,2026-10-31T09:07:00+09:00,,STARTED
APP0316,C0316,M1_ML_ENGINEER,TECH_COMMUNITY,2026-10-31T13:34:00+09:00,,ABANDONED
APP0317,C0317,M1_ML_ENGINEER,CAMPUS,2026-10-31T14:04:00+09:00,,STARTED
APP0318,C0318,M1_ML_ENGINEER,TECH_COMMUNITY,2026-10-31T13:56:00+09:00,2026-11-05T13:56:00+09:00,SUBMITTED
APP0319,C0319,M1_ML_ENGINEER,RECRUITING_EVENT,2026-10-31T12:29:00+09:00,2026-11-05T12:29:00+09:00,SUBMITTED
APP0320,C0320,M1_ML_ENGINEER,RECRUITING_EVENT,2026-10-31T09:36:00+09:00,2026-11-01T09:36:00+09:00,SUBMITTED
APP0321,C0321,M1_ML_ENGINEER,RECRUITING_EVENT,2026-10-31T15:24:00+09:00,,STARTED
APP0322,C0322,M1_ML_ENGINEER,RECRUITING_EVENT,2026-10-31T14:37:00+09:00,2026-11-05T14:37:00+09:00,SUBMITTED
APP0323,C0323,M1_ML_ENGINEER,RECRUITING_EVENT,2026-10-31T09:30:00+09:00,,STARTED
APP0324,C0324,M1_ML_ENGINEER,RECRUITING_EVENT,2026-10-31T15:13:00+09:00,2026-11-01T15:13:00+09:00,SUBMITTED
APP0325,C0325,M1_ML_ENGINEER,CAREER_SITE,2026-10-31T10:03:00+09:00,2026-11-01T10:03:00+09:00,SUBMITTED
APP0326,C0326,M1_ML_ENGINEER,CAREER_SITE,2026-10-31T11:11:00+09:00,2026-11-08T11:11:00+09:00,SUBMITTED
APP0327,C0327,M1_ML_ENGINEER,CAREER_SITE,2026-10-31T11:04:00+09:00,2026-11-05T11:04:00+09:00,SUBMITTED
APP0328,C0328,M1_ML_ENGINEER,CAREER_SITE,2026-10-31T15:48:00+09:00,,ABANDONED
APP0329,C0329,M1_ML_ENGINEER,CAREER_SITE,2026-11-01T11:09:00+09:00,,ABANDONED
APP0330,C0330,M1_ML_ENGINEER,TECH_COMMUNITY,2026-11-01T15:33:00+09:00,2026-11-03T15:33:00+09:00,SUBMITTED
APP0331,C0331,M1_ML_ENGINEER,CAREER_SITE,2026-11-01T15:45:00+09:00,2026-11-06T15:45:00+09:00,SUBMITTED
APP0332,C0332,M1_ML_ENGINEER,TECH_COMMUNITY,2026-11-01T15:33:00+09:00,2026-11-02T15:33:00+09:00,SUBMITTED
APP0333,C0333,M1_ML_ENGINEER,TECH_COMMUNITY,2026-11-01T15:17:00+09:00,,ABANDONED
APP0334,C0334,M1_ML_ENGINEER,RECRUITING_EVENT,2026-11-01T11:54:00+09:00,2026-11-09T11:54:00+09:00,SUBMITTED
APP0335,C0335,M1_ML_ENGINEER,CAREER_SITE,2026-11-01T13:34:00+09:00,2026-11-03T13:34:00+09:00,SUBMITTED
APP0336,C0336,M1_ML_ENGINEER,RECRUITING_EVENT,2026-11-01T14:36:00+09:00,2026-11-09T14:36:00+09:00,SUBMITTED
APP0337,C0337,M1_ML_ENGINEER,CAMPUS,2026-11-01T10:53:00+09:00,2026-11-02T10:53:00+09:00,SUBMITTED
APP0338,C0338,M1_ML_ENGINEER,TECH_COMMUNITY,2026-11-01T16:53:00+09:00,2026-11-02T16:53:00+09:00,SUBMITTED
APP0339,C0339,M1_ML_ENGINEER,CAREER_SITE,2026-11-01T09:30:00+09:00,,STARTED
APP0340,C0340,M1_ML_ENGINEER,CAMPUS,2026-11-01T14:41:00+09:00,,STARTED
APP0341,C0341,M1_ML_ENGINEER,CAREER_SITE,2026-11-01T09:12:00+09:00,,STARTED
APP0342,C0342,M1_ML_ENGINEER,RECRUITING_EVENT,2026-11-01T16:42:00+09:00,2026-11-02T16:42:00+09:00,SUBMITTED
