experience_id,application_id,candidate_id,experience_type,ownership,actions,evidence_categories,evidence_refs,recorded_at,decision_provenance
XP_APP0002_01,APP0002,C0002,COURSE_PROJECT,TEAM_CLEAR,"{""VALIDATE"":""분리한 검증 입력에서 예측 오차를 비교했다.""}","[""VALIDATE""]","[""EV_XP_APP0002_01_VALIDATE_M1_SKILL_03""]",2026-10-20T16:28:00+09:00,SYNTHETIC_HUMAN_SCENARIO
XP_APP0002_02,APP0002,C0002,TEAM_PROJECT,TEAM_UNCLEAR,"{""BUILD"":""담당 기능의 모델 호출 코드를 구현했다."",""PROBLEM"":""담당 기능의 목표와 서비스 제약을 정리했다."",""VALIDATE"":""담당 기능의 변경 전후 결과를 비교했다.""}","[""PROBLEM"",""BUILD"",""VALIDATE""]","[""EV_XP_APP0002_02_BUILD_M1_SKILL_03"",""EV_XP_APP0002_02_PROBLEM_M1_SKILL_01"",""EV_XP_APP0002_02_VALIDATE_M1_SKILL_03""]",2026-10-20T16:28:00+09:00,SYNTHETIC_HUMAN_SCENARIO
XP_APP0003_01,APP0003,C0003,PERSONAL_PROTOTYPE,TEAM_UNCLEAR,"{""PROBLEM"":""반복 작업의 입력 조건과 자동화 범위를 정했다.""}","[""PROBLEM""]","[""EV_XP_APP0003_01_PROBLEM_M1_SKILL_01""]",2026-10-20T13:43:00+09:00,SYNTHETIC_HUMAN_SCENARIO
XP_APP0003_02,APP0003,C0003,TEAM_PROJECT,TEAM_UNCLEAR,"{""PROBLEM"":""담당 기능의 목표와 서비스 제약을 정리했다.""}","[""PROBLEM""]","[""EV_XP_APP0003_02_PROBLEM_M1_SKILL_01""]",2026-10-20T13:43:00+09:00,SYNTHETIC_HUMAN_SCENARIO
XP_APP0004_01,APP0004,C0004,COURSE_PROJECT,TEAM_UNCLEAR,"{""BUILD"":""입력 데이터를 처리하고 예측을 수행하는 함수를 작성했다."",""VALIDATE"":""분리한 검증 입력에서 예측 오차를 비교했다.""}","[""BUILD"",""VALIDATE""]","[""EV_XP_APP0004_01_BUILD_M1_SKILL_03"",""EV_XP_APP0004_01_VALIDATE_M1_SKILL_03""]",2026-10-20T15:40:00+09:00,SYNTHETIC_HUMAN_SCENARIO
XP_APP0004_02,APP0004,C0004,PERSONAL_PROTOTYPE,SELF,"{""BUILD"":""작업 순서를 실행하는 모듈을 구현했다."",""PROBLEM"":""반복 작업의 입력 조건과 자동화 범위를 정했다."",""VALIDATE"":""빈 입력과 실패 상황 테스트를 실행하고 오류를 수정했다.""}","[""PROBLEM"",""BUILD"",""VALIDATE""]","[""EV_XP_APP0004_02_BUILD_M1_SKILL_03"",""EV_XP_APP0004_02_PROBLEM_M1_SKILL_01"",""EV_XP_APP0004_02_VALIDATE_M1_SKILL_03""]",2026-10-20T15:40:00+09:00,SYNTHETIC_HUMAN_SCENARIO
XP_APP0005_01,APP0005,C0005,COURSE_PROJECT,SELF,"{""PROBLEM"":""과제의 예측 목표와 허용 오차를 정의했다."",""VALIDATE"":""분리한 검증 입력에서 예측 오차를 비교했다.""}","[""PROBLEM"",""VALIDATE""]","[""EV_XP_APP0005_01_PROBLEM_M1_SKILL_01"",""EV_XP_APP0005_01_VALIDATE_M1_SKILL_03""]",2026-10-20T14:26:00+09:00,SYNTHETIC_HUMAN_SCENARIO
XP_APP0005_02,APP0005,C0005,PERSONAL_PROTOTYPE,TEAM_UNCLEAR,"{""PROBLEM"":""반복 작업의 입력 조건과 자동화 범위를 정했다."",""VALIDATE"":""빈 입력과 실패 상황 테스트를 실행하고 오류를 수정했다.""}","[""PROBLEM"",""VALIDATE""]","[""EV_XP_APP0005_02_PROBLEM_M1_SKILL_01"",""EV_XP_APP0005_02_VALIDATE_M1_SKILL_03""]",2026-10-20T14:26:00+09:00,SYNTHETIC_HUMAN_SCENARIO
XP_APP0006_01,APP0006,C0006,COURSE_PROJECT,TEAM_CLEAR,"{""PROBLEM"":""과제의 예측 목표와 허용 오차를 정의했다.""}","[""PROBLEM""]","[""EV_XP_APP0006_01_PROBLEM_M1_SKILL_01""]",2026-10-17T09:25:00+09:00,SYNTHETIC_HUMAN_SCENARIO
XP_APP0006_02,APP0006,C0006,COURSE_PROJECT,TEAM_UNCLEAR,"{""BUILD"":""입력 데이터를 처리하고 예측을 수행하는 함수를 작성했다.""}","[""BUILD""]","[""EV_XP_APP0006_02_BUILD_M1_SKILL_03""]",2026-10-17T09:25:00+09:00,SYNTHETIC_HUMAN_SCENARIO
XP_APP0007_01,APP0007,C0007,TEAM_PROJECT,SELF,{},[],[],2026-10-20T16:46:00+09:00,SYNTHETIC_HUMAN_SCENARIO
XP_APP0007_02,APP0007,C0007,COURSE_PROJECT,TEAM_CLEAR,"{""PROBLEM"":""과제의 예측 목표와 허용 오차를 정의했다.""}","[""PROBLEM""]","[""EV_XP_APP0007_02_PROBLEM_M1_SKILL_01""]",2026-10-20T16:46:00+09:00,SYNTHETIC_HUMAN_SCENARIO
XP_APP0008_01,APP0008,C0008,TEAM_PROJECT,TEAM_CLEAR,"{""BUILD"":""담당 기능의 모델 호출 코드를 구현했다.""}","[""BUILD""]","[""EV_XP_APP0008_01_BUILD_M1_SKILL_03""]",2026-10-14T10:22:00+09:00,SYNTHETIC_HUMAN_SCENARIO
XP_APP0009_01,APP0009,C0009,PERSONAL_PROTOTYPE,SELF,"{""PROBLEM"":""반복 작업의 입력 조건과 자동화 범위를 정했다.""}","[""PROBLEM""]","[""EV_XP_APP0009_01_PROBLEM_M1_SKILL_01""]",2026-10-13T10:49:00+09:00,SYNTHETIC_HUMAN_SCENARIO
XP_APP0009_02,APP0009,C0009,TEAM_PROJECT,SELF,"{""BUILD"":""담당 기능의 모델 호출 코드를 구현했다."",""PROBLEM"":""담당 기능의 목표와 서비스 제약을 정리했다."",""VALIDATE"":""담당 기능의 변경 전후 결과를 비교했다.""}","[""PROBLEM"",""BUILD"",""VALIDATE""]","[""EV_XP_APP0009_02_BUILD_M1_SKILL_03"",""EV_XP_APP0009_02_PROBLEM_M1_SKILL_01"",""EV_XP_APP0009_02_VALIDATE_M1_SKILL_03""]",2026-10-13T10:49:00+09:00,SYNTHETIC_HUMAN_SCENARIO
XP_APP0010_01,APP0010,C0010,PERSONAL_PROTOTYPE,TEAM_CLEAR,"{""BUILD"":""작업 순서를 실행하는 모듈을 구현했다.""}","[""BUILD""]","[""EV_XP_APP0010_01_BUILD_M1_SKILL_03""]",2026-10-13T09:46:00+09:00,SYNTHETIC_HUMAN_SCENARIO
XP_APP0010_02,APP0010,C0010,PERSONAL_PROTOTYPE,SELF,"{""BUILD"":""작업 순서를 실행하는 모듈을 구현했다."",""VALIDATE"":""빈 입력과 실패 상황 테스트를 실행하고 오류를 수정했다.""}","[""BUILD"",""VALIDATE""]","[""EV_XP_APP0010_02_BUILD_M1_SKILL_03"",""EV_XP_APP0010_02_VALIDATE_M1_SKILL_03""]",2026-10-13T09:46:00+09:00,SYNTHETIC_HUMAN_SCENARIO
XP_APP0012_01,APP0012,C0012,PERSONAL_PROTOTYPE,TEAM_CLEAR,"{""PROBLEM"":""반복 작업의 입력 조건과 자동화 범위를 정했다.""}","[""PROBLEM""]","[""EV_XP_APP0012_01_PROBLEM_M1_SKILL_01""]",2026-10-17T09:45:00+09:00,SYNTHETIC_HUMAN_SCENARIO
XP_APP0013_01,APP0013,C0013,PERSONAL_PROTOTYPE,SELF,"{""BUILD"":""작업 순서를 실행하는 모듈을 구현했다."",""VALIDATE"":""빈 입력과 실패 상황 테스트를 실행하고 오류를 수정했다.""}","[""BUILD"",""VALIDATE""]","[""EV_XP_APP0013_01_BUILD_M1_SKILL_03"",""EV_XP_APP0013_01_VALIDATE_M1_SKILL_03""]",2026-10-13T11:29:00+09:00,SYNTHETIC_HUMAN_SCENARIO
XP_APP0014_01,APP0014,C0014,COURSE_PROJECT,TEAM_UNCLEAR,"{""BUILD"":""입력 데이터를 처리하고 예측을 수행하는 함수를 작성했다."",""PROBLEM"":""과제의 예측 목표와 허용 오차를 정의했다."",""VALIDATE"":""분리한 검증 입력에서 예측 오차를 비교했다.""}","[""PROBLEM"",""BUILD"",""VALIDATE""]","[""EV_XP_APP0014_01_BUILD_M1_SKILL_03"",""EV_XP_APP0014_01_PROBLEM_M1_SKILL_01"",""EV_XP_APP0014_01_VALIDATE_M1_SKILL_03""]",2026-10-16T13:47:00+09:00,SYNTHETIC_HUMAN_SCENARIO
XP_APP0018_01,APP0018,C0018,TEAM_PROJECT,TEAM_UNCLEAR,{},[],[],2026-10-14T14:38:00+09:00,SYNTHETIC_HUMAN_SCENARIO
XP_APP0018_02,APP0018,C0018,PERSONAL_PROTOTYPE,TEAM_CLEAR,"{""PROBLEM"":""반복 작업의 입력 조건과 자동화 범위를 정했다."",""VALIDATE"":""빈 입력과 실패 상황 테스트를 실행하고 오류를 수정했다.""}","[""PROBLEM"",""VALIDATE""]","[""EV_XP_APP0018_02_PROBLEM_M1_SKILL_01"",""EV_XP_APP0018_02_VALIDATE_M1_SKILL_03""]",2026-10-14T14:38:00+09:00,SYNTHETIC_HUMAN_SCENARIO
XP_APP0020_01,APP0020,C0020,COURSE_PROJECT,TEAM_UNCLEAR,"{""BUILD"":""입력 데이터를 처리하고 예측을 수행하는 함수를 작성했다."",""PROBLEM"":""과제의 예측 목표와 허용 오차를 정의했다.""}","[""PROBLEM"",""BUILD""]","[""EV_XP_APP0020_01_BUILD_M1_SKILL_03"",""EV_XP_APP0020_01_PROBLEM_M1_SKILL_01""]",2026-10-14T12:49:00+09:00,SYNTHETIC_HUMAN_SCENARIO
XP_APP0020_02,APP0020,C0020,PERSONAL_PROTOTYPE,SELF,"{""PROBLEM"":""반복 작업의 입력 조건과 자동화 범위를 정했다.""}","[""PROBLEM""]","[""EV_XP_APP0020_02_PROBLEM_M1_SKILL_01""]",2026-10-14T12:49:00+09:00,SYNTHETIC_HUMAN_SCENARIO
XP_APP0021_01,APP0021,C0021,TEAM_PROJECT,TEAM_UNCLEAR,"{""BUILD"":""담당 기능의 모델 호출 코드를 구현했다."",""PROBLEM"":""담당 기능의 목표와 서비스 제약을 정리했다."",""VALIDATE"":""담당 기능의 변경 전후 결과를 비교했다.""}","[""PROBLEM"",""BUILD"",""VALIDATE""]","[""EV_XP_APP0021_01_BUILD_M1_SKILL_03"",""EV_XP_APP0021_01_PROBLEM_M1_SKILL_01"",""EV_XP_APP0021_01_VALIDATE_M1_SKILL_03""]",2026-10-16T12:51:00+09:00,SYNTHETIC_HUMAN_SCENARIO
XP_APP0022_01,APP0022,C0022,COURSE_PROJECT,SELF,"{""BUILD"":""입력 데이터를 처리하고 예측을 수행하는 함수를 작성했다.""}","[""BUILD""]","[""EV_XP_APP0022_01_BUILD_M1_SKILL_03""]",2026-10-15T12:29:00+09:00,SYNTHETIC_HUMAN_SCENARIO
XP_APP0022_02,APP0022,C0022,TEAM_PROJECT,TEAM_UNCLEAR,"{""VALIDATE"":""담당 기능의 변경 전후 결과를 비교했다.""}","[""VALIDATE""]","[""EV_XP_APP0022_02_VALIDATE_M1_SKILL_03""]",2026-10-15T12:29:00+09:00,SYNTHETIC_HUMAN_SCENARIO
XP_APP0024_01,APP0024,C0024,COURSE_PROJECT,TEAM_CLEAR,"{""BUILD"":""입력 데이터를 처리하고 예측을 수행하는 함수를 작성했다."",""PROBLEM"":""과제의 예측 목표와 허용 오차를 정의했다."",""VALIDATE"":""분리한 검증 입력에서 예측 오차를 비교했다.""}","[""PROBLEM"",""BUILD"",""VALIDATE""]","[""EV_XP_APP0024_01_BUILD_M1_SKILL_03"",""EV_XP_APP0024_01_PROBLEM_M1_SKILL_01"",""EV_XP_APP0024_01_VALIDATE_M1_SKILL_03""]",2026-10-18T13:29:00+09:00,SYNTHETIC_HUMAN_SCENARIO
XP_APP0024_02,APP0024,C0024,COURSE_PROJECT,SELF,"{""BUILD"":""입력 데이터를 처리하고 예측을 수행하는 함수를 작성했다.""}","[""BUILD""]","[""EV_XP_APP0024_02_BUILD_M1_SKILL_03""]",2026-10-18T13:29:00+09:00,SYNTHETIC_HUMAN_SCENARIO
XP_APP0025_01,APP0025,C0025,PERSONAL_PROTOTYPE,TEAM_CLEAR,"{""PROBLEM"":""반복 작업의 입력 조건과 자동화 범위를 정했다."",""VALIDATE"":""빈 입력과 실패 상황 테스트를 실행하고 오류를 수정했다.""}","[""PROBLEM"",""VALIDATE""]","[""EV_XP_APP0025_01_PROBLEM_M1_SKILL_01"",""EV_XP_APP0025_01_VALIDATE_M1_SKILL_03""]",2026-10-14T15:42:00+09:00,SYNTHETIC_HUMAN_SCENARIO
XP_APP0026_01,APP0026,C0026,TEAM_PROJECT,SELF,"{""BUILD"":""담당 기능의 모델 호출 코드를 구현했다."",""PROBLEM"":""담당 기능의 목표와 서비스 제약을 정리했다.""}","[""PROBLEM"",""BUILD""]","[""EV_XP_APP0026_01_BUILD_M1_SKILL_03"",""EV_XP_APP0026_01_PROBLEM_M1_SKILL_01""]",2026-10-18T13:47:00+09:00,SYNTHETIC_HUMAN_SCENARIO
XP_APP0027_01,APP0027,C0027,COURSE_PROJECT,TEAM_CLEAR,"{""PROBLEM"":""과제의 예측 목표와 허용 오차를 정의했다.""}","[""PROBLEM""]","[""EV_XP_APP0027_01_PROBLEM_M1_SKILL_01""]",2026-10-14T14:27:00+09:00,SYNTHETIC_HUMAN_SCENARIO
XP_APP0027_02,APP0027,C0027,PERSONAL_PROTOTYPE,SELF,{},[],[],2026-10-14T14:27:00+09:00,SYNTHETIC_HUMAN_SCENARIO
XP_APP0029_01,APP0029,C0029,COURSE_PROJECT,TEAM_UNCLEAR,"{""BUILD"":""입력 데이터를 처리하고 예측을 수행하는 함수를 작성했다."",""PROBLEM"":""과제의 예측 목표와 허용 오차를 정의했다."",""VALIDATE"":""분리한 검증 입력에서 예측 오차를 비교했다.""}","[""PROBLEM"",""BUILD"",""VALIDATE""]","[""EV_XP_APP0029_01_BUILD_M1_SKILL_03"",""EV_XP_APP0029_01_PROBLEM_M1_SKILL_01"",""EV_XP_APP0029_01_VALIDATE_M1_SKILL_03""]",2026-10-18T10:39:00+09:00,SYNTHETIC_HUMAN_SCENARIO
XP_APP0029_02,APP0029,C0029,COURSE_PROJECT,SELF,"{""BUILD"":""입력 데이터를 처리하고 예측을 수행하는 함수를 작성했다.""}","[""BUILD""]","[""EV_XP_APP0029_02_BUILD_M1_SKILL_03""]",2026-10-18T10:39:00+09:00,SYNTHETIC_HUMAN_SCENARIO
XP_APP0030_01,APP0030,C0030,PERSONAL_PROTOTYPE,TEAM_CLEAR,"{""BUILD"":""작업 순서를 실행하는 모듈을 구현했다."",""PROBLEM"":""반복 작업의 입력 조건과 자동화 범위를 정했다.""}","[""PROBLEM"",""BUILD""]","[""EV_XP_APP0030_01_BUILD_M1_SKILL_03"",""EV_XP_APP0030_01_PROBLEM_M1_SKILL_01""]",2026-10-15T12:35:00+09:00,SYNTHETIC_HUMAN_SCENARIO
XP_APP0031_01,APP0031,C0031,COURSE_PROJECT,TEAM_CLEAR,"{""BUILD"":""입력 데이터를 처리하고 예측을 수행하는 함수를 작성했다."",""PROBLEM"":""과제의 예측 목표와 허용 오차를 정의했다."",""VALIDATE"":""분리한 검증 입력에서 예측 오차를 비교했다.""}","[""PROBLEM"",""BUILD"",""VALIDATE""]","[""EV_XP_APP0031_01_BUILD_M1_SKILL_03"",""EV_XP_APP0031_01_PROBLEM_M1_SKILL_01"",""EV_XP_APP0031_01_VALIDATE_M1_SKILL_03""]",2026-10-15T16:31:00+09:00,SYNTHETIC_HUMAN_SCENARIO
XP_APP0033_01,APP0033,C0033,COURSE_PROJECT,TEAM_CLEAR,"{""BUILD"":""입력 데이터를 처리하고 예측을 수행하는 함수를 작성했다."",""PROBLEM"":""과제의 예측 목표와 허용 오차를 정의했다."",""VALIDATE"":""분리한 검증 입력에서 예측 오차를 비교했다.""}","[""PROBLEM"",""BUILD"",""VALIDATE""]","[""EV_XP_APP0033_01_BUILD_M1_SKILL_03"",""EV_XP_APP0033_01_PROBLEM_M1_SKILL_01"",""EV_XP_APP0033_01_VALIDATE_M1_SKILL_03""]",2026-10-15T13:02:00+09:00,SYNTHETIC_HUMAN_SCENARIO
XP_APP0034_01,APP0034,C0034,PERSONAL_PROTOTYPE,TEAM_CLEAR,"{""BUILD"":""작업 순서를 실행하는 모듈을 구현했다."",""VALIDATE"":""빈 입력과 실패 상황 테스트를 실행하고 오류를 수정했다.""}","[""BUILD"",""VALIDATE""]","[""EV_XP_APP0034_01_BUILD_M1_SKILL_03"",""EV_XP_APP0034_01_VALIDATE_M1_SKILL_03""]",2026-10-16T16:52:00+09:00,SYNTHETIC_HUMAN_SCENARIO
XP_APP0035_01,APP0035,C0035,TEAM_PROJECT,TEAM_CLEAR,"{""BUILD"":""담당 기능의 모델 호출 코드를 구현했다.""}","[""BUILD""]","[""EV_XP_APP0035_01_BUILD_M1_SKILL_03""]",2026-10-17T15:46:00+09:00,SYNTHETIC_HUMAN_SCENARIO
XP_APP0037_01,APP0037,C0037,COURSE_PROJECT,SELF,"{""PROBLEM"":""과제의 예측 목표와 허용 오차를 정의했다."",""VALIDATE"":""분리한 검증 입력에서 예측 오차를 비교했다.""}","[""PROBLEM"",""VALIDATE""]","[""EV_XP_APP0037_01_PROBLEM_M1_SKILL_01"",""EV_XP_APP0037_01_VALIDATE_M1_SKILL_03""]",2026-10-22T15:49:00+09:00,SYNTHETIC_HUMAN_SCENARIO
XP_APP0037_02,APP0037,C0037,TEAM_PROJECT,TEAM_UNCLEAR,"{""VALIDATE"":""담당 기능의 변경 전후 결과를 비교했다.""}","[""VALIDATE""]","[""EV_XP_APP0037_02_VALIDATE_M1_SKILL_03""]",2026-10-22T15:49:00+09:00,SYNTHETIC_HUMAN_SCENARIO
XP_APP0038_01,APP0038,C0038,PERSONAL_PROTOTYPE,TEAM_CLEAR,"{""PROBLEM"":""반복 작업의 입력 조건과 자동화 범위를 정했다.""}","[""PROBLEM""]","[""EV_XP_APP0038_01_PROBLEM_M1_SKILL_01""]",2026-10-22T15:07:00+09:00,SYNTHETIC_HUMAN_SCENARIO
XP_APP0038_02,APP0038,C0038,COURSE_PROJECT,SELF,"{""VALIDATE"":""분리한 검증 입력에서 예측 오차를 비교했다.""}","[""VALIDATE""]","[""EV_XP_APP0038_02_VALIDATE_M1_SKILL_03""]",2026-10-22T15:07:00+09:00,SYNTHETIC_HUMAN_SCENARIO
XP_APP0039_01,APP0039,C0039,PERSONAL_PROTOTYPE,SELF,"{""PROBLEM"":""반복 작업의 입력 조건과 자동화 범위를 정했다."",""VALIDATE"":""빈 입력과 실패 상황 테스트를 실행하고 오류를 수정했다.""}","[""PROBLEM"",""VALIDATE""]","[""EV_XP_APP0039_01_PROBLEM_M1_SKILL_01"",""EV_XP_APP0039_01_VALIDATE_M1_SKILL_03""]",2026-10-22T15:22:00+09:00,SYNTHETIC_HUMAN_SCENARIO
XP_APP0040_01,APP0040,C0040,COURSE_PROJECT,TEAM_UNCLEAR,"{""PROBLEM"":""과제의 예측 목표와 허용 오차를 정의했다.""}","[""PROBLEM""]","[""EV_XP_APP0040_01_PROBLEM_M1_SKILL_01""]",2026-10-19T11:31:00+09:00,SYNTHETIC_HUMAN_SCENARIO
XP_APP0041_01,APP0041,C0041,TEAM_PROJECT,TEAM_UNCLEAR,{},[],[],2026-10-16T15:59:00+09:00,SYNTHETIC_HUMAN_SCENARIO
XP_APP0042_01,APP0042,C0042,COURSE_PROJECT,TEAM_UNCLEAR,"{""PROBLEM"":""과제의 예측 목표와 허용 오차를 정의했다."",""VALIDATE"":""분리한 검증 입력에서 예측 오차를 비교했다.""}","[""PROBLEM"",""VALIDATE""]","[""EV_XP_APP0042_01_PROBLEM_M1_SKILL_01"",""EV_XP_APP0042_01_VALIDATE_M1_SKILL_03""]",2026-10-19T15:08:00+09:00,SYNTHETIC_HUMAN_SCENARIO
XP_APP0043_01,APP0043,C0043,PERSONAL_PROTOTYPE,SELF,"{""PROBLEM"":""반복 작업의 입력 조건과 자동화 범위를 정했다."",""VALIDATE"":""빈 입력과 실패 상황 테스트를 실행하고 오류를 수정했다.""}","[""PROBLEM"",""VALIDATE""]","[""EV_XP_APP0043_01_PROBLEM_M1_SKILL_01"",""EV_XP_APP0043_01_VALIDATE_M1_SKILL_03""]",2026-10-17T11:43:00+09:00,SYNTHETIC_HUMAN_SCENARIO
XP_APP0043_02,APP0043,C0043,PERSONAL_PROTOTYPE,SELF,"{""BUILD"":""작업 순서를 실행하는 모듈을 구현했다."",""PROBLEM"":""반복 작업의 입력 조건과 자동화 범위를 정했다."",""VALIDATE"":""빈 입력과 실패 상황 테스트를 실행하고 오류를 수정했다.""}","[""PROBLEM"",""BUILD"",""VALIDATE""]","[""EV_XP_APP0043_02_BUILD_M1_SKILL_03"",""EV_XP_APP0043_02_PROBLEM_M1_SKILL_01"",""EV_XP_APP0043_02_VALIDATE_M1_SKILL_03""]",2026-10-17T11:43:00+09:00,SYNTHETIC_HUMAN_SCENARIO
XP_APP0044_01,APP0044,C0044,TEAM_PROJECT,TEAM_UNCLEAR,"{""VALIDATE"":""담당 기능의 변경 전후 결과를 비교했다.""}","[""VALIDATE""]","[""EV_XP_APP0044_01_VALIDATE_M1_SKILL_03""]",2026-10-22T11:04:00+09:00,SYNTHETIC_HUMAN_SCENARIO
XP_APP0044_02,APP0044,C0044,COURSE_PROJECT,TEAM_CLEAR,"{""BUILD"":""입력 데이터를 처리하고 예측을 수행하는 함수를 작성했다.""}","[""BUILD""]","[""EV_XP_APP0044_02_BUILD_M1_SKILL_03""]",2026-10-22T11:04:00+09:00,SYNTHETIC_HUMAN_SCENARIO
XP_APP0045_01,APP0045,C0045,COURSE_PROJECT,SELF,"{""VALIDATE"":""분리한 검증 입력에서 예측 오차를 비교했다.""}","[""VALIDATE""]","[""EV_XP_APP0045_01_VALIDATE_M1_SKILL_03""]",2026-10-17T14:33:00+09:00,SYNTHETIC_HUMAN_SCENARIO
XP_APP0046_01,APP0046,C0046,PERSONAL_PROTOTYPE,TEAM_CLEAR,"{""PROBLEM"":""반복 작업의 입력 조건과 자동화 범위를 정했다.""}","[""PROBLEM""]","[""EV_XP_APP0046_01_PROBLEM_M1_SKILL_01""]",2026-10-15T15:34:00+09:00,SYNTHETIC_HUMAN_SCENARIO
XP_APP0046_02,APP0046,C0046,PERSONAL_PROTOTYPE,SELF,"{""PROBLEM"":""반복 작업의 입력 조건과 자동화 범위를 정했다."",""VALIDATE"":""빈 입력과 실패 상황 테스트를 실행하고 오류를 수정했다.""}","[""PROBLEM"",""VALIDATE""]","[""EV_XP_APP0046_02_PROBLEM_M1_SKILL_01"",""EV_XP_APP0046_02_VALIDATE_M1_SKILL_03""]",2026-10-15T15:34:00+09:00,SYNTHETIC_HUMAN_SCENARIO
XP_APP0048_01,APP0048,C0048,COURSE_PROJECT,TEAM_UNCLEAR,"{""BUILD"":""입력 데이터를 처리하고 예측을 수행하는 함수를 작성했다."",""PROBLEM"":""과제의 예측 목표와 허용 오차를 정의했다.""}","[""PROBLEM"",""BUILD""]","[""EV_XP_APP0048_01_BUILD_M1_SKILL_03"",""EV_XP_APP0048_01_PROBLEM_M1_SKILL_01""]",2026-10-17T12:02:00+09:00,SYNTHETIC_HUMAN_SCENARIO
XP_APP0049_01,APP0049,C0049,COURSE_PROJECT,TEAM_CLEAR,"{""BUILD"":""입력 데이터를 처리하고 예측을 수행하는 함수를 작성했다."",""PROBLEM"":""과제의 예측 목표와 허용 오차를 정의했다.""}","[""PROBLEM"",""BUILD""]","[""EV_XP_APP0049_01_BUILD_M1_SKILL_03"",""EV_XP_APP0049_01_PROBLEM_M1_SKILL_01""]",2026-10-19T16:03:00+09:00,SYNTHETIC_HUMAN_SCENARIO
XP_APP0049_02,APP0049,C0049,COURSE_PROJECT,TEAM_UNCLEAR,"{""PROBLEM"":""과제의 예측 목표와 허용 오차를 정의했다.""}","[""PROBLEM""]","[""EV_XP_APP0049_02_PROBLEM_M1_SKILL_01""]",2026-10-19T16:03:00+09:00,SYNTHETIC_HUMAN_SCENARIO
XP_APP0050_01,APP0050,C0050,TEAM_PROJECT,TEAM_CLEAR,"{""PROBLEM"":""담당 기능의 목표와 서비스 제약을 정리했다.""}","[""PROBLEM""]","[""EV_XP_APP0050_01_PROBLEM_M1_SKILL_01""]",2026-10-20T09:06:00+09:00,SYNTHETIC_HUMAN_SCENARIO
XP_APP0051_01,APP0051,C0051,COURSE_PROJECT,SELF,"{""BUILD"":""입력 데이터를 처리하고 예측을 수행하는 함수를 작성했다."",""PROBLEM"":""과제의 예측 목표와 허용 오차를 정의했다."",""VALIDATE"":""분리한 검증 입력에서 예측 오차를 비교했다.""}","[""PROBLEM"",""BUILD"",""VALIDATE""]","[""EV_XP_APP0051_01_BUILD_M1_SKILL_03"",""EV_XP_APP0051_01_PROBLEM_M1_SKILL_01"",""EV_XP_APP0051_01_VALIDATE_M1_SKILL_03""]",2026-10-16T12:01:00+09:00,SYNTHETIC_HUMAN_SCENARIO
XP_APP0052_01,APP0052,C0052,COURSE_PROJECT,SELF,"{""BUILD"":""입력 데이터를 처리하고 예측을 수행하는 함수를 작성했다."",""VALIDATE"":""분리한 검증 입력에서 예측 오차를 비교했다.""}","[""BUILD"",""VALIDATE""]","[""EV_XP_APP0052_01_BUILD_M1_SKILL_03"",""EV_XP_APP0052_01_VALIDATE_M1_SKILL_03""]",2026-10-23T12:55:00+09:00,SYNTHETIC_HUMAN_SCENARIO
XP_APP0053_01,APP0053,C0053,COURSE_PROJECT,SELF,"{""BUILD"":""입력 데이터를 처리하고 예측을 수행하는 함수를 작성했다.""}","[""BUILD""]","[""EV_XP_APP0053_01_BUILD_M1_SKILL_03""]",2026-10-18T09:03:00+09:00,SYNTHETIC_HUMAN_SCENARIO
XP_APP0056_01,APP0056,C0056,TEAM_PROJECT,SELF,"{""BUILD"":""담당 기능의 모델 호출 코드를 구현했다."",""PROBLEM"":""담당 기능의 목표와 서비스 제약을 정리했다.""}","[""PROBLEM"",""BUILD""]","[""EV_XP_APP0056_01_BUILD_M1_SKILL_03"",""EV_XP_APP0056_01_PROBLEM_M1_SKILL_01""]",2026-10-17T10:32:00+09:00,SYNTHETIC_HUMAN_SCENARIO
XP_APP0057_01,APP0057,C0057,COURSE_PROJECT,TEAM_UNCLEAR,"{""PROBLEM"":""과제의 예측 목표와 허용 오차를 정의했다."",""VALIDATE"":""분리한 검증 입력에서 예측 오차를 비교했다.""}","[""PROBLEM"",""VALIDATE""]","[""EV_XP_APP0057_01_PROBLEM_M1_SKILL_01"",""EV_XP_APP0057_01_VALIDATE_M1_SKILL_03""]",2026-10-20T11:16:00+09:00,SYNTHETIC_HUMAN_SCENARIO
XP_APP0057_02,APP0057,C0057,TEAM_PROJECT,SELF,"{""BUILD"":""담당 기능의 모델 호출 코드를 구현했다."",""PROBLEM"":""담당 기능의 목표와 서비스 제약을 정리했다."",""VALIDATE"":""담당 기능의 변경 전후 결과를 비교했다.""}","[""PROBLEM"",""BUILD"",""VALIDATE""]","[""EV_XP_APP0057_02_BUILD_M1_SKILL_03"",""EV_XP_APP0057_02_PROBLEM_M1_SKILL_01"",""EV_XP_APP0057_02_VALIDATE_M1_SKILL_03""]",2026-10-20T11:16:00+09:00,SYNTHETIC_HUMAN_SCENARIO
XP_APP0058_01,APP0058,C0058,TEAM_PROJECT,SELF,"{""BUILD"":""담당 기능의 모델 호출 코드를 구현했다."",""PROBLEM"":""담당 기능의 목표와 서비스 제약을 정리했다.""}","[""PROBLEM"",""BUILD""]","[""EV_XP_APP0058_01_BUILD_M1_SKILL_03"",""EV_XP_APP0058_01_PROBLEM_M1_SKILL_01""]",2026-10-17T14:11:00+09:00,SYNTHETIC_HUMAN_SCENARIO
XP_APP0058_02,APP0058,C0058,COURSE_PROJECT,TEAM_CLEAR,{},[],[],2026-10-17T14:11:00+09:00,SYNTHETIC_HUMAN_SCENARIO
XP_APP0059_01,APP0059,C0059,COURSE_PROJECT,SELF,"{""PROBLEM"":""과제의 예측 목표와 허용 오차를 정의했다.""}","[""PROBLEM""]","[""EV_XP_APP0059_01_PROBLEM_M1_SKILL_01""]",2026-10-18T11:48:00+09:00,SYNTHETIC_HUMAN_SCENARIO
XP_APP0059_02,APP0059,C0059,TEAM_PROJECT,SELF,"{""PROBLEM"":""담당 기능의 목표와 서비스 제약을 정리했다.""}","[""PROBLEM""]","[""EV_XP_APP0059_02_PROBLEM_M1_SKILL_01""]",2026-10-18T11:48:00+09:00,SYNTHETIC_HUMAN_SCENARIO
XP_APP0061_01,APP0061,C0061,TEAM_PROJECT,TEAM_CLEAR,"{""VALIDATE"":""담당 기능의 변경 전후 결과를 비교했다.""}","[""VALIDATE""]","[""EV_XP_APP0061_01_VALIDATE_M1_SKILL_03""]",2026-10-20T10:08:00+09:00,SYNTHETIC_HUMAN_SCENARIO
XP_APP0061_02,APP0061,C0061,PERSONAL_PROTOTYPE,SELF,"{""BUILD"":""작업 순서를 실행하는 모듈을 구현했다."",""PROBLEM"":""반복 작업의 입력 조건과 자동화 범위를 정했다.""}","[""PROBLEM"",""BUILD""]","[""EV_XP_APP0061_02_BUILD_M1_SKILL_03"",""EV_XP_APP0061_02_PROBLEM_M1_SKILL_01""]",2026-10-20T10:08:00+09:00,SYNTHETIC_HUMAN_SCENARIO
XP_APP0062_01,APP0062,C0062,TEAM_PROJECT,TEAM_UNCLEAR,{},[],[],2026-10-17T09:09:00+09:00,SYNTHETIC_HUMAN_SCENARIO
XP_APP0062_02,APP0062,C0062,COURSE_PROJECT,TEAM_UNCLEAR,"{""PROBLEM"":""과제의 예측 목표와 허용 오차를 정의했다.""}","[""PROBLEM""]","[""EV_XP_APP0062_02_PROBLEM_M1_SKILL_01""]",2026-10-17T09:09:00+09:00,SYNTHETIC_HUMAN_SCENARIO
XP_APP0063_01,APP0063,C0063,PERSONAL_PROTOTYPE,SELF,"{""PROBLEM"":""반복 작업의 입력 조건과 자동화 범위를 정했다.""}","[""PROBLEM""]","[""EV_XP_APP0063_01_PROBLEM_M1_SKILL_01""]",2026-10-20T12:24:00+09:00,SYNTHETIC_HUMAN_SCENARIO
XP_APP0063_02,APP0063,C0063,PERSONAL_PROTOTYPE,TEAM_UNCLEAR,"{""PROBLEM"":""반복 작업의 입력 조건과 자동화 범위를 정했다.""}","[""PROBLEM""]","[""EV_XP_APP0063_02_PROBLEM_M1_SKILL_01""]",2026-10-20T12:24:00+09:00,SYNTHETIC_HUMAN_SCENARIO
XP_APP0064_01,APP0064,C0064,PERSONAL_PROTOTYPE,TEAM_UNCLEAR,"{""BUILD"":""작업 순서를 실행하는 모듈을 구현했다."",""PROBLEM"":""반복 작업의 입력 조건과 자동화 범위를 정했다."",""VALIDATE"":""빈 입력과 실패 상황 테스트를 실행하고 오류를 수정했다.""}","[""PROBLEM"",""BUILD"",""VALIDATE""]","[""EV_XP_APP0064_01_BUILD_M1_SKILL_03"",""EV_XP_APP0064_01_PROBLEM_M1_SKILL_01"",""EV_XP_APP0064_01_VALIDATE_M1_SKILL_03""]",2026-10-23T12:45:00+09:00,SYNTHETIC_HUMAN_SCENARIO
XP_APP0064_02,APP0064,C0064,TEAM_PROJECT,SELF,"{""BUILD"":""담당 기능의 모델 호출 코드를 구현했다."",""PROBLEM"":""담당 기능의 목표와 서비스 제약을 정리했다.""}","[""PROBLEM"",""BUILD""]","[""EV_XP_APP0064_02_BUILD_M1_SKILL_03"",""EV_XP_APP0064_02_PROBLEM_M1_SKILL_01""]",2026-10-23T12:45:00+09:00,SYNTHETIC_HUMAN_SCENARIO
XP_APP0066_01,APP0066,C0066,PERSONAL_PROTOTYPE,TEAM_UNCLEAR,"{""BUILD"":""작업 순서를 실행하는 모듈을 구현했다."",""PROBLEM"":""반복 작업의 입력 조건과 자동화 범위를 정했다."",""VALIDATE"":""빈 입력과 실패 상황 테스트를 실행하고 오류를 수정했다.""}","[""PROBLEM"",""BUILD"",""VALIDATE""]","[""EV_XP_APP0066_01_BUILD_M1_SKILL_03"",""EV_XP_APP0066_01_PROBLEM_M1_SKILL_01"",""EV_XP_APP0066_01_VALIDATE_M1_SKILL_03""]",2026-10-23T16:45:00+09:00,SYNTHETIC_HUMAN_SCENARIO
XP_APP0066_02,APP0066,C0066,PERSONAL_PROTOTYPE,TEAM_CLEAR,"{""BUILD"":""작업 순서를 실행하는 모듈을 구현했다."",""VALIDATE"":""빈 입력과 실패 상황 테스트를 실행하고 오류를 수정했다.""}","[""BUILD"",""VALIDATE""]","[""EV_XP_APP0066_02_BUILD_M1_SKILL_03"",""EV_XP_APP0066_02_VALIDATE_M1_SKILL_03""]",2026-10-23T16:45:00+09:00,SYNTHETIC_HUMAN_SCENARIO
XP_APP0067_01,APP0067,C0067,TEAM_PROJECT,SELF,{},[],[],2026-10-23T09:28:00+09:00,SYNTHETIC_HUMAN_SCENARIO
XP_APP0068_01,APP0068,C0068,TEAM_PROJECT,TEAM_CLEAR,"{""PROBLEM"":""담당 기능의 목표와 서비스 제약을 정리했다."",""VALIDATE"":""담당 기능의 변경 전후 결과를 비교했다.""}","[""PROBLEM"",""VALIDATE""]","[""EV_XP_APP0068_01_PROBLEM_M1_SKILL_01"",""EV_XP_APP0068_01_VALIDATE_M1_SKILL_03""]",2026-10-17T11:33:00+09:00,SYNTHETIC_HUMAN_SCENARIO
XP_APP0068_02,APP0068,C0068,TEAM_PROJECT,TEAM_UNCLEAR,"{""BUILD"":""담당 기능의 모델 호출 코드를 구현했다."",""VALIDATE"":""담당 기능의 변경 전후 결과를 비교했다.""}","[""BUILD"",""VALIDATE""]","[""EV_XP_APP0068_02_BUILD_M1_SKILL_03"",""EV_XP_APP0068_02_VALIDATE_M1_SKILL_03""]",2026-10-17T11:33:00+09:00,SYNTHETIC_HUMAN_SCENARIO
XP_APP0070_01,APP0070,C0070,TEAM_PROJECT,SELF,"{""BUILD"":""담당 기능의 모델 호출 코드를 구현했다."",""PROBLEM"":""담당 기능의 목표와 서비스 제약을 정리했다."",""VALIDATE"":""담당 기능의 변경 전후 결과를 비교했다.""}","[""PROBLEM"",""BUILD"",""VALIDATE""]","[""EV_XP_APP0070_01_BUILD_M1_SKILL_03"",""EV_XP_APP0070_01_PROBLEM_M1_SKILL_01"",""EV_XP_APP0070_01_VALIDATE_M1_SKILL_03""]",2026-10-19T14:17:00+09:00,SYNTHETIC_HUMAN_SCENARIO
XP_APP0073_01,APP0073,C0073,TEAM_PROJECT,TEAM_UNCLEAR,"{""BUILD"":""담당 기능의 모델 호출 코드를 구현했다."",""PROBLEM"":""담당 기능의 목표와 서비스 제약을 정리했다.""}","[""PROBLEM"",""BUILD""]","[""EV_XP_APP0073_01_BUILD_M1_SKILL_03"",""EV_XP_APP0073_01_PROBLEM_M1_SKILL_01""]",2026-10-19T14:13:00+09:00,SYNTHETIC_HUMAN_SCENARIO
XP_APP0073_02,APP0073,C0073,COURSE_PROJECT,TEAM_UNCLEAR,"{""BUILD"":""입력 데이터를 처리하고 예측을 수행하는 함수를 작성했다."",""VALIDATE"":""분리한 검증 입력에서 예측 오차를 비교했다.""}","[""BUILD"",""VALIDATE""]","[""EV_XP_APP0073_02_BUILD_M1_SKILL_03"",""EV_XP_APP0073_02_VALIDATE_M1_SKILL_03""]",2026-10-19T14:13:00+09:00,SYNTHETIC_HUMAN_SCENARIO
XP_APP0074_01,APP0074,C0074,PERSONAL_PROTOTYPE,TEAM_CLEAR,"{""BUILD"":""작업 순서를 실행하는 모듈을 구현했다."",""PROBLEM"":""반복 작업의 입력 조건과 자동화 범위를 정했다.""}","[""PROBLEM"",""BUILD""]","[""EV_XP_APP0074_01_BUILD_M1_SKILL_03"",""EV_XP_APP0074_01_PROBLEM_M1_SKILL_01""]",2026-10-18T13:41:00+09:00,SYNTHETIC_HUMAN_SCENARIO
XP_APP0074_02,APP0074,C0074,COURSE_PROJECT,SELF,"{""BUILD"":""입력 데이터를 처리하고 예측을 수행하는 함수를 작성했다."",""PROBLEM"":""과제의 예측 목표와 허용 오차를 정의했다.""}","[""PROBLEM"",""BUILD""]","[""EV_XP_APP0074_02_BUILD_M1_SKILL_03"",""EV_XP_APP0074_02_PROBLEM_M1_SKILL_01""]",2026-10-18T13:41:00+09:00,SYNTHETIC_HUMAN_SCENARIO
XP_APP0076_01,APP0076,C0076,TEAM_PROJECT,SELF,"{""BUILD"":""담당 기능의 모델 호출 코드를 구현했다."",""PROBLEM"":""담당 기능의 목표와 서비스 제약을 정리했다."",""VALIDATE"":""담당 기능의 변경 전후 결과를 비교했다.""}","[""PROBLEM"",""BUILD"",""VALIDATE""]","[""EV_XP_APP0076_01_BUILD_M1_SKILL_03"",""EV_XP_APP0076_01_PROBLEM_M1_SKILL_01"",""EV_XP_APP0076_01_VALIDATE_M1_SKILL_03""]",2026-10-17T10:06:00+09:00,SYNTHETIC_HUMAN_SCENARIO
XP_APP0076_02,APP0076,C0076,TEAM_PROJECT,SELF,"{""BUILD"":""담당 기능의 모델 호출 코드를 구현했다."",""PROBLEM"":""담당 기능의 목표와 서비스 제약을 정리했다."",""VALIDATE"":""담당 기능의 변경 전후 결과를 비교했다.""}","[""PROBLEM"",""BUILD"",""VALIDATE""]","[""EV_XP_APP0076_02_BUILD_M1_SKILL_03"",""EV_XP_APP0076_02_PROBLEM_M1_SKILL_01"",""EV_XP_APP0076_02_VALIDATE_M1_SKILL_03""]",2026-10-17T10:06:00+09:00,SYNTHETIC_HUMAN_SCENARIO
XP_APP0077_01,APP0077,C0077,TEAM_PROJECT,TEAM_CLEAR,"{""PROBLEM"":""담당 기능의 목표와 서비스 제약을 정리했다.""}","[""PROBLEM""]","[""EV_XP_APP0077_01_PROBLEM_M1_SKILL_01""]",2026-10-18T16:24:00+09:00,SYNTHETIC_HUMAN_SCENARIO
XP_APP0078_01,APP0078,C0078,PERSONAL_PROTOTYPE,TEAM_UNCLEAR,"{""BUILD"":""작업 순서를 실행하는 모듈을 구현했다."",""PROBLEM"":""반복 작업의 입력 조건과 자동화 범위를 정했다.""}","[""PROBLEM"",""BUILD""]","[""EV_XP_APP0078_01_BUILD_M1_SKILL_03"",""EV_XP_APP0078_01_PROBLEM_M1_SKILL_01""]",2026-10-19T12:33:00+09:00,SYNTHETIC_HUMAN_SCENARIO
XP_APP0079_01,APP0079,C0079,TEAM_PROJECT,TEAM_UNCLEAR,"{""BUILD"":""담당 기능의 모델 호출 코드를 구현했다.""}","[""BUILD""]","[""EV_XP_APP0079_01_BUILD_M1_SKILL_03""]",2026-10-18T09:57:00+09:00,SYNTHETIC_HUMAN_SCENARIO
XP_APP0080_01,APP0080,C0080,TEAM_PROJECT,TEAM_CLEAR,"{""BUILD"":""담당 기능의 모델 호출 코드를 구현했다.""}","[""BUILD""]","[""EV_XP_APP0080_01_BUILD_M1_SKILL_03""]",2026-10-19T13:28:00+09:00,SYNTHETIC_HUMAN_SCENARIO
XP_APP0082_01,APP0082,C0082,PERSONAL_PROTOTYPE,TEAM_CLEAR,"{""PROBLEM"":""반복 작업의 입력 조건과 자동화 범위를 정했다."",""VALIDATE"":""빈 입력과 실패 상황 테스트를 실행하고 오류를 수정했다.""}","[""PROBLEM"",""VALIDATE""]","[""EV_XP_APP0082_01_PROBLEM_M1_SKILL_01"",""EV_XP_APP0082_01_VALIDATE_M1_SKILL_03""]",2026-10-24T15:21:00+09:00,SYNTHETIC_HUMAN_SCENARIO
XP_APP0082_02,APP0082,C0082,COURSE_PROJECT,TEAM_UNCLEAR,"{""PROBLEM"":""과제의 예측 목표와 허용 오차를 정의했다.""}","[""PROBLEM""]","[""EV_XP_APP0082_02_PROBLEM_M1_SKILL_01""]",2026-10-24T15:21:00+09:00,SYNTHETIC_HUMAN_SCENARIO
XP_APP0083_01,APP0083,C0083,PERSONAL_PROTOTYPE,TEAM_CLEAR,"{""BUILD"":""작업 순서를 실행하는 모듈을 구현했다."",""PROBLEM"":""반복 작업의 입력 조건과 자동화 범위를 정했다.""}","[""PROBLEM"",""BUILD""]","[""EV_XP_APP0083_01_BUILD_M1_SKILL_03"",""EV_XP_APP0083_01_PROBLEM_M1_SKILL_01""]",2026-10-18T14:25:00+09:00,SYNTHETIC_HUMAN_SCENARIO
XP_APP0085_01,APP0085,C0085,TEAM_PROJECT,TEAM_CLEAR,"{""PROBLEM"":""담당 기능의 목표와 서비스 제약을 정리했다."",""VALIDATE"":""담당 기능의 변경 전후 결과를 비교했다.""}","[""PROBLEM"",""VALIDATE""]","[""EV_XP_APP0085_01_PROBLEM_M1_SKILL_01"",""EV_XP_APP0085_01_VALIDATE_M1_SKILL_03""]",2026-10-18T11:54:00+09:00,SYNTHETIC_HUMAN_SCENARIO
XP_APP0086_01,APP0086,C0086,TEAM_PROJECT,TEAM_CLEAR,"{""BUILD"":""담당 기능의 모델 호출 코드를 구현했다.""}","[""BUILD""]","[""EV_XP_APP0086_01_BUILD_M1_SKILL_03""]",2026-10-17T15:09:00+09:00,SYNTHETIC_HUMAN_SCENARIO
XP_APP0087_01,APP0087,C0087,PERSONAL_PROTOTYPE,TEAM_CLEAR,"{""BUILD"":""작업 순서를 실행하는 모듈을 구현했다."",""VALIDATE"":""빈 입력과 실패 상황 테스트를 실행하고 오류를 수정했다.""}","[""BUILD"",""VALIDATE""]","[""EV_XP_APP0087_01_BUILD_M1_SKILL_03"",""EV_XP_APP0087_01_VALIDATE_M1_SKILL_03""]",2026-10-19T12:35:00+09:00,SYNTHETIC_HUMAN_SCENARIO
XP_APP0087_02,APP0087,C0087,COURSE_PROJECT,SELF,"{""BUILD"":""입력 데이터를 처리하고 예측을 수행하는 함수를 작성했다.""}","[""BUILD""]","[""EV_XP_APP0087_02_BUILD_M1_SKILL_03""]",2026-10-19T12:35:00+09:00,SYNTHETIC_HUMAN_SCENARIO
XP_APP0088_01,APP0088,C0088,PERSONAL_PROTOTYPE,SELF,"{""PROBLEM"":""반복 작업의 입력 조건과 자동화 범위를 정했다.""}","[""PROBLEM""]","[""EV_XP_APP0088_01_PROBLEM_M1_SKILL_01""]",2026-10-18T13:46:00+09:00,SYNTHETIC_HUMAN_SCENARIO
XP_APP0089_01,APP0089,C0089,PERSONAL_PROTOTYPE,TEAM_CLEAR,"{""BUILD"":""작업 순서를 실행하는 모듈을 구현했다."",""PROBLEM"":""반복 작업의 입력 조건과 자동화 범위를 정했다.""}","[""PROBLEM"",""BUILD""]","[""EV_XP_APP0089_01_BUILD_M1_SKILL_03"",""EV_XP_APP0089_01_PROBLEM_M1_SKILL_01""]",2026-10-19T14:54:00+09:00,SYNTHETIC_HUMAN_SCENARIO
XP_APP0089_02,APP0089,C0089,COURSE_PROJECT,SELF,{},[],[],2026-10-19T14:54:00+09:00,SYNTHETIC_HUMAN_SCENARIO
XP_APP0090_01,APP0090,C0090,TEAM_PROJECT,TEAM_UNCLEAR,"{""BUILD"":""담당 기능의 모델 호출 코드를 구현했다."",""VALIDATE"":""담당 기능의 변경 전후 결과를 비교했다.""}","[""BUILD"",""VALIDATE""]","[""EV_XP_APP0090_01_BUILD_M1_SKILL_03"",""EV_XP_APP0090_01_VALIDATE_M1_SKILL_03""]",2026-10-20T09:58:00+09:00,SYNTHETIC_HUMAN_SCENARIO
XP_APP0091_01,APP0091,C0091,COURSE_PROJECT,TEAM_CLEAR,"{""BUILD"":""입력 데이터를 처리하고 예측을 수행하는 함수를 작성했다."",""VALIDATE"":""분리한 검증 입력에서 예측 오차를 비교했다.""}","[""BUILD"",""VALIDATE""]","[""EV_XP_APP0091_01_BUILD_M1_SKILL_03"",""EV_XP_APP0091_01_VALIDATE_M1_SKILL_03""]",2026-10-25T16:02:00+09:00,SYNTHETIC_HUMAN_SCENARIO
XP_APP0091_02,APP0091,C0091,COURSE_PROJECT,TEAM_UNCLEAR,{},[],[],2026-10-25T16:02:00+09:00,SYNTHETIC_HUMAN_SCENARIO
XP_APP0093_01,APP0093,C0093,COURSE_PROJECT,TEAM_CLEAR,"{""PROBLEM"":""과제의 예측 목표와 허용 오차를 정의했다."",""VALIDATE"":""분리한 검증 입력에서 예측 오차를 비교했다.""}","[""PROBLEM"",""VALIDATE""]","[""EV_XP_APP0093_01_PROBLEM_M1_SKILL_01"",""EV_XP_APP0093_01_VALIDATE_M1_SKILL_03""]",2026-10-20T14:55:00+09:00,SYNTHETIC_HUMAN_SCENARIO
XP_APP0095_01,APP0095,C0095,COURSE_PROJECT,SELF,"{""VALIDATE"":""분리한 검증 입력에서 예측 오차를 비교했다.""}","[""VALIDATE""]","[""EV_XP_APP0095_01_VALIDATE_M1_SKILL_03""]",2026-10-20T15:04:00+09:00,SYNTHETIC_HUMAN_SCENARIO
XP_APP0095_02,APP0095,C0095,TEAM_PROJECT,SELF,"{""BUILD"":""담당 기능의 모델 호출 코드를 구현했다."",""PROBLEM"":""담당 기능의 목표와 서비스 제약을 정리했다.""}","[""PROBLEM"",""BUILD""]","[""EV_XP_APP0095_02_BUILD_M1_SKILL_03"",""EV_XP_APP0095_02_PROBLEM_M1_SKILL_01""]",2026-10-20T15:04:00+09:00,SYNTHETIC_HUMAN_SCENARIO
XP_APP0096_01,APP0096,C0096,COURSE_PROJECT,TEAM_UNCLEAR,"{""VALIDATE"":""분리한 검증 입력에서 예측 오차를 비교했다.""}","[""VALIDATE""]","[""EV_XP_APP0096_01_VALIDATE_M1_SKILL_03""]",2026-10-20T12:34:00+09:00,SYNTHETIC_HUMAN_SCENARIO
XP_APP0096_02,APP0096,C0096,TEAM_PROJECT,TEAM_UNCLEAR,"{""VALIDATE"":""담당 기능의 변경 전후 결과를 비교했다.""}","[""VALIDATE""]","[""EV_XP_APP0096_02_VALIDATE_M1_SKILL_03""]",2026-10-20T12:34:00+09:00,SYNTHETIC_HUMAN_SCENARIO
XP_APP0097_01,APP0097,C0097,COURSE_PROJECT,TEAM_CLEAR,"{""PROBLEM"":""과제의 예측 목표와 허용 오차를 정의했다.""}","[""PROBLEM""]","[""EV_XP_APP0097_01_PROBLEM_M1_SKILL_01""]",2026-10-20T11:34:00+09:00,SYNTHETIC_HUMAN_SCENARIO
XP_APP0098_01,APP0098,C0098,TEAM_PROJECT,SELF,"{""BUILD"":""담당 기능의 모델 호출 코드를 구현했다."",""VALIDATE"":""담당 기능의 변경 전후 결과를 비교했다.""}","[""BUILD"",""VALIDATE""]","[""EV_XP_APP0098_01_BUILD_M1_SKILL_03"",""EV_XP_APP0098_01_VALIDATE_M1_SKILL_03""]",2026-10-22T15:50:00+09:00,SYNTHETIC_HUMAN_SCENARIO
XP_APP0099_01,APP0099,C0099,TEAM_PROJECT,SELF,"{""BUILD"":""담당 기능의 모델 호출 코드를 구현했다.""}","[""BUILD""]","[""EV_XP_APP0099_01_BUILD_M1_SKILL_03""]",2026-10-25T14:14:00+09:00,SYNTHETIC_HUMAN_SCENARIO
XP_APP0101_01,APP0101,C0101,COURSE_PROJECT,SELF,"{""BUILD"":""입력 데이터를 처리하고 예측을 수행하는 함수를 작성했다."",""PROBLEM"":""과제의 예측 목표와 허용 오차를 정의했다."",""VALIDATE"":""분리한 검증 입력에서 예측 오차를 비교했다.""}","[""PROBLEM"",""BUILD"",""VALIDATE""]","[""EV_XP_APP0101_01_BUILD_M1_SKILL_03"",""EV_XP_APP0101_01_PROBLEM_M1_SKILL_01"",""EV_XP_APP0101_01_VALIDATE_M1_SKILL_03""]",2026-10-20T15:59:00+09:00,SYNTHETIC_HUMAN_SCENARIO
XP_APP0101_02,APP0101,C0101,PERSONAL_PROTOTYPE,TEAM_CLEAR,"{""BUILD"":""작업 순서를 실행하는 모듈을 구현했다."",""PROBLEM"":""반복 작업의 입력 조건과 자동화 범위를 정했다.""}","[""PROBLEM"",""BUILD""]","[""EV_XP_APP0101_02_BUILD_M1_SKILL_03"",""EV_XP_APP0101_02_PROBLEM_M1_SKILL_01""]",2026-10-20T15:59:00+09:00,SYNTHETIC_HUMAN_SCENARIO
XP_APP0102_01,APP0102,C0102,COURSE_PROJECT,TEAM_UNCLEAR,{},[],[],2026-10-19T16:55:00+09:00,SYNTHETIC_HUMAN_SCENARIO
XP_APP0102_02,APP0102,C0102,PERSONAL_PROTOTYPE,SELF,{},[],[],2026-10-19T16:55:00+09:00,SYNTHETIC_HUMAN_SCENARIO
XP_APP0103_01,APP0103,C0103,PERSONAL_PROTOTYPE,TEAM_UNCLEAR,"{""VALIDATE"":""빈 입력과 실패 상황 테스트를 실행하고 오류를 수정했다.""}","[""VALIDATE""]","[""EV_XP_APP0103_01_VALIDATE_M1_SKILL_03""]",2026-10-18T13:37:00+09:00,SYNTHETIC_HUMAN_SCENARIO
XP_APP0103_02,APP0103,C0103,PERSONAL_PROTOTYPE,TEAM_UNCLEAR,"{""PROBLEM"":""반복 작업의 입력 조건과 자동화 범위를 정했다.""}","[""PROBLEM""]","[""EV_XP_APP0103_02_PROBLEM_M1_SKILL_01""]",2026-10-18T13:37:00+09:00,SYNTHETIC_HUMAN_SCENARIO
XP_APP0104_01,APP0104,C0104,PERSONAL_PROTOTYPE,TEAM_UNCLEAR,"{""BUILD"":""작업 순서를 실행하는 모듈을 구현했다.""}","[""BUILD""]","[""EV_XP_APP0104_01_BUILD_M1_SKILL_03""]",2026-10-25T13:41:00+09:00,SYNTHETIC_HUMAN_SCENARIO
XP_APP0104_02,APP0104,C0104,COURSE_PROJECT,TEAM_UNCLEAR,"{""PROBLEM"":""과제의 예측 목표와 허용 오차를 정의했다.""}","[""PROBLEM""]","[""EV_XP_APP0104_02_PROBLEM_M1_SKILL_01""]",2026-10-25T13:41:00+09:00,SYNTHETIC_HUMAN_SCENARIO
XP_APP0105_01,APP0105,C0105,COURSE_PROJECT,TEAM_CLEAR,"{""BUILD"":""입력 데이터를 처리하고 예측을 수행하는 함수를 작성했다."",""PROBLEM"":""과제의 예측 목표와 허용 오차를 정의했다.""}","[""PROBLEM"",""BUILD""]","[""EV_XP_APP0105_01_BUILD_M1_SKILL_03"",""EV_XP_APP0105_01_PROBLEM_M1_SKILL_01""]",2026-10-20T11:34:00+09:00,SYNTHETIC_HUMAN_SCENARIO
XP_APP0107_01,APP0107,C0107,TEAM_PROJECT,TEAM_CLEAR,"{""BUILD"":""담당 기능의 모델 호출 코드를 구현했다."",""VALIDATE"":""담당 기능의 변경 전후 결과를 비교했다.""}","[""BUILD"",""VALIDATE""]","[""EV_XP_APP0107_01_BUILD_M1_SKILL_03"",""EV_XP_APP0107_01_VALIDATE_M1_SKILL_03""]",2026-10-26T10:23:00+09:00,SYNTHETIC_HUMAN_SCENARIO
XP_APP0107_02,APP0107,C0107,TEAM_PROJECT,TEAM_UNCLEAR,"{""BUILD"":""담당 기능의 모델 호출 코드를 구현했다.""}","[""BUILD""]","[""EV_XP_APP0107_02_BUILD_M1_SKILL_03""]",2026-10-26T10:23:00+09:00,SYNTHETIC_HUMAN_SCENARIO
XP_APP0109_01,APP0109,C0109,COURSE_PROJECT,TEAM_UNCLEAR,"{""BUILD"":""입력 데이터를 처리하고 예측을 수행하는 함수를 작성했다."",""PROBLEM"":""과제의 예측 목표와 허용 오차를 정의했다.""}","[""PROBLEM"",""BUILD""]","[""EV_XP_APP0109_01_BUILD_M1_SKILL_03"",""EV_XP_APP0109_01_PROBLEM_M1_SKILL_01""]",2026-10-20T16:25:00+09:00,SYNTHETIC_HUMAN_SCENARIO
XP_APP0110_01,APP0110,C0110,COURSE_PROJECT,TEAM_CLEAR,"{""BUILD"":""입력 데이터를 처리하고 예측을 수행하는 함수를 작성했다."",""PROBLEM"":""과제의 예측 목표와 허용 오차를 정의했다."",""VALIDATE"":""분리한 검증 입력에서 예측 오차를 비교했다.""}","[""PROBLEM"",""BUILD"",""VALIDATE""]","[""EV_XP_APP0110_01_BUILD_M1_SKILL_03"",""EV_XP_APP0110_01_PROBLEM_M1_SKILL_01"",""EV_XP_APP0110_01_VALIDATE_M1_SKILL_03""]",2026-10-21T09:04:00+09:00,SYNTHETIC_HUMAN_SCENARIO
XP_APP0110_02,APP0110,C0110,PERSONAL_PROTOTYPE,TEAM_CLEAR,"{""PROBLEM"":""반복 작업의 입력 조건과 자동화 범위를 정했다."",""VALIDATE"":""빈 입력과 실패 상황 테스트를 실행하고 오류를 수정했다.""}","[""PROBLEM"",""VALIDATE""]","[""EV_XP_APP0110_02_PROBLEM_M1_SKILL_01"",""EV_XP_APP0110_02_VALIDATE_M1_SKILL_03""]",2026-10-21T09:04:00+09:00,SYNTHETIC_HUMAN_SCENARIO
XP_APP0111_01,APP0111,C0111,PERSONAL_PROTOTYPE,TEAM_UNCLEAR,{},[],[],2026-10-19T12:29:00+09:00,SYNTHETIC_HUMAN_SCENARIO
XP_APP0111_02,APP0111,C0111,TEAM_PROJECT,TEAM_CLEAR,"{""BUILD"":""담당 기능의 모델 호출 코드를 구현했다."",""VALIDATE"":""담당 기능의 변경 전후 결과를 비교했다.""}","[""BUILD"",""VALIDATE""]","[""EV_XP_APP0111_02_BUILD_M1_SKILL_03"",""EV_XP_APP0111_02_VALIDATE_M1_SKILL_03""]",2026-10-19T12:29:00+09:00,SYNTHETIC_HUMAN_SCENARIO
XP_APP0112_01,APP0112,C0112,COURSE_PROJECT,TEAM_CLEAR,"{""PROBLEM"":""과제의 예측 목표와 허용 오차를 정의했다."",""VALIDATE"":""분리한 검증 입력에서 예측 오차를 비교했다.""}","[""PROBLEM"",""VALIDATE""]","[""EV_XP_APP0112_01_PROBLEM_M1_SKILL_01"",""EV_XP_APP0112_01_VALIDATE_M1_SKILL_03""]",2026-10-19T12:07:00+09:00,SYNTHETIC_HUMAN_SCENARIO
XP_APP0112_02,APP0112,C0112,COURSE_PROJECT,SELF,"{""VALIDATE"":""분리한 검증 입력에서 예측 오차를 비교했다.""}","[""VALIDATE""]","[""EV_XP_APP0112_02_VALIDATE_M1_SKILL_03""]",2026-10-19T12:07:00+09:00,SYNTHETIC_HUMAN_SCENARIO
XP_APP0113_01,APP0113,C0113,TEAM_PROJECT,TEAM_UNCLEAR,"{""VALIDATE"":""담당 기능의 변경 전후 결과를 비교했다.""}","[""VALIDATE""]","[""EV_XP_APP0113_01_VALIDATE_M1_SKILL_03""]",2026-10-19T10:10:00+09:00,SYNTHETIC_HUMAN_SCENARIO
XP_APP0115_01,APP0115,C0115,PERSONAL_PROTOTYPE,SELF,"{""VALIDATE"":""빈 입력과 실패 상황 테스트를 실행하고 오류를 수정했다.""}","[""VALIDATE""]","[""EV_XP_APP0115_01_VALIDATE_M1_SKILL_03""]",2026-10-26T14:24:00+09:00,SYNTHETIC_HUMAN_SCENARIO
XP_APP0116_01,APP0116,C0116,COURSE_PROJECT,TEAM_CLEAR,"{""BUILD"":""입력 데이터를 처리하고 예측을 수행하는 함수를 작성했다.""}","[""BUILD""]","[""EV_XP_APP0116_01_BUILD_M1_SKILL_03""]",2026-10-19T14:35:00+09:00,SYNTHETIC_HUMAN_SCENARIO
XP_APP0117_01,APP0117,C0117,PERSONAL_PROTOTYPE,SELF,"{""BUILD"":""작업 순서를 실행하는 모듈을 구현했다."",""PROBLEM"":""반복 작업의 입력 조건과 자동화 범위를 정했다."",""VALIDATE"":""빈 입력과 실패 상황 테스트를 실행하고 오류를 수정했다.""}","[""PROBLEM"",""BUILD"",""VALIDATE""]","[""EV_XP_APP0117_01_BUILD_M1_SKILL_03"",""EV_XP_APP0117_01_PROBLEM_M1_SKILL_01"",""EV_XP_APP0117_01_VALIDATE_M1_SKILL_03""]",2026-10-23T09:46:00+09:00,SYNTHETIC_HUMAN_SCENARIO
XP_APP0119_01,APP0119,C0119,TEAM_PROJECT,TEAM_CLEAR,{},[],[],2026-10-20T14:22:00+09:00,SYNTHETIC_HUMAN_SCENARIO
XP_APP0120_01,APP0120,C0120,COURSE_PROJECT,TEAM_UNCLEAR,"{""VALIDATE"":""분리한 검증 입력에서 예측 오차를 비교했다.""}","[""VALIDATE""]","[""EV_XP_APP0120_01_VALIDATE_M1_SKILL_03""]",2026-10-26T10:07:00+09:00,SYNTHETIC_HUMAN_SCENARIO
XP_APP0121_01,APP0121,C0121,TEAM_PROJECT,TEAM_UNCLEAR,"{""VALIDATE"":""담당 기능의 변경 전후 결과를 비교했다.""}","[""VALIDATE""]","[""EV_XP_APP0121_01_VALIDATE_M1_SKILL_03""]",2026-10-21T12:23:00+09:00,SYNTHETIC_HUMAN_SCENARIO
XP_APP0121_02,APP0121,C0121,COURSE_PROJECT,TEAM_UNCLEAR,"{""BUILD"":""입력 데이터를 처리하고 예측을 수행하는 함수를 작성했다."",""PROBLEM"":""과제의 예측 목표와 허용 오차를 정의했다."",""VALIDATE"":""분리한 검증 입력에서 예측 오차를 비교했다.""}","[""PROBLEM"",""BUILD"",""VALIDATE""]","[""EV_XP_APP0121_02_BUILD_M1_SKILL_03"",""EV_XP_APP0121_02_PROBLEM_M1_SKILL_01"",""EV_XP_APP0121_02_VALIDATE_M1_SKILL_03""]",2026-10-21T12:23:00+09:00,SYNTHETIC_HUMAN_SCENARIO
XP_APP0123_01,APP0123,C0123,COURSE_PROJECT,SELF,{},[],[],2026-10-19T12:35:00+09:00,SYNTHETIC_HUMAN_SCENARIO
XP_APP0123_02,APP0123,C0123,COURSE_PROJECT,TEAM_CLEAR,"{""BUILD"":""입력 데이터를 처리하고 예측을 수행하는 함수를 작성했다."",""PROBLEM"":""과제의 예측 목표와 허용 오차를 정의했다.""}","[""PROBLEM"",""BUILD""]","[""EV_XP_APP0123_02_BUILD_M1_SKILL_03"",""EV_XP_APP0123_02_PROBLEM_M1_SKILL_01""]",2026-10-19T12:35:00+09:00,SYNTHETIC_HUMAN_SCENARIO
XP_APP0124_01,APP0124,C0124,COURSE_PROJECT,TEAM_CLEAR,"{""BUILD"":""입력 데이터를 처리하고 예측을 수행하는 함수를 작성했다."",""PROBLEM"":""과제의 예측 목표와 허용 오차를 정의했다.""}","[""PROBLEM"",""BUILD""]","[""EV_XP_APP0124_01_BUILD_M1_SKILL_03"",""EV_XP_APP0124_01_PROBLEM_M1_SKILL_01""]",2026-10-22T14:07:00+09:00,SYNTHETIC_HUMAN_SCENARIO
XP_APP0124_02,APP0124,C0124,TEAM_PROJECT,TEAM_UNCLEAR,"{""BUILD"":""담당 기능의 모델 호출 코드를 구현했다."",""VALIDATE"":""담당 기능의 변경 전후 결과를 비교했다.""}","[""BUILD"",""VALIDATE""]","[""EV_XP_APP0124_02_BUILD_M1_SKILL_03"",""EV_XP_APP0124_02_VALIDATE_M1_SKILL_03""]",2026-10-22T14:07:00+09:00,SYNTHETIC_HUMAN_SCENARIO
XP_APP0125_01,APP0125,C0125,TEAM_PROJECT,TEAM_CLEAR,"{""BUILD"":""담당 기능의 모델 호출 코드를 구현했다."",""PROBLEM"":""담당 기능의 목표와 서비스 제약을 정리했다.""}","[""PROBLEM"",""BUILD""]","[""EV_XP_APP0125_01_BUILD_M1_SKILL_03"",""EV_XP_APP0125_01_PROBLEM_M1_SKILL_01""]",2026-10-24T15:32:00+09:00,SYNTHETIC_HUMAN_SCENARIO
XP_APP0127_01,APP0127,C0127,COURSE_PROJECT,TEAM_UNCLEAR,"{""BUILD"":""입력 데이터를 처리하고 예측을 수행하는 함수를 작성했다.""}","[""BUILD""]","[""EV_XP_APP0127_01_BUILD_M1_SKILL_03""]",2026-10-20T15:07:00+09:00,SYNTHETIC_HUMAN_SCENARIO
XP_APP0128_01,APP0128,C0128,TEAM_PROJECT,TEAM_CLEAR,"{""PROBLEM"":""담당 기능의 목표와 서비스 제약을 정리했다."",""VALIDATE"":""담당 기능의 변경 전후 결과를 비교했다.""}","[""PROBLEM"",""VALIDATE""]","[""EV_XP_APP0128_01_PROBLEM_M1_SKILL_01"",""EV_XP_APP0128_01_VALIDATE_M1_SKILL_03""]",2026-10-20T09:42:00+09:00,SYNTHETIC_HUMAN_SCENARIO
XP_APP0128_02,APP0128,C0128,TEAM_PROJECT,TEAM_CLEAR,"{""PROBLEM"":""담당 기능의 목표와 서비스 제약을 정리했다."",""VALIDATE"":""담당 기능의 변경 전후 결과를 비교했다.""}","[""PROBLEM"",""VALIDATE""]","[""EV_XP_APP0128_02_PROBLEM_M1_SKILL_01"",""EV_XP_APP0128_02_VALIDATE_M1_SKILL_03""]",2026-10-20T09:42:00+09:00,SYNTHETIC_HUMAN_SCENARIO
XP_APP0129_01,APP0129,C0129,PERSONAL_PROTOTYPE,TEAM_UNCLEAR,"{""PROBLEM"":""반복 작업의 입력 조건과 자동화 범위를 정했다.""}","[""PROBLEM""]","[""EV_XP_APP0129_01_PROBLEM_M1_SKILL_01""]",2026-10-24T12:48:00+09:00,SYNTHETIC_HUMAN_SCENARIO
XP_APP0130_01,APP0130,C0130,COURSE_PROJECT,SELF,"{""PROBLEM"":""과제의 예측 목표와 허용 오차를 정의했다.""}","[""PROBLEM""]","[""EV_XP_APP0130_01_PROBLEM_M1_SKILL_01""]",2026-10-27T14:41:00+09:00,SYNTHETIC_HUMAN_SCENARIO
XP_APP0130_02,APP0130,C0130,COURSE_PROJECT,SELF,"{""BUILD"":""입력 데이터를 처리하고 예측을 수행하는 함수를 작성했다."",""PROBLEM"":""과제의 예측 목표와 허용 오차를 정의했다.""}","[""PROBLEM"",""BUILD""]","[""EV_XP_APP0130_02_BUILD_M1_SKILL_03"",""EV_XP_APP0130_02_PROBLEM_M1_SKILL_01""]",2026-10-27T14:41:00+09:00,SYNTHETIC_HUMAN_SCENARIO
XP_APP0131_01,APP0131,C0131,TEAM_PROJECT,TEAM_UNCLEAR,"{""VALIDATE"":""담당 기능의 변경 전후 결과를 비교했다.""}","[""VALIDATE""]","[""EV_XP_APP0131_01_VALIDATE_M1_SKILL_03""]",2026-10-24T10:26:00+09:00,SYNTHETIC_HUMAN_SCENARIO
XP_APP0134_01,APP0134,C0134,PERSONAL_PROTOTYPE,TEAM_CLEAR,{},[],[],2026-10-20T14:59:00+09:00,SYNTHETIC_HUMAN_SCENARIO
XP_APP0135_01,APP0135,C0135,COURSE_PROJECT,SELF,"{""VALIDATE"":""분리한 검증 입력에서 예측 오차를 비교했다.""}","[""VALIDATE""]","[""EV_XP_APP0135_01_VALIDATE_M1_SKILL_03""]",2026-10-27T13:21:00+09:00,SYNTHETIC_HUMAN_SCENARIO
XP_APP0135_02,APP0135,C0135,TEAM_PROJECT,TEAM_UNCLEAR,"{""VALIDATE"":""담당 기능의 변경 전후 결과를 비교했다.""}","[""VALIDATE""]","[""EV_XP_APP0135_02_VALIDATE_M1_SKILL_03""]",2026-10-27T13:21:00+09:00,SYNTHETIC_HUMAN_SCENARIO
XP_APP0136_01,APP0136,C0136,PERSONAL_PROTOTYPE,SELF,"{""PROBLEM"":""반복 작업의 입력 조건과 자동화 범위를 정했다."",""VALIDATE"":""빈 입력과 실패 상황 테스트를 실행하고 오류를 수정했다.""}","[""PROBLEM"",""VALIDATE""]","[""EV_XP_APP0136_01_PROBLEM_M1_SKILL_01"",""EV_XP_APP0136_01_VALIDATE_M1_SKILL_03""]",2026-10-22T16:46:00+09:00,SYNTHETIC_HUMAN_SCENARIO
XP_APP0136_02,APP0136,C0136,PERSONAL_PROTOTYPE,TEAM_CLEAR,"{""BUILD"":""작업 순서를 실행하는 모듈을 구현했다."",""VALIDATE"":""빈 입력과 실패 상황 테스트를 실행하고 오류를 수정했다.""}","[""BUILD"",""VALIDATE""]","[""EV_XP_APP0136_02_BUILD_M1_SKILL_03"",""EV_XP_APP0136_02_VALIDATE_M1_SKILL_03""]",2026-10-22T16:46:00+09:00,SYNTHETIC_HUMAN_SCENARIO
XP_APP0137_01,APP0137,C0137,TEAM_PROJECT,TEAM_CLEAR,"{""BUILD"":""담당 기능의 모델 호출 코드를 구현했다."",""PROBLEM"":""담당 기능의 목표와 서비스 제약을 정리했다."",""VALIDATE"":""담당 기능의 변경 전후 결과를 비교했다.""}","[""PROBLEM"",""BUILD"",""VALIDATE""]","[""EV_XP_APP0137_01_BUILD_M1_SKILL_03"",""EV_XP_APP0137_01_PROBLEM_M1_SKILL_01"",""EV_XP_APP0137_01_VALIDATE_M1_SKILL_03""]",2026-10-27T16:55:00+09:00,SYNTHETIC_HUMAN_SCENARIO
XP_APP0137_02,APP0137,C0137,PERSONAL_PROTOTYPE,TEAM_UNCLEAR,{},[],[],2026-10-27T16:55:00+09:00,SYNTHETIC_HUMAN_SCENARIO
XP_APP0139_01,APP0139,C0139,TEAM_PROJECT,TEAM_CLEAR,"{""PROBLEM"":""담당 기능의 목표와 서비스 제약을 정리했다."",""VALIDATE"":""담당 기능의 변경 전후 결과를 비교했다.""}","[""PROBLEM"",""VALIDATE""]","[""EV_XP_APP0139_01_PROBLEM_M1_SKILL_01"",""EV_XP_APP0139_01_VALIDATE_M1_SKILL_03""]",2026-10-20T16:04:00+09:00,SYNTHETIC_HUMAN_SCENARIO
XP_APP0139_02,APP0139,C0139,COURSE_PROJECT,TEAM_UNCLEAR,"{""BUILD"":""입력 데이터를 처리하고 예측을 수행하는 함수를 작성했다.""}","[""BUILD""]","[""EV_XP_APP0139_02_BUILD_M1_SKILL_03""]",2026-10-20T16:04:00+09:00,SYNTHETIC_HUMAN_SCENARIO
XP_APP0140_01,APP0140,C0140,COURSE_PROJECT,TEAM_UNCLEAR,"{""BUILD"":""입력 데이터를 처리하고 예측을 수행하는 함수를 작성했다."",""VALIDATE"":""분리한 검증 입력에서 예측 오차를 비교했다.""}","[""BUILD"",""VALIDATE""]","[""EV_XP_APP0140_01_BUILD_M1_SKILL_03"",""EV_XP_APP0140_01_VALIDATE_M1_SKILL_03""]",2026-10-27T11:06:00+09:00,SYNTHETIC_HUMAN_SCENARIO
XP_APP0141_01,APP0141,C0141,PERSONAL_PROTOTYPE,TEAM_CLEAR,"{""BUILD"":""작업 순서를 실행하는 모듈을 구현했다."",""PROBLEM"":""반복 작업의 입력 조건과 자동화 범위를 정했다."",""VALIDATE"":""빈 입력과 실패 상황 테스트를 실행하고 오류를 수정했다.""}","[""PROBLEM"",""BUILD"",""VALIDATE""]","[""EV_XP_APP0141_01_BUILD_M1_SKILL_03"",""EV_XP_APP0141_01_PROBLEM_M1_SKILL_01"",""EV_XP_APP0141_01_VALIDATE_M1_SKILL_03""]",2026-10-22T14:52:00+09:00,SYNTHETIC_HUMAN_SCENARIO
XP_APP0141_02,APP0141,C0141,COURSE_PROJECT,TEAM_UNCLEAR,"{""BUILD"":""입력 데이터를 처리하고 예측을 수행하는 함수를 작성했다."",""PROBLEM"":""과제의 예측 목표와 허용 오차를 정의했다.""}","[""PROBLEM"",""BUILD""]","[""EV_XP_APP0141_02_BUILD_M1_SKILL_03"",""EV_XP_APP0141_02_PROBLEM_M1_SKILL_01""]",2026-10-22T14:52:00+09:00,SYNTHETIC_HUMAN_SCENARIO
XP_APP0142_01,APP0142,C0142,PERSONAL_PROTOTYPE,SELF,"{""BUILD"":""작업 순서를 실행하는 모듈을 구현했다.""}","[""BUILD""]","[""EV_XP_APP0142_01_BUILD_M1_SKILL_03""]",2026-10-20T13:34:00+09:00,SYNTHETIC_HUMAN_SCENARIO
XP_APP0143_01,APP0143,C0143,TEAM_PROJECT,TEAM_CLEAR,"{""BUILD"":""담당 기능의 모델 호출 코드를 구현했다."",""VALIDATE"":""담당 기능의 변경 전후 결과를 비교했다.""}","[""BUILD"",""VALIDATE""]","[""EV_XP_APP0143_01_BUILD_M1_SKILL_03"",""EV_XP_APP0143_01_VALIDATE_M1_SKILL_03""]",2026-10-21T12:15:00+09:00,SYNTHETIC_HUMAN_SCENARIO
XP_APP0146_01,APP0146,C0146,PERSONAL_PROTOTYPE,TEAM_CLEAR,"{""BUILD"":""작업 순서를 실행하는 모듈을 구현했다."",""PROBLEM"":""반복 작업의 입력 조건과 자동화 범위를 정했다.""}","[""PROBLEM"",""BUILD""]","[""EV_XP_APP0146_01_BUILD_M1_SKILL_03"",""EV_XP_APP0146_01_PROBLEM_M1_SKILL_01""]",2026-10-28T09:56:00+09:00,SYNTHETIC_HUMAN_SCENARIO
XP_APP0147_01,APP0147,C0147,COURSE_PROJECT,TEAM_CLEAR,"{""PROBLEM"":""과제의 예측 목표와 허용 오차를 정의했다."",""VALIDATE"":""분리한 검증 입력에서 예측 오차를 비교했다.""}","[""PROBLEM"",""VALIDATE""]","[""EV_XP_APP0147_01_PROBLEM_M1_SKILL_01"",""EV_XP_APP0147_01_VALIDATE_M1_SKILL_03""]",2026-10-21T16:15:00+09:00,SYNTHETIC_HUMAN_SCENARIO
XP_APP0148_01,APP0148,C0148,PERSONAL_PROTOTYPE,TEAM_UNCLEAR,{},[],[],2026-10-28T15:49:00+09:00,SYNTHETIC_HUMAN_SCENARIO
XP_APP0148_02,APP0148,C0148,PERSONAL_PROTOTYPE,TEAM_CLEAR,{},[],[],2026-10-28T15:49:00+09:00,SYNTHETIC_HUMAN_SCENARIO
XP_APP0149_01,APP0149,C0149,COURSE_PROJECT,SELF,"{""BUILD"":""입력 데이터를 처리하고 예측을 수행하는 함수를 작성했다.""}","[""BUILD""]","[""EV_XP_APP0149_01_BUILD_M1_SKILL_03""]",2026-10-23T14:54:00+09:00,SYNTHETIC_HUMAN_SCENARIO
XP_APP0150_01,APP0150,C0150,PERSONAL_PROTOTYPE,TEAM_UNCLEAR,"{""VALIDATE"":""빈 입력과 실패 상황 테스트를 실행하고 오류를 수정했다.""}","[""VALIDATE""]","[""EV_XP_APP0150_01_VALIDATE_M1_SKILL_03""]",2026-10-22T12:58:00+09:00,SYNTHETIC_HUMAN_SCENARIO
XP_APP0150_02,APP0150,C0150,COURSE_PROJECT,TEAM_CLEAR,"{""BUILD"":""입력 데이터를 처리하고 예측을 수행하는 함수를 작성했다."",""PROBLEM"":""과제의 예측 목표와 허용 오차를 정의했다."",""VALIDATE"":""분리한 검증 입력에서 예측 오차를 비교했다.""}","[""PROBLEM"",""BUILD"",""VALIDATE""]","[""EV_XP_APP0150_02_BUILD_M1_SKILL_03"",""EV_XP_APP0150_02_PROBLEM_M1_SKILL_01"",""EV_XP_APP0150_02_VALIDATE_M1_SKILL_03""]",2026-10-22T12:58:00+09:00,SYNTHETIC_HUMAN_SCENARIO
XP_APP0151_01,APP0151,C0151,PERSONAL_PROTOTYPE,TEAM_CLEAR,"{""BUILD"":""작업 순서를 실행하는 모듈을 구현했다.""}","[""BUILD""]","[""EV_XP_APP0151_01_BUILD_M1_SKILL_03""]",2026-10-22T13:39:00+09:00,SYNTHETIC_HUMAN_SCENARIO
XP_APP0151_02,APP0151,C0151,PERSONAL_PROTOTYPE,TEAM_CLEAR,"{""VALIDATE"":""빈 입력과 실패 상황 테스트를 실행하고 오류를 수정했다.""}","[""VALIDATE""]","[""EV_XP_APP0151_02_VALIDATE_M1_SKILL_03""]",2026-10-22T13:39:00+09:00,SYNTHETIC_HUMAN_SCENARIO
XP_APP0152_01,APP0152,C0152,COURSE_PROJECT,SELF,{},[],[],2026-10-28T13:18:00+09:00,SYNTHETIC_HUMAN_SCENARIO
XP_APP0153_01,APP0153,C0153,PERSONAL_PROTOTYPE,TEAM_CLEAR,"{""BUILD"":""작업 순서를 실행하는 모듈을 구현했다."",""PROBLEM"":""반복 작업의 입력 조건과 자동화 범위를 정했다."",""VALIDATE"":""빈 입력과 실패 상황 테스트를 실행하고 오류를 수정했다.""}","[""PROBLEM"",""BUILD"",""VALIDATE""]","[""EV_XP_APP0153_01_BUILD_M1_SKILL_03"",""EV_XP_APP0153_01_PROBLEM_M1_SKILL_01"",""EV_XP_APP0153_01_VALIDATE_M1_SKILL_03""]",2026-10-22T15:33:00+09:00,SYNTHETIC_HUMAN_SCENARIO
XP_APP0154_01,APP0154,C0154,TEAM_PROJECT,TEAM_UNCLEAR,"{""BUILD"":""담당 기능의 모델 호출 코드를 구현했다."",""VALIDATE"":""담당 기능의 변경 전후 결과를 비교했다.""}","[""BUILD"",""VALIDATE""]","[""EV_XP_APP0154_01_BUILD_M1_SKILL_03"",""EV_XP_APP0154_01_VALIDATE_M1_SKILL_03""]",2026-10-23T10:07:00+09:00,SYNTHETIC_HUMAN_SCENARIO
XP_APP0154_02,APP0154,C0154,COURSE_PROJECT,TEAM_UNCLEAR,"{""BUILD"":""입력 데이터를 처리하고 예측을 수행하는 함수를 작성했다."",""PROBLEM"":""과제의 예측 목표와 허용 오차를 정의했다."",""VALIDATE"":""분리한 검증 입력에서 예측 오차를 비교했다.""}","[""PROBLEM"",""BUILD"",""VALIDATE""]","[""EV_XP_APP0154_02_BUILD_M1_SKILL_03"",""EV_XP_APP0154_02_PROBLEM_M1_SKILL_01"",""EV_XP_APP0154_02_VALIDATE_M1_SKILL_03""]",2026-10-23T10:07:00+09:00,SYNTHETIC_HUMAN_SCENARIO
XP_APP0155_01,APP0155,C0155,PERSONAL_PROTOTYPE,TEAM_CLEAR,"{""BUILD"":""작업 순서를 실행하는 모듈을 구현했다."",""PROBLEM"":""반복 작업의 입력 조건과 자동화 범위를 정했다."",""VALIDATE"":""빈 입력과 실패 상황 테스트를 실행하고 오류를 수정했다.""}","[""PROBLEM"",""BUILD"",""VALIDATE""]","[""EV_XP_APP0155_01_BUILD_M1_SKILL_03"",""EV_XP_APP0155_01_PROBLEM_M1_SKILL_01"",""EV_XP_APP0155_01_VALIDATE_M1_SKILL_03""]",2026-10-23T12:15:00+09:00,SYNTHETIC_HUMAN_SCENARIO
XP_APP0156_01,APP0156,C0156,COURSE_PROJECT,SELF,"{""PROBLEM"":""과제의 예측 목표와 허용 오차를 정의했다.""}","[""PROBLEM""]","[""EV_XP_APP0156_01_PROBLEM_M1_SKILL_01""]",2026-10-29T11:01:00+09:00,SYNTHETIC_HUMAN_SCENARIO
XP_APP0157_01,APP0157,C0157,TEAM_PROJECT,TEAM_CLEAR,"{""PROBLEM"":""담당 기능의 목표와 서비스 제약을 정리했다.""}","[""PROBLEM""]","[""EV_XP_APP0157_01_PROBLEM_M1_SKILL_01""]",2026-10-26T14:37:00+09:00,SYNTHETIC_HUMAN_SCENARIO
XP_APP0159_01,APP0159,C0159,COURSE_PROJECT,TEAM_UNCLEAR,"{""BUILD"":""입력 데이터를 처리하고 예측을 수행하는 함수를 작성했다."",""VALIDATE"":""분리한 검증 입력에서 예측 오차를 비교했다.""}","[""BUILD"",""VALIDATE""]","[""EV_XP_APP0159_01_BUILD_M1_SKILL_03"",""EV_XP_APP0159_01_VALIDATE_M1_SKILL_03""]",2026-10-26T09:27:00+09:00,SYNTHETIC_HUMAN_SCENARIO
XP_APP0161_01,APP0161,C0161,TEAM_PROJECT,TEAM_UNCLEAR,"{""VALIDATE"":""담당 기능의 변경 전후 결과를 비교했다.""}","[""VALIDATE""]","[""EV_XP_APP0161_01_VALIDATE_M1_SKILL_03""]",2026-10-23T11:00:00+09:00,SYNTHETIC_HUMAN_SCENARIO
XP_APP0161_02,APP0161,C0161,PERSONAL_PROTOTYPE,TEAM_UNCLEAR,"{""BUILD"":""작업 순서를 실행하는 모듈을 구현했다."",""PROBLEM"":""반복 작업의 입력 조건과 자동화 범위를 정했다.""}","[""PROBLEM"",""BUILD""]","[""EV_XP_APP0161_02_BUILD_M1_SKILL_03"",""EV_XP_APP0161_02_PROBLEM_M1_SKILL_01""]",2026-10-23T11:00:00+09:00,SYNTHETIC_HUMAN_SCENARIO
XP_APP0162_01,APP0162,C0162,TEAM_PROJECT,TEAM_UNCLEAR,"{""PROBLEM"":""담당 기능의 목표와 서비스 제약을 정리했다.""}","[""PROBLEM""]","[""EV_XP_APP0162_01_PROBLEM_M1_SKILL_01""]",2026-10-22T11:20:00+09:00,SYNTHETIC_HUMAN_SCENARIO
XP_APP0162_02,APP0162,C0162,PERSONAL_PROTOTYPE,TEAM_CLEAR,"{""BUILD"":""작업 순서를 실행하는 모듈을 구현했다."",""PROBLEM"":""반복 작업의 입력 조건과 자동화 범위를 정했다."",""VALIDATE"":""빈 입력과 실패 상황 테스트를 실행하고 오류를 수정했다.""}","[""PROBLEM"",""BUILD"",""VALIDATE""]","[""EV_XP_APP0162_02_BUILD_M1_SKILL_03"",""EV_XP_APP0162_02_PROBLEM_M1_SKILL_01"",""EV_XP_APP0162_02_VALIDATE_M1_SKILL_03""]",2026-10-22T11:20:00+09:00,SYNTHETIC_HUMAN_SCENARIO
XP_APP0163_01,APP0163,C0163,PERSONAL_PROTOTYPE,TEAM_UNCLEAR,"{""BUILD"":""작업 순서를 실행하는 모듈을 구현했다."",""VALIDATE"":""빈 입력과 실패 상황 테스트를 실행하고 오류를 수정했다.""}","[""BUILD"",""VALIDATE""]","[""EV_XP_APP0163_01_BUILD_M1_SKILL_03"",""EV_XP_APP0163_01_VALIDATE_M1_SKILL_03""]",2026-10-23T14:11:00+09:00,SYNTHETIC_HUMAN_SCENARIO
XP_APP0163_02,APP0163,C0163,TEAM_PROJECT,TEAM_CLEAR,"{""BUILD"":""담당 기능의 모델 호출 코드를 구현했다."",""PROBLEM"":""담당 기능의 목표와 서비스 제약을 정리했다."",""VALIDATE"":""담당 기능의 변경 전후 결과를 비교했다.""}","[""PROBLEM"",""BUILD"",""VALIDATE""]","[""EV_XP_APP0163_02_BUILD_M1_SKILL_03"",""EV_XP_APP0163_02_PROBLEM_M1_SKILL_01"",""EV_XP_APP0163_02_VALIDATE_M1_SKILL_03""]",2026-10-23T14:11:00+09:00,SYNTHETIC_HUMAN_SCENARIO
XP_APP0164_01,APP0164,C0164,COURSE_PROJECT,SELF,"{""PROBLEM"":""과제의 예측 목표와 허용 오차를 정의했다.""}","[""PROBLEM""]","[""EV_XP_APP0164_01_PROBLEM_M1_SKILL_01""]",2026-10-24T11:57:00+09:00,SYNTHETIC_HUMAN_SCENARIO
XP_APP0166_01,APP0166,C0166,PERSONAL_PROTOTYPE,SELF,"{""VALIDATE"":""빈 입력과 실패 상황 테스트를 실행하고 오류를 수정했다.""}","[""VALIDATE""]","[""EV_XP_APP0166_01_VALIDATE_M1_SKILL_03""]",2026-10-22T15:41:00+09:00,SYNTHETIC_HUMAN_SCENARIO
XP_APP0166_02,APP0166,C0166,COURSE_PROJECT,TEAM_CLEAR,"{""VALIDATE"":""분리한 검증 입력에서 예측 오차를 비교했다.""}","[""VALIDATE""]","[""EV_XP_APP0166_02_VALIDATE_M1_SKILL_03""]",2026-10-22T15:41:00+09:00,SYNTHETIC_HUMAN_SCENARIO
XP_APP0167_01,APP0167,C0167,COURSE_PROJECT,SELF,"{""PROBLEM"":""과제의 예측 목표와 허용 오차를 정의했다."",""VALIDATE"":""분리한 검증 입력에서 예측 오차를 비교했다.""}","[""PROBLEM"",""VALIDATE""]","[""EV_XP_APP0167_01_PROBLEM_M1_SKILL_01"",""EV_XP_APP0167_01_VALIDATE_M1_SKILL_03""]",2026-10-22T13:28:00+09:00,SYNTHETIC_HUMAN_SCENARIO
XP_APP0167_02,APP0167,C0167,COURSE_PROJECT,TEAM_CLEAR,{},[],[],2026-10-22T13:28:00+09:00,SYNTHETIC_HUMAN_SCENARIO
XP_APP0168_01,APP0168,C0168,TEAM_PROJECT,SELF,"{""VALIDATE"":""담당 기능의 변경 전후 결과를 비교했다.""}","[""VALIDATE""]","[""EV_XP_APP0168_01_VALIDATE_M1_SKILL_03""]",2026-10-22T15:29:00+09:00,SYNTHETIC_HUMAN_SCENARIO
XP_APP0170_01,APP0170,C0170,TEAM_PROJECT,TEAM_CLEAR,"{""BUILD"":""담당 기능의 모델 호출 코드를 구현했다."",""PROBLEM"":""담당 기능의 목표와 서비스 제약을 정리했다."",""VALIDATE"":""담당 기능의 변경 전후 결과를 비교했다.""}","[""PROBLEM"",""BUILD"",""VALIDATE""]","[""EV_XP_APP0170_01_BUILD_M1_SKILL_03"",""EV_XP_APP0170_01_PROBLEM_M1_SKILL_01"",""EV_XP_APP0170_01_VALIDATE_M1_SKILL_03""]",2026-10-23T16:12:00+09:00,SYNTHETIC_HUMAN_SCENARIO
XP_APP0171_01,APP0171,C0171,PERSONAL_PROTOTYPE,SELF,"{""VALIDATE"":""빈 입력과 실패 상황 테스트를 실행하고 오류를 수정했다.""}","[""VALIDATE""]","[""EV_XP_APP0171_01_VALIDATE_M1_SKILL_03""]",2026-10-29T15:01:00+09:00,SYNTHETIC_HUMAN_SCENARIO
XP_APP0172_01,APP0172,C0172,PERSONAL_PROTOTYPE,SELF,"{""BUILD"":""작업 순서를 실행하는 모듈을 구현했다."",""PROBLEM"":""반복 작업의 입력 조건과 자동화 범위를 정했다."",""VALIDATE"":""빈 입력과 실패 상황 테스트를 실행하고 오류를 수정했다.""}","[""PROBLEM"",""BUILD"",""VALIDATE""]","[""EV_XP_APP0172_01_BUILD_M1_SKILL_03"",""EV_XP_APP0172_01_PROBLEM_M1_SKILL_01"",""EV_XP_APP0172_01_VALIDATE_M1_SKILL_03""]",2026-10-22T14:20:00+09:00,SYNTHETIC_HUMAN_SCENARIO
XP_APP0173_01,APP0173,C0173,TEAM_PROJECT,TEAM_UNCLEAR,{},[],[],2026-10-26T10:43:00+09:00,SYNTHETIC_HUMAN_SCENARIO
XP_APP0175_01,APP0175,C0175,TEAM_PROJECT,SELF,"{""BUILD"":""담당 기능의 모델 호출 코드를 구현했다.""}","[""BUILD""]","[""EV_XP_APP0175_01_BUILD_M1_SKILL_03""]",2026-10-27T09:13:00+09:00,SYNTHETIC_HUMAN_SCENARIO
XP_APP0175_02,APP0175,C0175,COURSE_PROJECT,TEAM_UNCLEAR,"{""PROBLEM"":""과제의 예측 목표와 허용 오차를 정의했다.""}","[""PROBLEM""]","[""EV_XP_APP0175_02_PROBLEM_M1_SKILL_01""]",2026-10-27T09:13:00+09:00,SYNTHETIC_HUMAN_SCENARIO
XP_APP0176_01,APP0176,C0176,PERSONAL_PROTOTYPE,TEAM_UNCLEAR,"{""BUILD"":""작업 순서를 실행하는 모듈을 구현했다."",""PROBLEM"":""반복 작업의 입력 조건과 자동화 범위를 정했다.""}","[""PROBLEM"",""BUILD""]","[""EV_XP_APP0176_01_BUILD_M1_SKILL_03"",""EV_XP_APP0176_01_PROBLEM_M1_SKILL_01""]",2026-10-27T15:49:00+09:00,SYNTHETIC_HUMAN_SCENARIO
XP_APP0176_02,APP0176,C0176,PERSONAL_PROTOTYPE,SELF,"{""VALIDATE"":""빈 입력과 실패 상황 테스트를 실행하고 오류를 수정했다.""}","[""VALIDATE""]","[""EV_XP_APP0176_02_VALIDATE_M1_SKILL_03""]",2026-10-27T15:49:00+09:00,SYNTHETIC_HUMAN_SCENARIO
XP_APP0177_01,APP0177,C0177,COURSE_PROJECT,SELF,{},[],[],2026-10-27T10:53:00+09:00,SYNTHETIC_HUMAN_SCENARIO
XP_APP0177_02,APP0177,C0177,COURSE_PROJECT,SELF,"{""BUILD"":""입력 데이터를 처리하고 예측을 수행하는 함수를 작성했다."",""PROBLEM"":""과제의 예측 목표와 허용 오차를 정의했다."",""VALIDATE"":""분리한 검증 입력에서 예측 오차를 비교했다.""}","[""PROBLEM"",""BUILD"",""VALIDATE""]","[""EV_XP_APP0177_02_BUILD_M1_SKILL_03"",""EV_XP_APP0177_02_PROBLEM_M1_SKILL_01"",""EV_XP_APP0177_02_VALIDATE_M1_SKILL_03""]",2026-10-27T10:53:00+09:00,SYNTHETIC_HUMAN_SCENARIO
XP_APP0179_01,APP0179,C0179,TEAM_PROJECT,TEAM_CLEAR,"{""PROBLEM"":""담당 기능의 목표와 서비스 제약을 정리했다.""}","[""PROBLEM""]","[""EV_XP_APP0179_01_PROBLEM_M1_SKILL_01""]",2026-10-27T14:37:00+09:00,SYNTHETIC_HUMAN_SCENARIO
XP_APP0179_02,APP0179,C0179,PERSONAL_PROTOTYPE,SELF,"{""VALIDATE"":""빈 입력과 실패 상황 테스트를 실행하고 오류를 수정했다.""}","[""VALIDATE""]","[""EV_XP_APP0179_02_VALIDATE_M1_SKILL_03""]",2026-10-27T14:37:00+09:00,SYNTHETIC_HUMAN_SCENARIO
XP_APP0181_01,APP0181,C0181,PERSONAL_PROTOTYPE,TEAM_CLEAR,"{""VALIDATE"":""빈 입력과 실패 상황 테스트를 실행하고 오류를 수정했다.""}","[""VALIDATE""]","[""EV_XP_APP0181_01_VALIDATE_M1_SKILL_03""]",2026-10-30T13:35:00+09:00,SYNTHETIC_HUMAN_SCENARIO
XP_APP0181_02,APP0181,C0181,PERSONAL_PROTOTYPE,TEAM_CLEAR,"{""BUILD"":""작업 순서를 실행하는 모듈을 구현했다."",""VALIDATE"":""빈 입력과 실패 상황 테스트를 실행하고 오류를 수정했다.""}","[""BUILD"",""VALIDATE""]","[""EV_XP_APP0181_02_BUILD_M1_SKILL_03"",""EV_XP_APP0181_02_VALIDATE_M1_SKILL_03""]",2026-10-30T13:35:00+09:00,SYNTHETIC_HUMAN_SCENARIO
XP_APP0182_01,APP0182,C0182,COURSE_PROJECT,SELF,"{""PROBLEM"":""과제의 예측 목표와 허용 오차를 정의했다."",""VALIDATE"":""분리한 검증 입력에서 예측 오차를 비교했다.""}","[""PROBLEM"",""VALIDATE""]","[""EV_XP_APP0182_01_PROBLEM_M1_SKILL_01"",""EV_XP_APP0182_01_VALIDATE_M1_SKILL_03""]",2026-10-25T10:16:00+09:00,SYNTHETIC_HUMAN_SCENARIO
XP_APP0184_01,APP0184,C0184,TEAM_PROJECT,TEAM_CLEAR,"{""BUILD"":""담당 기능의 모델 호출 코드를 구현했다."",""PROBLEM"":""담당 기능의 목표와 서비스 제약을 정리했다.""}","[""PROBLEM"",""BUILD""]","[""EV_XP_APP0184_01_BUILD_M1_SKILL_03"",""EV_XP_APP0184_01_PROBLEM_M1_SKILL_01""]",2026-10-30T10:02:00+09:00,SYNTHETIC_HUMAN_SCENARIO
XP_APP0185_01,APP0185,C0185,COURSE_PROJECT,SELF,"{""PROBLEM"":""과제의 예측 목표와 허용 오차를 정의했다."",""VALIDATE"":""분리한 검증 입력에서 예측 오차를 비교했다.""}","[""PROBLEM"",""VALIDATE""]","[""EV_XP_APP0185_01_PROBLEM_M1_SKILL_01"",""EV_XP_APP0185_01_VALIDATE_M1_SKILL_03""]",2026-10-25T14:48:00+09:00,SYNTHETIC_HUMAN_SCENARIO
XP_APP0185_02,APP0185,C0185,PERSONAL_PROTOTYPE,TEAM_CLEAR,"{""BUILD"":""작업 순서를 실행하는 모듈을 구현했다."",""PROBLEM"":""반복 작업의 입력 조건과 자동화 범위를 정했다.""}","[""PROBLEM"",""BUILD""]","[""EV_XP_APP0185_02_BUILD_M1_SKILL_03"",""EV_XP_APP0185_02_PROBLEM_M1_SKILL_01""]",2026-10-25T14:48:00+09:00,SYNTHETIC_HUMAN_SCENARIO
XP_APP0186_01,APP0186,C0186,COURSE_PROJECT,TEAM_CLEAR,{},[],[],2026-10-25T11:00:00+09:00,SYNTHETIC_HUMAN_SCENARIO
XP_APP0188_01,APP0188,C0188,TEAM_PROJECT,TEAM_CLEAR,"{""BUILD"":""담당 기능의 모델 호출 코드를 구현했다."",""PROBLEM"":""담당 기능의 목표와 서비스 제약을 정리했다."",""VALIDATE"":""담당 기능의 변경 전후 결과를 비교했다.""}","[""PROBLEM"",""BUILD"",""VALIDATE""]","[""EV_XP_APP0188_01_BUILD_M1_SKILL_03"",""EV_XP_APP0188_01_PROBLEM_M1_SKILL_01"",""EV_XP_APP0188_01_VALIDATE_M1_SKILL_03""]",2026-10-28T16:31:00+09:00,SYNTHETIC_HUMAN_SCENARIO
XP_APP0188_02,APP0188,C0188,PERSONAL_PROTOTYPE,TEAM_UNCLEAR,{},[],[],2026-10-28T16:31:00+09:00,SYNTHETIC_HUMAN_SCENARIO
XP_APP0189_01,APP0189,C0189,TEAM_PROJECT,SELF,"{""BUILD"":""담당 기능의 모델 호출 코드를 구현했다."",""VALIDATE"":""담당 기능의 변경 전후 결과를 비교했다.""}","[""BUILD"",""VALIDATE""]","[""EV_XP_APP0189_01_BUILD_M1_SKILL_03"",""EV_XP_APP0189_01_VALIDATE_M1_SKILL_03""]",2026-10-26T14:23:00+09:00,SYNTHETIC_HUMAN_SCENARIO
XP_APP0189_02,APP0189,C0189,PERSONAL_PROTOTYPE,TEAM_CLEAR,"{""BUILD"":""작업 순서를 실행하는 모듈을 구현했다."",""PROBLEM"":""반복 작업의 입력 조건과 자동화 범위를 정했다.""}","[""PROBLEM"",""BUILD""]","[""EV_XP_APP0189_02_BUILD_M1_SKILL_03"",""EV_XP_APP0189_02_PROBLEM_M1_SKILL_01""]",2026-10-26T14:23:00+09:00,SYNTHETIC_HUMAN_SCENARIO
XP_APP0190_01,APP0190,C0190,PERSONAL_PROTOTYPE,TEAM_UNCLEAR,"{""PROBLEM"":""반복 작업의 입력 조건과 자동화 범위를 정했다.""}","[""PROBLEM""]","[""EV_XP_APP0190_01_PROBLEM_M1_SKILL_01""]",2026-10-25T15:59:00+09:00,SYNTHETIC_HUMAN_SCENARIO
XP_APP0190_02,APP0190,C0190,PERSONAL_PROTOTYPE,TEAM_UNCLEAR,"{""PROBLEM"":""반복 작업의 입력 조건과 자동화 범위를 정했다.""}","[""PROBLEM""]","[""EV_XP_APP0190_02_PROBLEM_M1_SKILL_01""]",2026-10-25T15:59:00+09:00,SYNTHETIC_HUMAN_SCENARIO
XP_APP0191_01,APP0191,C0191,PERSONAL_PROTOTYPE,TEAM_UNCLEAR,"{""BUILD"":""작업 순서를 실행하는 모듈을 구현했다.""}","[""BUILD""]","[""EV_XP_APP0191_01_BUILD_M1_SKILL_03""]",2026-10-24T09:15:00+09:00,SYNTHETIC_HUMAN_SCENARIO
XP_APP0192_01,APP0192,C0192,PERSONAL_PROTOTYPE,SELF,"{""PROBLEM"":""반복 작업의 입력 조건과 자동화 범위를 정했다.""}","[""PROBLEM""]","[""EV_XP_APP0192_01_PROBLEM_M1_SKILL_01""]",2026-10-31T13:04:00+09:00,SYNTHETIC_HUMAN_SCENARIO
XP_APP0192_02,APP0192,C0192,PERSONAL_PROTOTYPE,TEAM_UNCLEAR,"{""BUILD"":""작업 순서를 실행하는 모듈을 구현했다."",""PROBLEM"":""반복 작업의 입력 조건과 자동화 범위를 정했다.""}","[""PROBLEM"",""BUILD""]","[""EV_XP_APP0192_02_BUILD_M1_SKILL_03"",""EV_XP_APP0192_02_PROBLEM_M1_SKILL_01""]",2026-10-31T13:04:00+09:00,SYNTHETIC_HUMAN_SCENARIO
XP_APP0193_01,APP0193,C0193,TEAM_PROJECT,TEAM_UNCLEAR,"{""BUILD"":""담당 기능의 모델 호출 코드를 구현했다."",""VALIDATE"":""담당 기능의 변경 전후 결과를 비교했다.""}","[""BUILD"",""VALIDATE""]","[""EV_XP_APP0193_01_BUILD_M1_SKILL_03"",""EV_XP_APP0193_01_VALIDATE_M1_SKILL_03""]",2026-10-24T13:29:00+09:00,SYNTHETIC_HUMAN_SCENARIO
XP_APP0193_02,APP0193,C0193,COURSE_PROJECT,SELF,"{""BUILD"":""입력 데이터를 처리하고 예측을 수행하는 함수를 작성했다."",""VALIDATE"":""분리한 검증 입력에서 예측 오차를 비교했다.""}","[""BUILD"",""VALIDATE""]","[""EV_XP_APP0193_02_BUILD_M1_SKILL_03"",""EV_XP_APP0193_02_VALIDATE_M1_SKILL_03""]",2026-10-24T13:29:00+09:00,SYNTHETIC_HUMAN_SCENARIO
XP_APP0194_01,APP0194,C0194,COURSE_PROJECT,TEAM_CLEAR,"{""PROBLEM"":""과제의 예측 목표와 허용 오차를 정의했다."",""VALIDATE"":""분리한 검증 입력에서 예측 오차를 비교했다.""}","[""PROBLEM"",""VALIDATE""]","[""EV_XP_APP0194_01_PROBLEM_M1_SKILL_01"",""EV_XP_APP0194_01_VALIDATE_M1_SKILL_03""]",2026-10-31T12:12:00+09:00,SYNTHETIC_HUMAN_SCENARIO
XP_APP0194_02,APP0194,C0194,COURSE_PROJECT,TEAM_CLEAR,"{""BUILD"":""입력 데이터를 처리하고 예측을 수행하는 함수를 작성했다.""}","[""BUILD""]","[""EV_XP_APP0194_02_BUILD_M1_SKILL_03""]",2026-10-31T12:12:00+09:00,SYNTHETIC_HUMAN_SCENARIO
XP_APP0196_01,APP0196,C0196,COURSE_PROJECT,SELF,{},[],[],2026-10-25T14:54:00+09:00,SYNTHETIC_HUMAN_SCENARIO
XP_APP0199_01,APP0199,C0199,PERSONAL_PROTOTYPE,TEAM_CLEAR,"{""BUILD"":""작업 순서를 실행하는 모듈을 구현했다."",""PROBLEM"":""반복 작업의 입력 조건과 자동화 범위를 정했다."",""VALIDATE"":""빈 입력과 실패 상황 테스트를 실행하고 오류를 수정했다.""}","[""PROBLEM"",""BUILD"",""VALIDATE""]","[""EV_XP_APP0199_01_BUILD_M1_SKILL_03"",""EV_XP_APP0199_01_PROBLEM_M1_SKILL_01"",""EV_XP_APP0199_01_VALIDATE_M1_SKILL_03""]",2026-10-25T15:59:00+09:00,SYNTHETIC_HUMAN_SCENARIO
XP_APP0199_02,APP0199,C0199,PERSONAL_PROTOTYPE,TEAM_UNCLEAR,"{""BUILD"":""작업 순서를 실행하는 모듈을 구현했다."",""VALIDATE"":""빈 입력과 실패 상황 테스트를 실행하고 오류를 수정했다.""}","[""BUILD"",""VALIDATE""]","[""EV_XP_APP0199_02_BUILD_M1_SKILL_03"",""EV_XP_APP0199_02_VALIDATE_M1_SKILL_03""]",2026-10-25T15:59:00+09:00,SYNTHETIC_HUMAN_SCENARIO
XP_APP0200_01,APP0200,C0200,PERSONAL_PROTOTYPE,SELF,"{""PROBLEM"":""반복 작업의 입력 조건과 자동화 범위를 정했다."",""VALIDATE"":""빈 입력과 실패 상황 테스트를 실행하고 오류를 수정했다.""}","[""PROBLEM"",""VALIDATE""]","[""EV_XP_APP0200_01_PROBLEM_M1_SKILL_01"",""EV_XP_APP0200_01_VALIDATE_M1_SKILL_03""]",2026-11-01T09:19:00+09:00,SYNTHETIC_HUMAN_SCENARIO
XP_APP0200_02,APP0200,C0200,COURSE_PROJECT,SELF,{},[],[],2026-11-01T09:19:00+09:00,SYNTHETIC_HUMAN_SCENARIO
XP_APP0201_01,APP0201,C0201,COURSE_PROJECT,TEAM_CLEAR,{},[],[],2026-10-29T10:35:00+09:00,SYNTHETIC_HUMAN_SCENARIO
XP_APP0202_01,APP0202,C0202,PERSONAL_PROTOTYPE,TEAM_CLEAR,"{""BUILD"":""작업 순서를 실행하는 모듈을 구현했다."",""PROBLEM"":""반복 작업의 입력 조건과 자동화 범위를 정했다."",""VALIDATE"":""빈 입력과 실패 상황 테스트를 실행하고 오류를 수정했다.""}","[""PROBLEM"",""BUILD"",""VALIDATE""]","[""EV_XP_APP0202_01_BUILD_M1_SKILL_03"",""EV_XP_APP0202_01_PROBLEM_M1_SKILL_01"",""EV_XP_APP0202_01_VALIDATE_M1_SKILL_03""]",2026-10-29T16:48:00+09:00,SYNTHETIC_HUMAN_SCENARIO
XP_APP0202_02,APP0202,C0202,COURSE_PROJECT,TEAM_UNCLEAR,"{""BUILD"":""입력 데이터를 처리하고 예측을 수행하는 함수를 작성했다."",""VALIDATE"":""분리한 검증 입력에서 예측 오차를 비교했다.""}","[""BUILD"",""VALIDATE""]","[""EV_XP_APP0202_02_BUILD_M1_SKILL_03"",""EV_XP_APP0202_02_VALIDATE_M1_SKILL_03""]",2026-10-29T16:48:00+09:00,SYNTHETIC_HUMAN_SCENARIO
XP_APP0203_01,APP0203,C0203,PERSONAL_PROTOTYPE,TEAM_CLEAR,"{""VALIDATE"":""빈 입력과 실패 상황 테스트를 실행하고 오류를 수정했다.""}","[""VALIDATE""]","[""EV_XP_APP0203_01_VALIDATE_M1_SKILL_03""]",2026-10-26T16:39:00+09:00,SYNTHETIC_HUMAN_SCENARIO
XP_APP0205_01,APP0205,C0205,COURSE_PROJECT,SELF,"{""BUILD"":""입력 데이터를 처리하고 예측을 수행하는 함수를 작성했다."",""PROBLEM"":""과제의 예측 목표와 허용 오차를 정의했다.""}","[""PROBLEM"",""BUILD""]","[""EV_XP_APP0205_01_BUILD_M1_SKILL_03"",""EV_XP_APP0205_01_PROBLEM_M1_SKILL_01""]",2026-10-25T12:24:00+09:00,SYNTHETIC_HUMAN_SCENARIO
XP_APP0205_02,APP0205,C0205,PERSONAL_PROTOTYPE,TEAM_UNCLEAR,"{""BUILD"":""작업 순서를 실행하는 모듈을 구현했다."",""PROBLEM"":""반복 작업의 입력 조건과 자동화 범위를 정했다.""}","[""PROBLEM"",""BUILD""]","[""EV_XP_APP0205_02_BUILD_M1_SKILL_03"",""EV_XP_APP0205_02_PROBLEM_M1_SKILL_01""]",2026-10-25T12:24:00+09:00,SYNTHETIC_HUMAN_SCENARIO
XP_APP0206_01,APP0206,C0206,COURSE_PROJECT,TEAM_CLEAR,"{""PROBLEM"":""과제의 예측 목표와 허용 오차를 정의했다.""}","[""PROBLEM""]","[""EV_XP_APP0206_01_PROBLEM_M1_SKILL_01""]",2026-11-01T15:27:00+09:00,SYNTHETIC_HUMAN_SCENARIO
XP_APP0206_02,APP0206,C0206,TEAM_PROJECT,TEAM_CLEAR,"{""BUILD"":""담당 기능의 모델 호출 코드를 구현했다."",""VALIDATE"":""담당 기능의 변경 전후 결과를 비교했다.""}","[""BUILD"",""VALIDATE""]","[""EV_XP_APP0206_02_BUILD_M1_SKILL_03"",""EV_XP_APP0206_02_VALIDATE_M1_SKILL_03""]",2026-11-01T15:27:00+09:00,SYNTHETIC_HUMAN_SCENARIO
XP_APP0209_01,APP0209,C0209,COURSE_PROJECT,TEAM_UNCLEAR,{},[],[],2026-10-25T14:42:00+09:00,SYNTHETIC_HUMAN_SCENARIO
XP_APP0210_01,APP0210,C0210,COURSE_PROJECT,TEAM_CLEAR,"{""BUILD"":""입력 데이터를 처리하고 예측을 수행하는 함수를 작성했다.""}","[""BUILD""]","[""EV_XP_APP0210_01_BUILD_M1_SKILL_03""]",2026-10-29T11:10:00+09:00,SYNTHETIC_HUMAN_SCENARIO
XP_APP0210_02,APP0210,C0210,COURSE_PROJECT,SELF,{},[],[],2026-10-29T11:10:00+09:00,SYNTHETIC_HUMAN_SCENARIO
XP_APP0213_01,APP0213,C0213,PERSONAL_PROTOTYPE,SELF,"{""VALIDATE"":""빈 입력과 실패 상황 테스트를 실행하고 오류를 수정했다.""}","[""VALIDATE""]","[""EV_XP_APP0213_01_VALIDATE_M1_SKILL_03""]",2026-10-27T16:20:00+09:00,SYNTHETIC_HUMAN_SCENARIO
XP_APP0215_01,APP0215,C0215,COURSE_PROJECT,TEAM_UNCLEAR,"{""BUILD"":""입력 데이터를 처리하고 예측을 수행하는 함수를 작성했다."",""VALIDATE"":""분리한 검증 입력에서 예측 오차를 비교했다.""}","[""BUILD"",""VALIDATE""]","[""EV_XP_APP0215_01_BUILD_M1_SKILL_03"",""EV_XP_APP0215_01_VALIDATE_M1_SKILL_03""]",2026-10-27T16:23:00+09:00,SYNTHETIC_HUMAN_SCENARIO
XP_APP0215_02,APP0215,C0215,COURSE_PROJECT,TEAM_UNCLEAR,"{""BUILD"":""입력 데이터를 처리하고 예측을 수행하는 함수를 작성했다.""}","[""BUILD""]","[""EV_XP_APP0215_02_BUILD_M1_SKILL_03""]",2026-10-27T16:23:00+09:00,SYNTHETIC_HUMAN_SCENARIO
XP_APP0216_01,APP0216,C0216,PERSONAL_PROTOTYPE,TEAM_CLEAR,"{""BUILD"":""작업 순서를 실행하는 모듈을 구현했다."",""PROBLEM"":""반복 작업의 입력 조건과 자동화 범위를 정했다.""}","[""PROBLEM"",""BUILD""]","[""EV_XP_APP0216_01_BUILD_M1_SKILL_03"",""EV_XP_APP0216_01_PROBLEM_M1_SKILL_01""]",2026-10-26T10:14:00+09:00,SYNTHETIC_HUMAN_SCENARIO
XP_APP0216_02,APP0216,C0216,COURSE_PROJECT,TEAM_CLEAR,"{""BUILD"":""입력 데이터를 처리하고 예측을 수행하는 함수를 작성했다."",""PROBLEM"":""과제의 예측 목표와 허용 오차를 정의했다.""}","[""PROBLEM"",""BUILD""]","[""EV_XP_APP0216_02_BUILD_M1_SKILL_03"",""EV_XP_APP0216_02_PROBLEM_M1_SKILL_01""]",2026-10-26T10:14:00+09:00,SYNTHETIC_HUMAN_SCENARIO
XP_APP0217_01,APP0217,C0217,TEAM_PROJECT,TEAM_UNCLEAR,"{""BUILD"":""담당 기능의 모델 호출 코드를 구현했다."",""PROBLEM"":""담당 기능의 목표와 서비스 제약을 정리했다."",""VALIDATE"":""담당 기능의 변경 전후 결과를 비교했다.""}","[""PROBLEM"",""BUILD"",""VALIDATE""]","[""EV_XP_APP0217_01_BUILD_M1_SKILL_03"",""EV_XP_APP0217_01_PROBLEM_M1_SKILL_01"",""EV_XP_APP0217_01_VALIDATE_M1_SKILL_03""]",2026-10-27T14:22:00+09:00,SYNTHETIC_HUMAN_SCENARIO
XP_APP0218_01,APP0218,C0218,COURSE_PROJECT,TEAM_CLEAR,"{""VALIDATE"":""분리한 검증 입력에서 예측 오차를 비교했다.""}","[""VALIDATE""]","[""EV_XP_APP0218_01_VALIDATE_M1_SKILL_03""]",2026-10-30T16:24:00+09:00,SYNTHETIC_HUMAN_SCENARIO
XP_APP0218_02,APP0218,C0218,COURSE_PROJECT,TEAM_CLEAR,"{""PROBLEM"":""과제의 예측 목표와 허용 오차를 정의했다."",""VALIDATE"":""분리한 검증 입력에서 예측 오차를 비교했다.""}","[""PROBLEM"",""VALIDATE""]","[""EV_XP_APP0218_02_PROBLEM_M1_SKILL_01"",""EV_XP_APP0218_02_VALIDATE_M1_SKILL_03""]",2026-10-30T16:24:00+09:00,SYNTHETIC_HUMAN_SCENARIO
XP_APP0219_01,APP0219,C0219,TEAM_PROJECT,SELF,"{""VALIDATE"":""담당 기능의 변경 전후 결과를 비교했다.""}","[""VALIDATE""]","[""EV_XP_APP0219_01_VALIDATE_M1_SKILL_03""]",2026-10-26T11:41:00+09:00,SYNTHETIC_HUMAN_SCENARIO
XP_APP0219_02,APP0219,C0219,COURSE_PROJECT,SELF,"{""BUILD"":""입력 데이터를 처리하고 예측을 수행하는 함수를 작성했다."",""VALIDATE"":""분리한 검증 입력에서 예측 오차를 비교했다.""}","[""BUILD"",""VALIDATE""]","[""EV_XP_APP0219_02_BUILD_M1_SKILL_03"",""EV_XP_APP0219_02_VALIDATE_M1_SKILL_03""]",2026-10-26T11:41:00+09:00,SYNTHETIC_HUMAN_SCENARIO
XP_APP0220_01,APP0220,C0220,COURSE_PROJECT,TEAM_UNCLEAR,"{""PROBLEM"":""과제의 예측 목표와 허용 오차를 정의했다."",""VALIDATE"":""분리한 검증 입력에서 예측 오차를 비교했다.""}","[""PROBLEM"",""VALIDATE""]","[""EV_XP_APP0220_01_PROBLEM_M1_SKILL_01"",""EV_XP_APP0220_01_VALIDATE_M1_SKILL_03""]",2026-10-26T10:16:00+09:00,SYNTHETIC_HUMAN_SCENARIO
XP_APP0222_01,APP0222,C0222,TEAM_PROJECT,TEAM_CLEAR,"{""BUILD"":""담당 기능의 모델 호출 코드를 구현했다."",""VALIDATE"":""담당 기능의 변경 전후 결과를 비교했다.""}","[""BUILD"",""VALIDATE""]","[""EV_XP_APP0222_01_BUILD_M1_SKILL_03"",""EV_XP_APP0222_01_VALIDATE_M1_SKILL_03""]",2026-10-26T14:55:00+09:00,SYNTHETIC_HUMAN_SCENARIO
XP_APP0223_01,APP0223,C0223,COURSE_PROJECT,TEAM_CLEAR,"{""BUILD"":""입력 데이터를 처리하고 예측을 수행하는 함수를 작성했다."",""PROBLEM"":""과제의 예측 목표와 허용 오차를 정의했다.""}","[""PROBLEM"",""BUILD""]","[""EV_XP_APP0223_01_BUILD_M1_SKILL_03"",""EV_XP_APP0223_01_PROBLEM_M1_SKILL_01""]",2026-10-28T09:56:00+09:00,SYNTHETIC_HUMAN_SCENARIO
XP_APP0223_02,APP0223,C0223,TEAM_PROJECT,TEAM_CLEAR,"{""BUILD"":""담당 기능의 모델 호출 코드를 구현했다."",""VALIDATE"":""담당 기능의 변경 전후 결과를 비교했다.""}","[""BUILD"",""VALIDATE""]","[""EV_XP_APP0223_02_BUILD_M1_SKILL_03"",""EV_XP_APP0223_02_VALIDATE_M1_SKILL_03""]",2026-10-28T09:56:00+09:00,SYNTHETIC_HUMAN_SCENARIO
XP_APP0225_01,APP0225,C0225,TEAM_PROJECT,TEAM_CLEAR,"{""BUILD"":""담당 기능의 모델 호출 코드를 구현했다."",""VALIDATE"":""담당 기능의 변경 전후 결과를 비교했다.""}","[""BUILD"",""VALIDATE""]","[""EV_XP_APP0225_01_BUILD_M1_SKILL_03"",""EV_XP_APP0225_01_VALIDATE_M1_SKILL_03""]",2026-10-30T12:27:00+09:00,SYNTHETIC_HUMAN_SCENARIO
XP_APP0227_01,APP0227,C0227,COURSE_PROJECT,TEAM_CLEAR,"{""BUILD"":""입력 데이터를 처리하고 예측을 수행하는 함수를 작성했다.""}","[""BUILD""]","[""EV_XP_APP0227_01_BUILD_M1_SKILL_03""]",2026-10-27T15:46:00+09:00,SYNTHETIC_HUMAN_SCENARIO
XP_APP0227_02,APP0227,C0227,PERSONAL_PROTOTYPE,TEAM_CLEAR,{},[],[],2026-10-27T15:46:00+09:00,SYNTHETIC_HUMAN_SCENARIO
XP_APP0228_01,APP0228,C0228,COURSE_PROJECT,SELF,"{""BUILD"":""입력 데이터를 처리하고 예측을 수행하는 함수를 작성했다."",""VALIDATE"":""분리한 검증 입력에서 예측 오차를 비교했다.""}","[""BUILD"",""VALIDATE""]","[""EV_XP_APP0228_01_BUILD_M1_SKILL_03"",""EV_XP_APP0228_01_VALIDATE_M1_SKILL_03""]",2026-10-28T15:29:00+09:00,SYNTHETIC_HUMAN_SCENARIO
XP_APP0228_02,APP0228,C0228,COURSE_PROJECT,TEAM_UNCLEAR,"{""BUILD"":""입력 데이터를 처리하고 예측을 수행하는 함수를 작성했다."",""VALIDATE"":""분리한 검증 입력에서 예측 오차를 비교했다.""}","[""BUILD"",""VALIDATE""]","[""EV_XP_APP0228_02_BUILD_M1_SKILL_03"",""EV_XP_APP0228_02_VALIDATE_M1_SKILL_03""]",2026-10-28T15:29:00+09:00,SYNTHETIC_HUMAN_SCENARIO
XP_APP0229_01,APP0229,C0229,PERSONAL_PROTOTYPE,SELF,"{""VALIDATE"":""빈 입력과 실패 상황 테스트를 실행하고 오류를 수정했다.""}","[""VALIDATE""]","[""EV_XP_APP0229_01_VALIDATE_M1_SKILL_03""]",2026-10-28T16:14:00+09:00,SYNTHETIC_HUMAN_SCENARIO
XP_APP0229_02,APP0229,C0229,COURSE_PROJECT,TEAM_CLEAR,"{""BUILD"":""입력 데이터를 처리하고 예측을 수행하는 함수를 작성했다.""}","[""BUILD""]","[""EV_XP_APP0229_02_BUILD_M1_SKILL_03""]",2026-10-28T16:14:00+09:00,SYNTHETIC_HUMAN_SCENARIO
XP_APP0230_01,APP0230,C0230,COURSE_PROJECT,SELF,"{""PROBLEM"":""과제의 예측 목표와 허용 오차를 정의했다."",""VALIDATE"":""분리한 검증 입력에서 예측 오차를 비교했다.""}","[""PROBLEM"",""VALIDATE""]","[""EV_XP_APP0230_01_PROBLEM_M1_SKILL_01"",""EV_XP_APP0230_01_VALIDATE_M1_SKILL_03""]",2026-10-27T13:20:00+09:00,SYNTHETIC_HUMAN_SCENARIO
XP_APP0230_02,APP0230,C0230,PERSONAL_PROTOTYPE,TEAM_UNCLEAR,{},[],[],2026-10-27T13:20:00+09:00,SYNTHETIC_HUMAN_SCENARIO
XP_APP0231_01,APP0231,C0231,COURSE_PROJECT,TEAM_UNCLEAR,{},[],[],2026-10-28T14:46:00+09:00,SYNTHETIC_HUMAN_SCENARIO
XP_APP0231_02,APP0231,C0231,PERSONAL_PROTOTYPE,SELF,"{""PROBLEM"":""반복 작업의 입력 조건과 자동화 범위를 정했다.""}","[""PROBLEM""]","[""EV_XP_APP0231_02_PROBLEM_M1_SKILL_01""]",2026-10-28T14:46:00+09:00,SYNTHETIC_HUMAN_SCENARIO
XP_APP0232_01,APP0232,C0232,TEAM_PROJECT,TEAM_UNCLEAR,{},[],[],2026-10-30T09:25:00+09:00,SYNTHETIC_HUMAN_SCENARIO
XP_APP0232_02,APP0232,C0232,PERSONAL_PROTOTYPE,TEAM_UNCLEAR,"{""BUILD"":""작업 순서를 실행하는 모듈을 구현했다.""}","[""BUILD""]","[""EV_XP_APP0232_02_BUILD_M1_SKILL_03""]",2026-10-30T09:25:00+09:00,SYNTHETIC_HUMAN_SCENARIO
XP_APP0235_01,APP0235,C0235,COURSE_PROJECT,SELF,"{""BUILD"":""입력 데이터를 처리하고 예측을 수행하는 함수를 작성했다."",""PROBLEM"":""과제의 예측 목표와 허용 오차를 정의했다."",""VALIDATE"":""분리한 검증 입력에서 예측 오차를 비교했다.""}","[""PROBLEM"",""BUILD"",""VALIDATE""]","[""EV_XP_APP0235_01_BUILD_M1_SKILL_03"",""EV_XP_APP0235_01_PROBLEM_M1_SKILL_01"",""EV_XP_APP0235_01_VALIDATE_M1_SKILL_03""]",2026-10-28T14:12:00+09:00,SYNTHETIC_HUMAN_SCENARIO
XP_APP0235_02,APP0235,C0235,COURSE_PROJECT,SELF,{},[],[],2026-10-28T14:12:00+09:00,SYNTHETIC_HUMAN_SCENARIO
XP_APP0237_01,APP0237,C0237,PERSONAL_PROTOTYPE,SELF,"{""BUILD"":""작업 순서를 실행하는 모듈을 구현했다."",""VALIDATE"":""빈 입력과 실패 상황 테스트를 실행하고 오류를 수정했다.""}","[""BUILD"",""VALIDATE""]","[""EV_XP_APP0237_01_BUILD_M1_SKILL_03"",""EV_XP_APP0237_01_VALIDATE_M1_SKILL_03""]",2026-11-03T10:57:00+09:00,SYNTHETIC_HUMAN_SCENARIO
XP_APP0237_02,APP0237,C0237,COURSE_PROJECT,TEAM_UNCLEAR,"{""PROBLEM"":""과제의 예측 목표와 허용 오차를 정의했다.""}","[""PROBLEM""]","[""EV_XP_APP0237_02_PROBLEM_M1_SKILL_01""]",2026-11-03T10:57:00+09:00,SYNTHETIC_HUMAN_SCENARIO
XP_APP0238_01,APP0238,C0238,COURSE_PROJECT,TEAM_CLEAR,"{""BUILD"":""입력 데이터를 처리하고 예측을 수행하는 함수를 작성했다."",""PROBLEM"":""과제의 예측 목표와 허용 오차를 정의했다.""}","[""PROBLEM"",""BUILD""]","[""EV_XP_APP0238_01_BUILD_M1_SKILL_03"",""EV_XP_APP0238_01_PROBLEM_M1_SKILL_01""]",2026-10-31T14:30:00+09:00,SYNTHETIC_HUMAN_SCENARIO
XP_APP0238_02,APP0238,C0238,PERSONAL_PROTOTYPE,SELF,"{""PROBLEM"":""반복 작업의 입력 조건과 자동화 범위를 정했다.""}","[""PROBLEM""]","[""EV_XP_APP0238_02_PROBLEM_M1_SKILL_01""]",2026-10-31T14:30:00+09:00,SYNTHETIC_HUMAN_SCENARIO
XP_APP0239_01,APP0239,C0239,TEAM_PROJECT,TEAM_UNCLEAR,"{""PROBLEM"":""담당 기능의 목표와 서비스 제약을 정리했다.""}","[""PROBLEM""]","[""EV_XP_APP0239_01_PROBLEM_M1_SKILL_01""]",2026-10-27T10:16:00+09:00,SYNTHETIC_HUMAN_SCENARIO
XP_APP0240_01,APP0240,C0240,COURSE_PROJECT,TEAM_CLEAR,"{""PROBLEM"":""과제의 예측 목표와 허용 오차를 정의했다."",""VALIDATE"":""분리한 검증 입력에서 예측 오차를 비교했다.""}","[""PROBLEM"",""VALIDATE""]","[""EV_XP_APP0240_01_PROBLEM_M1_SKILL_01"",""EV_XP_APP0240_01_VALIDATE_M1_SKILL_03""]",2026-10-27T13:08:00+09:00,SYNTHETIC_HUMAN_SCENARIO
XP_APP0240_02,APP0240,C0240,COURSE_PROJECT,TEAM_UNCLEAR,"{""BUILD"":""입력 데이터를 처리하고 예측을 수행하는 함수를 작성했다."",""PROBLEM"":""과제의 예측 목표와 허용 오차를 정의했다.""}","[""PROBLEM"",""BUILD""]","[""EV_XP_APP0240_02_BUILD_M1_SKILL_03"",""EV_XP_APP0240_02_PROBLEM_M1_SKILL_01""]",2026-10-27T13:08:00+09:00,SYNTHETIC_HUMAN_SCENARIO
XP_APP0241_01,APP0241,C0241,PERSONAL_PROTOTYPE,TEAM_CLEAR,"{""PROBLEM"":""반복 작업의 입력 조건과 자동화 범위를 정했다."",""VALIDATE"":""빈 입력과 실패 상황 테스트를 실행하고 오류를 수정했다.""}","[""PROBLEM"",""VALIDATE""]","[""EV_XP_APP0241_01_PROBLEM_M1_SKILL_01"",""EV_XP_APP0241_01_VALIDATE_M1_SKILL_03""]",2026-10-27T11:43:00+09:00,SYNTHETIC_HUMAN_SCENARIO
XP_APP0242_01,APP0242,C0242,PERSONAL_PROTOTYPE,SELF,"{""VALIDATE"":""빈 입력과 실패 상황 테스트를 실행하고 오류를 수정했다.""}","[""VALIDATE""]","[""EV_XP_APP0242_01_VALIDATE_M1_SKILL_03""]",2026-10-31T11:11:00+09:00,SYNTHETIC_HUMAN_SCENARIO
XP_APP0242_02,APP0242,C0242,TEAM_PROJECT,SELF,"{""PROBLEM"":""담당 기능의 목표와 서비스 제약을 정리했다.""}","[""PROBLEM""]","[""EV_XP_APP0242_02_PROBLEM_M1_SKILL_01""]",2026-10-31T11:11:00+09:00,SYNTHETIC_HUMAN_SCENARIO
XP_APP0243_01,APP0243,C0243,COURSE_PROJECT,TEAM_UNCLEAR,{},[],[],2026-10-27T15:13:00+09:00,SYNTHETIC_HUMAN_SCENARIO
XP_APP0246_01,APP0246,C0246,PERSONAL_PROTOTYPE,TEAM_UNCLEAR,"{""VALIDATE"":""빈 입력과 실패 상황 테스트를 실행하고 오류를 수정했다.""}","[""VALIDATE""]","[""EV_XP_APP0246_01_VALIDATE_M1_SKILL_03""]",2026-10-29T09:26:00+09:00,SYNTHETIC_HUMAN_SCENARIO
XP_APP0246_02,APP0246,C0246,PERSONAL_PROTOTYPE,TEAM_UNCLEAR,"{""BUILD"":""작업 순서를 실행하는 모듈을 구현했다."",""PROBLEM"":""반복 작업의 입력 조건과 자동화 범위를 정했다."",""VALIDATE"":""빈 입력과 실패 상황 테스트를 실행하고 오류를 수정했다.""}","[""PROBLEM"",""BUILD"",""VALIDATE""]","[""EV_XP_APP0246_02_BUILD_M1_SKILL_03"",""EV_XP_APP0246_02_PROBLEM_M1_SKILL_01"",""EV_XP_APP0246_02_VALIDATE_M1_SKILL_03""]",2026-10-29T09:26:00+09:00,SYNTHETIC_HUMAN_SCENARIO
XP_APP0247_01,APP0247,C0247,PERSONAL_PROTOTYPE,TEAM_CLEAR,"{""BUILD"":""작업 순서를 실행하는 모듈을 구현했다.""}","[""BUILD""]","[""EV_XP_APP0247_01_BUILD_M1_SKILL_03""]",2026-10-27T10:35:00+09:00,SYNTHETIC_HUMAN_SCENARIO
XP_APP0247_02,APP0247,C0247,COURSE_PROJECT,TEAM_CLEAR,"{""VALIDATE"":""분리한 검증 입력에서 예측 오차를 비교했다.""}","[""VALIDATE""]","[""EV_XP_APP0247_02_VALIDATE_M1_SKILL_03""]",2026-10-27T10:35:00+09:00,SYNTHETIC_HUMAN_SCENARIO
XP_APP0248_01,APP0248,C0248,TEAM_PROJECT,TEAM_UNCLEAR,"{""BUILD"":""담당 기능의 모델 호출 코드를 구현했다."",""VALIDATE"":""담당 기능의 변경 전후 결과를 비교했다.""}","[""BUILD"",""VALIDATE""]","[""EV_XP_APP0248_01_BUILD_M1_SKILL_03"",""EV_XP_APP0248_01_VALIDATE_M1_SKILL_03""]",2026-10-28T12:12:00+09:00,SYNTHETIC_HUMAN_SCENARIO
XP_APP0248_02,APP0248,C0248,COURSE_PROJECT,TEAM_UNCLEAR,"{""VALIDATE"":""분리한 검증 입력에서 예측 오차를 비교했다.""}","[""VALIDATE""]","[""EV_XP_APP0248_02_VALIDATE_M1_SKILL_03""]",2026-10-28T12:12:00+09:00,SYNTHETIC_HUMAN_SCENARIO
XP_APP0249_01,APP0249,C0249,COURSE_PROJECT,TEAM_CLEAR,"{""BUILD"":""입력 데이터를 처리하고 예측을 수행하는 함수를 작성했다."",""PROBLEM"":""과제의 예측 목표와 허용 오차를 정의했다."",""VALIDATE"":""분리한 검증 입력에서 예측 오차를 비교했다.""}","[""PROBLEM"",""BUILD"",""VALIDATE""]","[""EV_XP_APP0249_01_BUILD_M1_SKILL_03"",""EV_XP_APP0249_01_PROBLEM_M1_SKILL_01"",""EV_XP_APP0249_01_VALIDATE_M1_SKILL_03""]",2026-10-28T15:59:00+09:00,SYNTHETIC_HUMAN_SCENARIO
XP_APP0251_01,APP0251,C0251,COURSE_PROJECT,TEAM_UNCLEAR,"{""PROBLEM"":""과제의 예측 목표와 허용 오차를 정의했다."",""VALIDATE"":""분리한 검증 입력에서 예측 오차를 비교했다.""}","[""PROBLEM"",""VALIDATE""]","[""EV_XP_APP0251_01_PROBLEM_M1_SKILL_01"",""EV_XP_APP0251_01_VALIDATE_M1_SKILL_03""]",2026-10-27T11:08:00+09:00,SYNTHETIC_HUMAN_SCENARIO
XP_APP0253_01,APP0253,C0253,COURSE_PROJECT,TEAM_UNCLEAR,"{""BUILD"":""입력 데이터를 처리하고 예측을 수행하는 함수를 작성했다."",""VALIDATE"":""분리한 검증 입력에서 예측 오차를 비교했다.""}","[""BUILD"",""VALIDATE""]","[""EV_XP_APP0253_01_BUILD_M1_SKILL_03"",""EV_XP_APP0253_01_VALIDATE_M1_SKILL_03""]",2026-10-29T15:46:00+09:00,SYNTHETIC_HUMAN_SCENARIO
XP_APP0253_02,APP0253,C0253,COURSE_PROJECT,SELF,"{""BUILD"":""입력 데이터를 처리하고 예측을 수행하는 함수를 작성했다.""}","[""BUILD""]","[""EV_XP_APP0253_02_BUILD_M1_SKILL_03""]",2026-10-29T15:46:00+09:00,SYNTHETIC_HUMAN_SCENARIO
XP_APP0254_01,APP0254,C0254,PERSONAL_PROTOTYPE,SELF,"{""BUILD"":""작업 순서를 실행하는 모듈을 구현했다.""}","[""BUILD""]","[""EV_XP_APP0254_01_BUILD_M1_SKILL_03""]",2026-11-04T12:04:00+09:00,SYNTHETIC_HUMAN_SCENARIO
XP_APP0255_01,APP0255,C0255,PERSONAL_PROTOTYPE,TEAM_UNCLEAR,"{""PROBLEM"":""반복 작업의 입력 조건과 자동화 범위를 정했다."",""VALIDATE"":""빈 입력과 실패 상황 테스트를 실행하고 오류를 수정했다.""}","[""PROBLEM"",""VALIDATE""]","[""EV_XP_APP0255_01_PROBLEM_M1_SKILL_01"",""EV_XP_APP0255_01_VALIDATE_M1_SKILL_03""]",2026-10-30T15:09:00+09:00,SYNTHETIC_HUMAN_SCENARIO
XP_APP0256_01,APP0256,C0256,COURSE_PROJECT,TEAM_UNCLEAR,{},[],[],2026-11-04T15:06:00+09:00,SYNTHETIC_HUMAN_SCENARIO
XP_APP0257_01,APP0257,C0257,PERSONAL_PROTOTYPE,SELF,"{""BUILD"":""작업 순서를 실행하는 모듈을 구현했다."",""PROBLEM"":""반복 작업의 입력 조건과 자동화 범위를 정했다.""}","[""PROBLEM"",""BUILD""]","[""EV_XP_APP0257_01_BUILD_M1_SKILL_03"",""EV_XP_APP0257_01_PROBLEM_M1_SKILL_01""]",2026-10-29T09:31:00+09:00,SYNTHETIC_HUMAN_SCENARIO
XP_APP0257_02,APP0257,C0257,PERSONAL_PROTOTYPE,SELF,{},[],[],2026-10-29T09:31:00+09:00,SYNTHETIC_HUMAN_SCENARIO
XP_APP0258_01,APP0258,C0258,PERSONAL_PROTOTYPE,SELF,"{""BUILD"":""작업 순서를 실행하는 모듈을 구현했다."",""PROBLEM"":""반복 작업의 입력 조건과 자동화 범위를 정했다.""}","[""PROBLEM"",""BUILD""]","[""EV_XP_APP0258_01_BUILD_M1_SKILL_03"",""EV_XP_APP0258_01_PROBLEM_M1_SKILL_01""]",2026-10-30T16:14:00+09:00,SYNTHETIC_HUMAN_SCENARIO
XP_APP0262_01,APP0262,C0262,TEAM_PROJECT,TEAM_CLEAR,{},[],[],2026-11-04T16:33:00+09:00,SYNTHETIC_HUMAN_SCENARIO
XP_APP0262_02,APP0262,C0262,TEAM_PROJECT,SELF,{},[],[],2026-11-04T16:33:00+09:00,SYNTHETIC_HUMAN_SCENARIO
XP_APP0263_01,APP0263,C0263,PERSONAL_PROTOTYPE,TEAM_CLEAR,"{""PROBLEM"":""반복 작업의 입력 조건과 자동화 범위를 정했다.""}","[""PROBLEM""]","[""EV_XP_APP0263_01_PROBLEM_M1_SKILL_01""]",2026-10-28T12:46:00+09:00,SYNTHETIC_HUMAN_SCENARIO
XP_APP0264_01,APP0264,C0264,COURSE_PROJECT,TEAM_UNCLEAR,"{""VALIDATE"":""분리한 검증 입력에서 예측 오차를 비교했다.""}","[""VALIDATE""]","[""EV_XP_APP0264_01_VALIDATE_M1_SKILL_03""]",2026-10-30T16:17:00+09:00,SYNTHETIC_HUMAN_SCENARIO
XP_APP0264_02,APP0264,C0264,COURSE_PROJECT,TEAM_UNCLEAR,"{""BUILD"":""입력 데이터를 처리하고 예측을 수행하는 함수를 작성했다."",""PROBLEM"":""과제의 예측 목표와 허용 오차를 정의했다."",""VALIDATE"":""분리한 검증 입력에서 예측 오차를 비교했다.""}","[""PROBLEM"",""BUILD"",""VALIDATE""]","[""EV_XP_APP0264_02_BUILD_M1_SKILL_03"",""EV_XP_APP0264_02_PROBLEM_M1_SKILL_01"",""EV_XP_APP0264_02_VALIDATE_M1_SKILL_03""]",2026-10-30T16:17:00+09:00,SYNTHETIC_HUMAN_SCENARIO
XP_APP0265_01,APP0265,C0265,TEAM_PROJECT,TEAM_UNCLEAR,{},[],[],2026-10-31T12:03:00+09:00,SYNTHETIC_HUMAN_SCENARIO
XP_APP0267_01,APP0267,C0267,PERSONAL_PROTOTYPE,TEAM_UNCLEAR,"{""PROBLEM"":""반복 작업의 입력 조건과 자동화 범위를 정했다."",""VALIDATE"":""빈 입력과 실패 상황 테스트를 실행하고 오류를 수정했다.""}","[""PROBLEM"",""VALIDATE""]","[""EV_XP_APP0267_01_PROBLEM_M1_SKILL_01"",""EV_XP_APP0267_01_VALIDATE_M1_SKILL_03""]",2026-10-29T10:37:00+09:00,SYNTHETIC_HUMAN_SCENARIO
XP_APP0268_01,APP0268,C0268,COURSE_PROJECT,SELF,"{""BUILD"":""입력 데이터를 처리하고 예측을 수행하는 함수를 작성했다."",""PROBLEM"":""과제의 예측 목표와 허용 오차를 정의했다."",""VALIDATE"":""분리한 검증 입력에서 예측 오차를 비교했다.""}","[""PROBLEM"",""BUILD"",""VALIDATE""]","[""EV_XP_APP0268_01_BUILD_M1_SKILL_03"",""EV_XP_APP0268_01_PROBLEM_M1_SKILL_01"",""EV_XP_APP0268_01_VALIDATE_M1_SKILL_03""]",2026-10-30T15:32:00+09:00,SYNTHETIC_HUMAN_SCENARIO
XP_APP0268_02,APP0268,C0268,PERSONAL_PROTOTYPE,SELF,"{""BUILD"":""작업 순서를 실행하는 모듈을 구현했다.""}","[""BUILD""]","[""EV_XP_APP0268_02_BUILD_M1_SKILL_03""]",2026-10-30T15:32:00+09:00,SYNTHETIC_HUMAN_SCENARIO
XP_APP0269_01,APP0269,C0269,COURSE_PROJECT,TEAM_UNCLEAR,"{""PROBLEM"":""과제의 예측 목표와 허용 오차를 정의했다."",""VALIDATE"":""분리한 검증 입력에서 예측 오차를 비교했다.""}","[""PROBLEM"",""VALIDATE""]","[""EV_XP_APP0269_01_PROBLEM_M1_SKILL_01"",""EV_XP_APP0269_01_VALIDATE_M1_SKILL_03""]",2026-10-31T13:25:00+09:00,SYNTHETIC_HUMAN_SCENARIO
XP_APP0269_02,APP0269,C0269,TEAM_PROJECT,TEAM_CLEAR,"{""BUILD"":""담당 기능의 모델 호출 코드를 구현했다."",""PROBLEM"":""담당 기능의 목표와 서비스 제약을 정리했다."",""VALIDATE"":""담당 기능의 변경 전후 결과를 비교했다.""}","[""PROBLEM"",""BUILD"",""VALIDATE""]","[""EV_XP_APP0269_02_BUILD_M1_SKILL_03"",""EV_XP_APP0269_02_PROBLEM_M1_SKILL_01"",""EV_XP_APP0269_02_VALIDATE_M1_SKILL_03""]",2026-10-31T13:25:00+09:00,SYNTHETIC_HUMAN_SCENARIO
XP_APP0270_01,APP0270,C0270,COURSE_PROJECT,TEAM_CLEAR,"{""PROBLEM"":""과제의 예측 목표와 허용 오차를 정의했다."",""VALIDATE"":""분리한 검증 입력에서 예측 오차를 비교했다.""}","[""PROBLEM"",""VALIDATE""]","[""EV_XP_APP0270_01_PROBLEM_M1_SKILL_01"",""EV_XP_APP0270_01_VALIDATE_M1_SKILL_03""]",2026-11-02T12:13:00+09:00,SYNTHETIC_HUMAN_SCENARIO
XP_APP0270_02,APP0270,C0270,TEAM_PROJECT,SELF,"{""PROBLEM"":""담당 기능의 목표와 서비스 제약을 정리했다."",""VALIDATE"":""담당 기능의 변경 전후 결과를 비교했다.""}","[""PROBLEM"",""VALIDATE""]","[""EV_XP_APP0270_02_PROBLEM_M1_SKILL_01"",""EV_XP_APP0270_02_VALIDATE_M1_SKILL_03""]",2026-11-02T12:13:00+09:00,SYNTHETIC_HUMAN_SCENARIO
XP_APP0272_01,APP0272,C0272,TEAM_PROJECT,TEAM_CLEAR,"{""VALIDATE"":""담당 기능의 변경 전후 결과를 비교했다.""}","[""VALIDATE""]","[""EV_XP_APP0272_01_VALIDATE_M1_SKILL_03""]",2026-11-02T16:09:00+09:00,SYNTHETIC_HUMAN_SCENARIO
XP_APP0272_02,APP0272,C0272,TEAM_PROJECT,TEAM_UNCLEAR,"{""BUILD"":""담당 기능의 모델 호출 코드를 구현했다."",""PROBLEM"":""담당 기능의 목표와 서비스 제약을 정리했다.""}","[""PROBLEM"",""BUILD""]","[""EV_XP_APP0272_02_BUILD_M1_SKILL_03"",""EV_XP_APP0272_02_PROBLEM_M1_SKILL_01""]",2026-11-02T16:09:00+09:00,SYNTHETIC_HUMAN_SCENARIO
XP_APP0273_01,APP0273,C0273,COURSE_PROJECT,TEAM_UNCLEAR,{},[],[],2026-10-31T09:56:00+09:00,SYNTHETIC_HUMAN_SCENARIO
XP_APP0274_01,APP0274,C0274,TEAM_PROJECT,SELF,{},[],[],2026-10-31T09:40:00+09:00,SYNTHETIC_HUMAN_SCENARIO
XP_APP0275_01,APP0275,C0275,PERSONAL_PROTOTYPE,TEAM_CLEAR,"{""PROBLEM"":""반복 작업의 입력 조건과 자동화 범위를 정했다."",""VALIDATE"":""빈 입력과 실패 상황 테스트를 실행하고 오류를 수정했다.""}","[""PROBLEM"",""VALIDATE""]","[""EV_XP_APP0275_01_PROBLEM_M1_SKILL_01"",""EV_XP_APP0275_01_VALIDATE_M1_SKILL_03""]",2026-10-31T14:20:00+09:00,SYNTHETIC_HUMAN_SCENARIO
XP_APP0276_01,APP0276,C0276,PERSONAL_PROTOTYPE,TEAM_CLEAR,{},[],[],2026-10-30T14:36:00+09:00,SYNTHETIC_HUMAN_SCENARIO
XP_APP0276_02,APP0276,C0276,TEAM_PROJECT,SELF,"{""PROBLEM"":""담당 기능의 목표와 서비스 제약을 정리했다.""}","[""PROBLEM""]","[""EV_XP_APP0276_02_PROBLEM_M1_SKILL_01""]",2026-10-30T14:36:00+09:00,SYNTHETIC_HUMAN_SCENARIO
XP_APP0278_01,APP0278,C0278,PERSONAL_PROTOTYPE,SELF,"{""BUILD"":""작업 순서를 실행하는 모듈을 구현했다."",""VALIDATE"":""빈 입력과 실패 상황 테스트를 실행하고 오류를 수정했다.""}","[""BUILD"",""VALIDATE""]","[""EV_XP_APP0278_01_BUILD_M1_SKILL_03"",""EV_XP_APP0278_01_VALIDATE_M1_SKILL_03""]",2026-10-29T14:10:00+09:00,SYNTHETIC_HUMAN_SCENARIO
XP_APP0278_02,APP0278,C0278,PERSONAL_PROTOTYPE,TEAM_CLEAR,"{""BUILD"":""작업 순서를 실행하는 모듈을 구현했다."",""PROBLEM"":""반복 작업의 입력 조건과 자동화 범위를 정했다.""}","[""PROBLEM"",""BUILD""]","[""EV_XP_APP0278_02_BUILD_M1_SKILL_03"",""EV_XP_APP0278_02_PROBLEM_M1_SKILL_01""]",2026-10-29T14:10:00+09:00,SYNTHETIC_HUMAN_SCENARIO
XP_APP0279_01,APP0279,C0279,COURSE_PROJECT,TEAM_CLEAR,"{""PROBLEM"":""과제의 예측 목표와 허용 오차를 정의했다.""}","[""PROBLEM""]","[""EV_XP_APP0279_01_PROBLEM_M1_SKILL_01""]",2026-11-05T10:49:00+09:00,SYNTHETIC_HUMAN_SCENARIO
XP_APP0285_01,APP0285,C0285,COURSE_PROJECT,TEAM_CLEAR,"{""BUILD"":""입력 데이터를 처리하고 예측을 수행하는 함수를 작성했다."",""PROBLEM"":""과제의 예측 목표와 허용 오차를 정의했다.""}","[""PROBLEM"",""BUILD""]","[""EV_XP_APP0285_01_BUILD_M1_SKILL_03"",""EV_XP_APP0285_01_PROBLEM_M1_SKILL_01""]",2026-11-01T09:53:00+09:00,SYNTHETIC_HUMAN_SCENARIO
XP_APP0285_02,APP0285,C0285,COURSE_PROJECT,TEAM_CLEAR,"{""PROBLEM"":""과제의 예측 목표와 허용 오차를 정의했다.""}","[""PROBLEM""]","[""EV_XP_APP0285_02_PROBLEM_M1_SKILL_01""]",2026-11-01T09:53:00+09:00,SYNTHETIC_HUMAN_SCENARIO
XP_APP0286_01,APP0286,C0286,COURSE_PROJECT,TEAM_UNCLEAR,"{""BUILD"":""입력 데이터를 처리하고 예측을 수행하는 함수를 작성했다."",""PROBLEM"":""과제의 예측 목표와 허용 오차를 정의했다.""}","[""PROBLEM"",""BUILD""]","[""EV_XP_APP0286_01_BUILD_M1_SKILL_03"",""EV_XP_APP0286_01_PROBLEM_M1_SKILL_01""]",2026-10-31T16:34:00+09:00,SYNTHETIC_HUMAN_SCENARIO
XP_APP0286_02,APP0286,C0286,PERSONAL_PROTOTYPE,TEAM_UNCLEAR,"{""BUILD"":""작업 순서를 실행하는 모듈을 구현했다."",""VALIDATE"":""빈 입력과 실패 상황 테스트를 실행하고 오류를 수정했다.""}","[""BUILD"",""VALIDATE""]","[""EV_XP_APP0286_02_BUILD_M1_SKILL_03"",""EV_XP_APP0286_02_VALIDATE_M1_SKILL_03""]",2026-10-31T16:34:00+09:00,SYNTHETIC_HUMAN_SCENARIO
XP_APP0288_01,APP0288,C0288,TEAM_PROJECT,TEAM_CLEAR,"{""VALIDATE"":""담당 기능의 변경 전후 결과를 비교했다.""}","[""VALIDATE""]","[""EV_XP_APP0288_01_VALIDATE_M1_SKILL_03""]",2026-10-31T14:19:00+09:00,SYNTHETIC_HUMAN_SCENARIO
XP_APP0289_01,APP0289,C0289,PERSONAL_PROTOTYPE,TEAM_CLEAR,"{""BUILD"":""작업 순서를 실행하는 모듈을 구현했다."",""PROBLEM"":""반복 작업의 입력 조건과 자동화 범위를 정했다."",""VALIDATE"":""빈 입력과 실패 상황 테스트를 실행하고 오류를 수정했다.""}","[""PROBLEM"",""BUILD"",""VALIDATE""]","[""EV_XP_APP0289_01_BUILD_M1_SKILL_03"",""EV_XP_APP0289_01_PROBLEM_M1_SKILL_01"",""EV_XP_APP0289_01_VALIDATE_M1_SKILL_03""]",2026-11-06T13:39:00+09:00,SYNTHETIC_HUMAN_SCENARIO
XP_APP0289_02,APP0289,C0289,PERSONAL_PROTOTYPE,TEAM_UNCLEAR,"{""BUILD"":""작업 순서를 실행하는 모듈을 구현했다.""}","[""BUILD""]","[""EV_XP_APP0289_02_BUILD_M1_SKILL_03""]",2026-11-06T13:39:00+09:00,SYNTHETIC_HUMAN_SCENARIO
XP_APP0292_01,APP0292,C0292,TEAM_PROJECT,SELF,"{""PROBLEM"":""담당 기능의 목표와 서비스 제약을 정리했다."",""VALIDATE"":""담당 기능의 변경 전후 결과를 비교했다.""}","[""PROBLEM"",""VALIDATE""]","[""EV_XP_APP0292_01_PROBLEM_M1_SKILL_01"",""EV_XP_APP0292_01_VALIDATE_M1_SKILL_03""]",2026-10-31T13:00:00+09:00,SYNTHETIC_HUMAN_SCENARIO
XP_APP0292_02,APP0292,C0292,PERSONAL_PROTOTYPE,SELF,"{""BUILD"":""작업 순서를 실행하는 모듈을 구현했다."",""PROBLEM"":""반복 작업의 입력 조건과 자동화 범위를 정했다."",""VALIDATE"":""빈 입력과 실패 상황 테스트를 실행하고 오류를 수정했다.""}","[""PROBLEM"",""BUILD"",""VALIDATE""]","[""EV_XP_APP0292_02_BUILD_M1_SKILL_03"",""EV_XP_APP0292_02_PROBLEM_M1_SKILL_01"",""EV_XP_APP0292_02_VALIDATE_M1_SKILL_03""]",2026-10-31T13:00:00+09:00,SYNTHETIC_HUMAN_SCENARIO
XP_APP0294_01,APP0294,C0294,PERSONAL_PROTOTYPE,TEAM_CLEAR,"{""BUILD"":""작업 순서를 실행하는 모듈을 구현했다."",""VALIDATE"":""빈 입력과 실패 상황 테스트를 실행하고 오류를 수정했다.""}","[""BUILD"",""VALIDATE""]","[""EV_XP_APP0294_01_BUILD_M1_SKILL_03"",""EV_XP_APP0294_01_VALIDATE_M1_SKILL_03""]",2026-10-31T12:40:00+09:00,SYNTHETIC_HUMAN_SCENARIO
XP_APP0295_01,APP0295,C0295,TEAM_PROJECT,SELF,"{""BUILD"":""담당 기능의 모델 호출 코드를 구현했다."",""PROBLEM"":""담당 기능의 목표와 서비스 제약을 정리했다."",""VALIDATE"":""담당 기능의 변경 전후 결과를 비교했다.""}","[""PROBLEM"",""BUILD"",""VALIDATE""]","[""EV_XP_APP0295_01_BUILD_M1_SKILL_03"",""EV_XP_APP0295_01_PROBLEM_M1_SKILL_01"",""EV_XP_APP0295_01_VALIDATE_M1_SKILL_03""]",2026-11-01T11:39:00+09:00,SYNTHETIC_HUMAN_SCENARIO
XP_APP0295_02,APP0295,C0295,TEAM_PROJECT,TEAM_UNCLEAR,"{""BUILD"":""담당 기능의 모델 호출 코드를 구현했다.""}","[""BUILD""]","[""EV_XP_APP0295_02_BUILD_M1_SKILL_03""]",2026-11-01T11:39:00+09:00,SYNTHETIC_HUMAN_SCENARIO
XP_APP0296_01,APP0296,C0296,TEAM_PROJECT,TEAM_CLEAR,"{""PROBLEM"":""담당 기능의 목표와 서비스 제약을 정리했다.""}","[""PROBLEM""]","[""EV_XP_APP0296_01_PROBLEM_M1_SKILL_01""]",2026-11-01T13:47:00+09:00,SYNTHETIC_HUMAN_SCENARIO
XP_APP0296_02,APP0296,C0296,PERSONAL_PROTOTYPE,TEAM_UNCLEAR,"{""VALIDATE"":""빈 입력과 실패 상황 테스트를 실행하고 오류를 수정했다.""}","[""VALIDATE""]","[""EV_XP_APP0296_02_VALIDATE_M1_SKILL_03""]",2026-11-01T13:47:00+09:00,SYNTHETIC_HUMAN_SCENARIO
XP_APP0297_01,APP0297,C0297,COURSE_PROJECT,SELF,"{""BUILD"":""입력 데이터를 처리하고 예측을 수행하는 함수를 작성했다."",""VALIDATE"":""분리한 검증 입력에서 예측 오차를 비교했다.""}","[""BUILD"",""VALIDATE""]","[""EV_XP_APP0297_01_BUILD_M1_SKILL_03"",""EV_XP_APP0297_01_VALIDATE_M1_SKILL_03""]",2026-10-30T14:11:00+09:00,SYNTHETIC_HUMAN_SCENARIO
XP_APP0297_02,APP0297,C0297,TEAM_PROJECT,SELF,"{""PROBLEM"":""담당 기능의 목표와 서비스 제약을 정리했다."",""VALIDATE"":""담당 기능의 변경 전후 결과를 비교했다.""}","[""PROBLEM"",""VALIDATE""]","[""EV_XP_APP0297_02_PROBLEM_M1_SKILL_01"",""EV_XP_APP0297_02_VALIDATE_M1_SKILL_03""]",2026-10-30T14:11:00+09:00,SYNTHETIC_HUMAN_SCENARIO
XP_APP0299_01,APP0299,C0299,PERSONAL_PROTOTYPE,SELF,"{""BUILD"":""작업 순서를 실행하는 모듈을 구현했다.""}","[""BUILD""]","[""EV_XP_APP0299_01_BUILD_M1_SKILL_03""]",2026-10-31T16:03:00+09:00,SYNTHETIC_HUMAN_SCENARIO
XP_APP0299_02,APP0299,C0299,TEAM_PROJECT,TEAM_CLEAR,"{""PROBLEM"":""담당 기능의 목표와 서비스 제약을 정리했다.""}","[""PROBLEM""]","[""EV_XP_APP0299_02_PROBLEM_M1_SKILL_01""]",2026-10-31T16:03:00+09:00,SYNTHETIC_HUMAN_SCENARIO
XP_APP0300_01,APP0300,C0300,COURSE_PROJECT,TEAM_CLEAR,"{""PROBLEM"":""과제의 예측 목표와 허용 오차를 정의했다.""}","[""PROBLEM""]","[""EV_XP_APP0300_01_PROBLEM_M1_SKILL_01""]",2026-11-04T14:21:00+09:00,SYNTHETIC_HUMAN_SCENARIO
XP_APP0300_02,APP0300,C0300,TEAM_PROJECT,TEAM_CLEAR,"{""BUILD"":""담당 기능의 모델 호출 코드를 구현했다."",""VALIDATE"":""담당 기능의 변경 전후 결과를 비교했다.""}","[""BUILD"",""VALIDATE""]","[""EV_XP_APP0300_02_BUILD_M1_SKILL_03"",""EV_XP_APP0300_02_VALIDATE_M1_SKILL_03""]",2026-11-04T14:21:00+09:00,SYNTHETIC_HUMAN_SCENARIO
XP_APP0301_01,APP0301,C0301,COURSE_PROJECT,TEAM_UNCLEAR,"{""BUILD"":""입력 데이터를 처리하고 예측을 수행하는 함수를 작성했다."",""VALIDATE"":""분리한 검증 입력에서 예측 오차를 비교했다.""}","[""BUILD"",""VALIDATE""]","[""EV_XP_APP0301_01_BUILD_M1_SKILL_03"",""EV_XP_APP0301_01_VALIDATE_M1_SKILL_03""]",2026-10-31T09:21:00+09:00,SYNTHETIC_HUMAN_SCENARIO
XP_APP0302_01,APP0302,C0302,COURSE_PROJECT,TEAM_CLEAR,{},[],[],2026-11-02T11:00:00+09:00,SYNTHETIC_HUMAN_SCENARIO
XP_APP0305_01,APP0305,C0305,COURSE_PROJECT,TEAM_UNCLEAR,"{""VALIDATE"":""분리한 검증 입력에서 예측 오차를 비교했다.""}","[""VALIDATE""]","[""EV_XP_APP0305_01_VALIDATE_M1_SKILL_03""]",2026-10-31T11:53:00+09:00,SYNTHETIC_HUMAN_SCENARIO
XP_APP0305_02,APP0305,C0305,PERSONAL_PROTOTYPE,TEAM_CLEAR,{},[],[],2026-10-31T11:53:00+09:00,SYNTHETIC_HUMAN_SCENARIO
XP_APP0307_01,APP0307,C0307,TEAM_PROJECT,SELF,"{""BUILD"":""담당 기능의 모델 호출 코드를 구현했다."",""PROBLEM"":""담당 기능의 목표와 서비스 제약을 정리했다."",""VALIDATE"":""담당 기능의 변경 전후 결과를 비교했다.""}","[""PROBLEM"",""BUILD"",""VALIDATE""]","[""EV_XP_APP0307_01_BUILD_M1_SKILL_03"",""EV_XP_APP0307_01_PROBLEM_M1_SKILL_01"",""EV_XP_APP0307_01_VALIDATE_M1_SKILL_03""]",2026-11-02T11:48:00+09:00,SYNTHETIC_HUMAN_SCENARIO
XP_APP0307_02,APP0307,C0307,COURSE_PROJECT,TEAM_CLEAR,{},[],[],2026-11-02T11:48:00+09:00,SYNTHETIC_HUMAN_SCENARIO
XP_APP0309_01,APP0309,C0309,COURSE_PROJECT,SELF,"{""BUILD"":""입력 데이터를 처리하고 예측을 수행하는 함수를 작성했다."",""PROBLEM"":""과제의 예측 목표와 허용 오차를 정의했다.""}","[""PROBLEM"",""BUILD""]","[""EV_XP_APP0309_01_BUILD_M1_SKILL_03"",""EV_XP_APP0309_01_PROBLEM_M1_SKILL_01""]",2026-11-07T12:35:00+09:00,SYNTHETIC_HUMAN_SCENARIO
XP_APP0310_01,APP0310,C0310,COURSE_PROJECT,SELF,"{""VALIDATE"":""분리한 검증 입력에서 예측 오차를 비교했다.""}","[""VALIDATE""]","[""EV_XP_APP0310_01_VALIDATE_M1_SKILL_03""]",2026-11-04T16:37:00+09:00,SYNTHETIC_HUMAN_SCENARIO
XP_APP0313_01,APP0313,C0313,TEAM_PROJECT,SELF,"{""BUILD"":""담당 기능의 모델 호출 코드를 구현했다."",""PROBLEM"":""담당 기능의 목표와 서비스 제약을 정리했다."",""VALIDATE"":""담당 기능의 변경 전후 결과를 비교했다.""}","[""PROBLEM"",""BUILD"",""VALIDATE""]","[""EV_XP_APP0313_01_BUILD_M1_SKILL_03"",""EV_XP_APP0313_01_PROBLEM_M1_SKILL_01"",""EV_XP_APP0313_01_VALIDATE_M1_SKILL_03""]",2026-11-08T13:46:00+09:00,SYNTHETIC_HUMAN_SCENARIO
XP_APP0314_01,APP0314,C0314,PERSONAL_PROTOTYPE,TEAM_UNCLEAR,"{""BUILD"":""작업 순서를 실행하는 모듈을 구현했다.""}","[""BUILD""]","[""EV_XP_APP0314_01_BUILD_M1_SKILL_03""]",2026-11-01T12:10:00+09:00,SYNTHETIC_HUMAN_SCENARIO
XP_APP0314_02,APP0314,C0314,PERSONAL_PROTOTYPE,TEAM_CLEAR,"{""VALIDATE"":""빈 입력과 실패 상황 테스트를 실행하고 오류를 수정했다.""}","[""VALIDATE""]","[""EV_XP_APP0314_02_VALIDATE_M1_SKILL_03""]",2026-11-01T12:10:00+09:00,SYNTHETIC_HUMAN_SCENARIO
XP_APP0318_01,APP0318,C0318,TEAM_PROJECT,TEAM_CLEAR,"{""PROBLEM"":""담당 기능의 목표와 서비스 제약을 정리했다.""}","[""PROBLEM""]","[""EV_XP_APP0318_01_PROBLEM_M1_SKILL_01""]",2026-11-05T13:56:00+09:00,SYNTHETIC_HUMAN_SCENARIO
XP_APP0318_02,APP0318,C0318,TEAM_PROJECT,TEAM_CLEAR,"{""BUILD"":""담당 기능의 모델 호출 코드를 구현했다.""}","[""BUILD""]","[""EV_XP_APP0318_02_BUILD_M1_SKILL_03""]",2026-11-05T13:56:00+09:00,SYNTHETIC_HUMAN_SCENARIO
XP_APP0319_01,APP0319,C0319,COURSE_PROJECT,TEAM_CLEAR,"{""VALIDATE"":""분리한 검증 입력에서 예측 오차를 비교했다.""}","[""VALIDATE""]","[""EV_XP_APP0319_01_VALIDATE_M1_SKILL_03""]",2026-11-05T12:29:00+09:00,SYNTHETIC_HUMAN_SCENARIO
XP_APP0320_01,APP0320,C0320,TEAM_PROJECT,SELF,"{""BUILD"":""담당 기능의 모델 호출 코드를 구현했다.""}","[""BUILD""]","[""EV_XP_APP0320_01_BUILD_M1_SKILL_03""]",2026-11-01T09:36:00+09:00,SYNTHETIC_HUMAN_SCENARIO
XP_APP0322_01,APP0322,C0322,TEAM_PROJECT,SELF,"{""PROBLEM"":""담당 기능의 목표와 서비스 제약을 정리했다."",""VALIDATE"":""담당 기능의 변경 전후 결과를 비교했다.""}","[""PROBLEM"",""VALIDATE""]","[""EV_XP_APP0322_01_PROBLEM_M1_SKILL_01"",""EV_XP_APP0322_01_VALIDATE_M1_SKILL_03""]",2026-11-05T14:37:00+09:00,SYNTHETIC_HUMAN_SCENARIO
XP_APP0324_01,APP0324,C0324,PERSONAL_PROTOTYPE,SELF,"{""PROBLEM"":""반복 작업의 입력 조건과 자동화 범위를 정했다."",""VALIDATE"":""빈 입력과 실패 상황 테스트를 실행하고 오류를 수정했다.""}","[""PROBLEM"",""VALIDATE""]","[""EV_XP_APP0324_01_PROBLEM_M1_SKILL_01"",""EV_XP_APP0324_01_VALIDATE_M1_SKILL_03""]",2026-11-01T15:13:00+09:00,SYNTHETIC_HUMAN_SCENARIO
XP_APP0324_02,APP0324,C0324,COURSE_PROJECT,TEAM_CLEAR,"{""BUILD"":""입력 데이터를 처리하고 예측을 수행하는 함수를 작성했다.""}","[""BUILD""]","[""EV_XP_APP0324_02_BUILD_M1_SKILL_03""]",2026-11-01T15:13:00+09:00,SYNTHETIC_HUMAN_SCENARIO
XP_APP0325_01,APP0325,C0325,PERSONAL_PROTOTYPE,SELF,"{""BUILD"":""작업 순서를 실행하는 모듈을 구현했다."",""PROBLEM"":""반복 작업의 입력 조건과 자동화 범위를 정했다.""}","[""PROBLEM"",""BUILD""]","[""EV_XP_APP0325_01_BUILD_M1_SKILL_03"",""EV_XP_APP0325_01_PROBLEM_M1_SKILL_01""]",2026-11-01T10:03:00+09:00,SYNTHETIC_HUMAN_SCENARIO
XP_APP0326_01,APP0326,C0326,TEAM_PROJECT,SELF,"{""PROBLEM"":""담당 기능의 목표와 서비스 제약을 정리했다.""}","[""PROBLEM""]","[""EV_XP_APP0326_01_PROBLEM_M1_SKILL_01""]",2026-11-08T11:11:00+09:00,SYNTHETIC_HUMAN_SCENARIO
XP_APP0326_02,APP0326,C0326,TEAM_PROJECT,TEAM_UNCLEAR,"{""BUILD"":""담당 기능의 모델 호출 코드를 구현했다."",""PROBLEM"":""담당 기능의 목표와 서비스 제약을 정리했다.""}","[""PROBLEM"",""BUILD""]","[""EV_XP_APP0326_02_BUILD_M1_SKILL_03"",""EV_XP_APP0326_02_PROBLEM_M1_SKILL_01""]",2026-11-08T11:11:00+09:00,SYNTHETIC_HUMAN_SCENARIO
XP_APP0327_01,APP0327,C0327,TEAM_PROJECT,SELF,"{""VALIDATE"":""담당 기능의 변경 전후 결과를 비교했다.""}","[""VALIDATE""]","[""EV_XP_APP0327_01_VALIDATE_M1_SKILL_03""]",2026-11-05T11:04:00+09:00,SYNTHETIC_HUMAN_SCENARIO
XP_APP0327_02,APP0327,C0327,TEAM_PROJECT,SELF,"{""PROBLEM"":""담당 기능의 목표와 서비스 제약을 정리했다.""}","[""PROBLEM""]","[""EV_XP_APP0327_02_PROBLEM_M1_SKILL_01""]",2026-11-05T11:04:00+09:00,SYNTHETIC_HUMAN_SCENARIO
XP_APP0330_01,APP0330,C0330,PERSONAL_PROTOTYPE,TEAM_CLEAR,"{""BUILD"":""작업 순서를 실행하는 모듈을 구현했다."",""VALIDATE"":""빈 입력과 실패 상황 테스트를 실행하고 오류를 수정했다.""}","[""BUILD"",""VALIDATE""]","[""EV_XP_APP0330_01_BUILD_M1_SKILL_03"",""EV_XP_APP0330_01_VALIDATE_M1_SKILL_03""]",2026-11-03T15:33:00+09:00,SYNTHETIC_HUMAN_SCENARIO
XP_APP0330_02,APP0330,C0330,COURSE_PROJECT,TEAM_UNCLEAR,"{""PROBLEM"":""과제의 예측 목표와 허용 오차를 정의했다.""}","[""PROBLEM""]","[""EV_XP_APP0330_02_PROBLEM_M1_SKILL_01""]",2026-11-03T15:33:00+09:00,SYNTHETIC_HUMAN_SCENARIO
XP_APP0331_01,APP0331,C0331,COURSE_PROJECT,TEAM_CLEAR,"{""PROBLEM"":""과제의 예측 목표와 허용 오차를 정의했다.""}","[""PROBLEM""]","[""EV_XP_APP0331_01_PROBLEM_M1_SKILL_01""]",2026-11-06T15:45:00+09:00,SYNTHETIC_HUMAN_SCENARIO
XP_APP0331_02,APP0331,C0331,TEAM_PROJECT,TEAM_UNCLEAR,"{""BUILD"":""담당 기능의 모델 호출 코드를 구현했다."",""PROBLEM"":""담당 기능의 목표와 서비스 제약을 정리했다."",""VALIDATE"":""담당 기능의 변경 전후 결과를 비교했다.""}","[""PROBLEM"",""BUILD"",""VALIDATE""]","[""EV_XP_APP0331_02_BUILD_M1_SKILL_03"",""EV_XP_APP0331_02_PROBLEM_M1_SKILL_01"",""EV_XP_APP0331_02_VALIDATE_M1_SKILL_03""]",2026-11-06T15:45:00+09:00,SYNTHETIC_HUMAN_SCENARIO
XP_APP0332_01,APP0332,C0332,PERSONAL_PROTOTYPE,TEAM_UNCLEAR,"{""BUILD"":""작업 순서를 실행하는 모듈을 구현했다.""}","[""BUILD""]","[""EV_XP_APP0332_01_BUILD_M1_SKILL_03""]",2026-11-02T15:33:00+09:00,SYNTHETIC_HUMAN_SCENARIO
XP_APP0334_01,APP0334,C0334,PERSONAL_PROTOTYPE,TEAM_CLEAR,{},[],[],2026-11-09T11:54:00+09:00,SYNTHETIC_HUMAN_SCENARIO
XP_APP0334_02,APP0334,C0334,COURSE_PROJECT,TEAM_CLEAR,"{""BUILD"":""입력 데이터를 처리하고 예측을 수행하는 함수를 작성했다.""}","[""BUILD""]","[""EV_XP_APP0334_02_BUILD_M1_SKILL_03""]",2026-11-09T11:54:00+09:00,SYNTHETIC_HUMAN_SCENARIO
XP_APP0335_01,APP0335,C0335,TEAM_PROJECT,SELF,{},[],[],2026-11-03T13:34:00+09:00,SYNTHETIC_HUMAN_SCENARIO
XP_APP0336_01,APP0336,C0336,COURSE_PROJECT,SELF,"{""PROBLEM"":""과제의 예측 목표와 허용 오차를 정의했다.""}","[""PROBLEM""]","[""EV_XP_APP0336_01_PROBLEM_M1_SKILL_01""]",2026-11-09T14:36:00+09:00,SYNTHETIC_HUMAN_SCENARIO
XP_APP0336_02,APP0336,C0336,COURSE_PROJECT,TEAM_UNCLEAR,"{""BUILD"":""입력 데이터를 처리하고 예측을 수행하는 함수를 작성했다."",""PROBLEM"":""과제의 예측 목표와 허용 오차를 정의했다."",""VALIDATE"":""분리한 검증 입력에서 예측 오차를 비교했다.""}","[""PROBLEM"",""BUILD"",""VALIDATE""]","[""EV_XP_APP0336_02_BUILD_M1_SKILL_03"",""EV_XP_APP0336_02_PROBLEM_M1_SKILL_01"",""EV_XP_APP0336_02_VALIDATE_M1_SKILL_03""]",2026-11-09T14:36:00+09:00,SYNTHETIC_HUMAN_SCENARIO
XP_APP0337_01,APP0337,C0337,COURSE_PROJECT,SELF,"{""VALIDATE"":""분리한 검증 입력에서 예측 오차를 비교했다.""}","[""VALIDATE""]","[""EV_XP_APP0337_01_VALIDATE_M1_SKILL_03""]",2026-11-02T10:53:00+09:00,SYNTHETIC_HUMAN_SCENARIO
XP_APP0337_02,APP0337,C0337,TEAM_PROJECT,SELF,"{""PROBLEM"":""담당 기능의 목표와 서비스 제약을 정리했다."",""VALIDATE"":""담당 기능의 변경 전후 결과를 비교했다.""}","[""PROBLEM"",""VALIDATE""]","[""EV_XP_APP0337_02_PROBLEM_M1_SKILL_01"",""EV_XP_APP0337_02_VALIDATE_M1_SKILL_03""]",2026-11-02T10:53:00+09:00,SYNTHETIC_HUMAN_SCENARIO
XP_APP0338_01,APP0338,C0338,PERSONAL_PROTOTYPE,TEAM_CLEAR,"{""VALIDATE"":""빈 입력과 실패 상황 테스트를 실행하고 오류를 수정했다.""}","[""VALIDATE""]","[""EV_XP_APP0338_01_VALIDATE_M1_SKILL_03""]",2026-11-02T16:53:00+09:00,SYNTHETIC_HUMAN_SCENARIO
XP_APP0338_02,APP0338,C0338,COURSE_PROJECT,TEAM_UNCLEAR,"{""PROBLEM"":""과제의 예측 목표와 허용 오차를 정의했다.""}","[""PROBLEM""]","[""EV_XP_APP0338_02_PROBLEM_M1_SKILL_01""]",2026-11-02T16:53:00+09:00,SYNTHETIC_HUMAN_SCENARIO
XP_APP0342_01,APP0342,C0342,TEAM_PROJECT,TEAM_CLEAR,"{""BUILD"":""담당 기능의 모델 호출 코드를 구현했다."",""VALIDATE"":""담당 기능의 변경 전후 결과를 비교했다.""}","[""BUILD"",""VALIDATE""]","[""EV_XP_APP0342_01_BUILD_M1_SKILL_03"",""EV_XP_APP0342_01_VALIDATE_M1_SKILL_03""]",2026-11-02T16:42:00+09:00,SYNTHETIC_HUMAN_SCENARIO
XP_APP0342_02,APP0342,C0342,COURSE_PROJECT,TEAM_CLEAR,"{""PROBLEM"":""과제의 예측 목표와 허용 오차를 정의했다."",""VALIDATE"":""분리한 검증 입력에서 예측 오차를 비교했다.""}","[""PROBLEM"",""VALIDATE""]","[""EV_XP_APP0342_02_PROBLEM_M1_SKILL_01"",""EV_XP_APP0342_02_VALIDATE_M1_SKILL_03""]",2026-11-02T16:42:00+09:00,SYNTHETIC_HUMAN_SCENARIO
