activity_id,stage_event_id,application_id,candidate_id,activity_type,started_at,completed_at,activity_status
APP0010_DOCUMENT_SCREEN_DOCUMENT_REVIEW,APP0010_DOCUMENT_SCREEN,APP0010,C0010,DOCUMENT_REVIEW,2026-10-20T09:46:00+09:00,2026-10-20T10:11:00+09:00,COMPLETED
APP0009_DOCUMENT_SCREEN_DOCUMENT_REVIEW,APP0009_DOCUMENT_SCREEN,APP0009,C0009,DOCUMENT_REVIEW,2026-10-16T10:49:00+09:00,2026-10-16T11:14:00+09:00,COMPLETED
APP0013_DOCUMENT_SCREEN_DOCUMENT_REVIEW,APP0013_DOCUMENT_SCREEN,APP0013,C0013,DOCUMENT_REVIEW,2026-10-15T11:29:00+09:00,2026-10-15T11:54:00+09:00,COMPLETED
APP0008_DOCUMENT_SCREEN_DOCUMENT_REVIEW,APP0008_DOCUMENT_SCREEN,APP0008,C0008,DOCUMENT_REVIEW,2026-10-17T10:22:00+09:00,2026-10-17T10:37:00+09:00,COMPLETED
APP0020_DOCUMENT_SCREEN_DOCUMENT_REVIEW,APP0020_DOCUMENT_SCREEN,APP0020,C0020,DOCUMENT_REVIEW,2026-10-21T12:49:00+09:00,2026-10-21T13:09:00+09:00,COMPLETED
APP0027_DOCUMENT_SCREEN_DOCUMENT_REVIEW,APP0027_DOCUMENT_SCREEN,APP0027,C0027,DOCUMENT_REVIEW,2026-10-19T14:27:00+09:00,2026-10-19T14:42:00+09:00,COMPLETED
APP0018_DOCUMENT_SCREEN_DOCUMENT_REVIEW,APP0018_DOCUMENT_SCREEN,APP0018,C0018,DOCUMENT_REVIEW,2026-10-21T14:38:00+09:00,2026-10-21T14:53:00+09:00,COMPLETED
APP0025_DOCUMENT_SCREEN_DOCUMENT_REVIEW,APP0025_DOCUMENT_SCREEN,APP0025,C0025,DOCUMENT_REVIEW,2026-10-21T15:42:00+09:00,2026-10-21T16:02:00+09:00,COMPLETED
APP0022_DOCUMENT_SCREEN_DOCUMENT_REVIEW,APP0022_DOCUMENT_SCREEN,APP0022,C0022,DOCUMENT_REVIEW,2026-10-18T12:29:00+09:00,2026-10-18T12:44:00+09:00,COMPLETED
APP0030_DOCUMENT_SCREEN_DOCUMENT_REVIEW,APP0030_DOCUMENT_SCREEN,APP0030,C0030,DOCUMENT_REVIEW,2026-10-22T12:35:00+09:00,2026-10-22T13:00:00+09:00,COMPLETED
APP0033_DOCUMENT_SCREEN_DOCUMENT_REVIEW,APP0033_DOCUMENT_SCREEN,APP0033,C0033,DOCUMENT_REVIEW,2026-10-22T13:02:00+09:00,2026-10-22T13:27:00+09:00,COMPLETED
APP0046_DOCUMENT_SCREEN_DOCUMENT_REVIEW,APP0046_DOCUMENT_SCREEN,APP0046,C0046,DOCUMENT_REVIEW,2026-10-17T15:34:00+09:00,2026-10-17T15:49:00+09:00,COMPLETED
APP0031_DOCUMENT_SCREEN_DOCUMENT_REVIEW,APP0031_DOCUMENT_SCREEN,APP0031,C0031,DOCUMENT_REVIEW,2026-10-20T16:31:00+09:00,2026-10-20T16:51:00+09:00,COMPLETED
APP0051_DOCUMENT_SCREEN_DOCUMENT_REVIEW,APP0051_DOCUMENT_SCREEN,APP0051,C0051,DOCUMENT_REVIEW,2026-10-23T12:01:00+09:00,2026-10-23T12:21:00+09:00,COMPLETED
APP0021_DOCUMENT_SCREEN_DOCUMENT_REVIEW,APP0021_DOCUMENT_SCREEN,APP0021,C0021,DOCUMENT_REVIEW,2026-10-18T12:51:00+09:00,2026-10-18T13:16:00+09:00,COMPLETED
APP0014_DOCUMENT_SCREEN_DOCUMENT_REVIEW,APP0014_DOCUMENT_SCREEN,APP0014,C0014,DOCUMENT_REVIEW,2026-10-19T13:47:00+09:00,2026-10-19T14:07:00+09:00,COMPLETED
APP0041_DOCUMENT_SCREEN_DOCUMENT_REVIEW,APP0041_DOCUMENT_SCREEN,APP0041,C0041,DOCUMENT_REVIEW,2026-10-19T15:59:00+09:00,2026-10-19T16:14:00+09:00,COMPLETED
APP0034_DOCUMENT_SCREEN_DOCUMENT_REVIEW,APP0034_DOCUMENT_SCREEN,APP0034,C0034,DOCUMENT_REVIEW,2026-10-18T16:52:00+09:00,2026-10-18T17:12:00+09:00,COMPLETED
APP0062_DOCUMENT_SCREEN_DOCUMENT_REVIEW,APP0062_DOCUMENT_SCREEN,APP0062,C0062,DOCUMENT_REVIEW,2026-10-22T09:09:00+09:00,2026-10-22T09:24:00+09:00,COMPLETED
APP0006_DOCUMENT_SCREEN_DOCUMENT_REVIEW,APP0006_DOCUMENT_SCREEN,APP0006,C0006,DOCUMENT_REVIEW,2026-10-19T09:25:00+09:00,2026-10-19T09:45:00+09:00,COMPLETED
APP0012_DOCUMENT_SCREEN_DOCUMENT_REVIEW,APP0012_DOCUMENT_SCREEN,APP0012,C0012,DOCUMENT_REVIEW,2026-10-19T09:45:00+09:00,2026-10-19T10:00:00+09:00,COMPLETED
APP0076_DOCUMENT_SCREEN_DOCUMENT_REVIEW,APP0076_DOCUMENT_SCREEN,APP0076,C0076,DOCUMENT_REVIEW,2026-10-24T10:06:00+09:00,2026-10-24T10:26:00+09:00,COMPLETED
APP0056_DOCUMENT_SCREEN_DOCUMENT_REVIEW,APP0056_DOCUMENT_SCREEN,APP0056,C0056,DOCUMENT_REVIEW,2026-10-24T10:32:00+09:00,2026-10-24T10:47:00+09:00,COMPLETED
APP0068_DOCUMENT_SCREEN_DOCUMENT_REVIEW,APP0068_DOCUMENT_SCREEN,APP0068,C0068,DOCUMENT_REVIEW,2026-10-22T11:33:00+09:00,2026-10-22T11:58:00+09:00,COMPLETED
APP0043_DOCUMENT_SCREEN_DOCUMENT_REVIEW,APP0043_DOCUMENT_SCREEN,APP0043,C0043,DOCUMENT_REVIEW,2026-10-20T11:43:00+09:00,2026-10-20T12:08:00+09:00,COMPLETED
APP0048_DOCUMENT_SCREEN_DOCUMENT_REVIEW,APP0048_DOCUMENT_SCREEN,APP0048,C0048,DOCUMENT_REVIEW,2026-10-24T12:02:00+09:00,2026-10-24T12:22:00+09:00,COMPLETED
APP0058_DOCUMENT_SCREEN_DOCUMENT_REVIEW,APP0058_DOCUMENT_SCREEN,APP0058,C0058,DOCUMENT_REVIEW,2026-10-19T14:42:00+09:00,2026-10-19T15:02:00+09:00,COMPLETED
APP0045_DOCUMENT_SCREEN_DOCUMENT_REVIEW,APP0045_DOCUMENT_SCREEN,APP0045,C0045,DOCUMENT_REVIEW,2026-10-20T14:33:00+09:00,2026-10-20T14:53:00+09:00,COMPLETED
APP0086_DOCUMENT_SCREEN_DOCUMENT_REVIEW,APP0086_DOCUMENT_SCREEN,APP0086,C0086,DOCUMENT_REVIEW,2026-10-22T15:09:00+09:00,2026-10-22T15:29:00+09:00,COMPLETED
APP0035_DOCUMENT_SCREEN_DOCUMENT_REVIEW,APP0035_DOCUMENT_SCREEN,APP0035,C0035,DOCUMENT_REVIEW,2026-10-20T15:46:00+09:00,2026-10-20T16:06:00+09:00,COMPLETED
APP0053_DOCUMENT_SCREEN_DOCUMENT_REVIEW,APP0053_DOCUMENT_SCREEN,APP0053,C0053,DOCUMENT_REVIEW,2026-10-21T09:03:00+09:00,2026-10-21T09:28:00+09:00,COMPLETED
APP0079_DOCUMENT_SCREEN_DOCUMENT_REVIEW,APP0079_DOCUMENT_SCREEN,APP0079,C0079,DOCUMENT_REVIEW,2026-10-21T09:57:00+09:00,2026-10-21T10:22:00+09:00,COMPLETED
APP0029_DOCUMENT_SCREEN_DOCUMENT_REVIEW,APP0029_DOCUMENT_SCREEN,APP0029,C0029,DOCUMENT_REVIEW,2026-10-20T10:39:00+09:00,2026-10-20T11:04:00+09:00,COMPLETED
APP0059_DOCUMENT_SCREEN_DOCUMENT_REVIEW,APP0059_DOCUMENT_SCREEN,APP0059,C0059,DOCUMENT_REVIEW,2026-10-20T12:08:00+09:00,2026-10-20T12:23:00+09:00,COMPLETED
APP0085_DOCUMENT_SCREEN_DOCUMENT_REVIEW,APP0085_DOCUMENT_SCREEN,APP0085,C0085,DOCUMENT_REVIEW,2026-10-20T12:23:00+09:00,2026-10-20T12:43:00+09:00,COMPLETED
APP0024_DOCUMENT_SCREEN_DOCUMENT_REVIEW,APP0024_DOCUMENT_SCREEN,APP0024,C0024,DOCUMENT_REVIEW,2026-10-20T13:29:00+09:00,2026-10-20T13:44:00+09:00,COMPLETED
APP0103_DOCUMENT_SCREEN_DOCUMENT_REVIEW,APP0103_DOCUMENT_SCREEN,APP0103,C0103,DOCUMENT_REVIEW,2026-10-23T13:37:00+09:00,2026-10-23T14:02:00+09:00,COMPLETED
APP0074_DOCUMENT_SCREEN_DOCUMENT_REVIEW,APP0074_DOCUMENT_SCREEN,APP0074,C0074,DOCUMENT_REVIEW,2026-10-21T13:41:00+09:00,2026-10-21T14:01:00+09:00,COMPLETED
APP0088_DOCUMENT_SCREEN_DOCUMENT_REVIEW,APP0088_DOCUMENT_SCREEN,APP0088,C0088,DOCUMENT_REVIEW,2026-10-20T13:46:00+09:00,2026-10-20T14:01:00+09:00,COMPLETED
APP0026_DOCUMENT_SCREEN_DOCUMENT_REVIEW,APP0026_DOCUMENT_SCREEN,APP0026,C0026,DOCUMENT_REVIEW,2026-10-23T14:02:00+09:00,2026-10-23T14:27:00+09:00,COMPLETED
APP0083_DOCUMENT_SCREEN_DOCUMENT_REVIEW,APP0083_DOCUMENT_SCREEN,APP0083,C0083,DOCUMENT_REVIEW,2026-10-20T14:53:00+09:00,2026-10-20T15:18:00+09:00,COMPLETED
APP0077_DOCUMENT_SCREEN_DOCUMENT_REVIEW,APP0077_DOCUMENT_SCREEN,APP0077,C0077,DOCUMENT_REVIEW,2026-10-23T16:24:00+09:00,2026-10-23T16:39:00+09:00,COMPLETED
APP0113_DOCUMENT_SCREEN_DOCUMENT_REVIEW,APP0113_DOCUMENT_SCREEN,APP0113,C0113,DOCUMENT_REVIEW,2026-10-24T10:47:00+09:00,2026-10-24T11:07:00+09:00,COMPLETED
APP0040_DOCUMENT_SCREEN_DOCUMENT_REVIEW,APP0040_DOCUMENT_SCREEN,APP0040,C0040,DOCUMENT_REVIEW,2026-10-22T11:58:00+09:00,2026-10-22T12:18:00+09:00,COMPLETED
APP0112_DOCUMENT_SCREEN_DOCUMENT_REVIEW,APP0112_DOCUMENT_SCREEN,APP0112,C0112,DOCUMENT_REVIEW,2026-10-22T12:18:00+09:00,2026-10-22T12:33:00+09:00,COMPLETED
APP0111_DOCUMENT_SCREEN_DOCUMENT_REVIEW,APP0111_DOCUMENT_SCREEN,APP0111,C0111,DOCUMENT_REVIEW,2026-10-24T12:29:00+09:00,2026-10-24T12:49:00+09:00,COMPLETED
APP0078_DOCUMENT_SCREEN_DOCUMENT_REVIEW,APP0078_DOCUMENT_SCREEN,APP0078,C0078,DOCUMENT_REVIEW,2026-10-22T13:27:00+09:00,2026-10-22T13:52:00+09:00,COMPLETED
APP0087_DOCUMENT_SCREEN_DOCUMENT_REVIEW,APP0087_DOCUMENT_SCREEN,APP0087,C0087,DOCUMENT_REVIEW,2026-10-21T13:09:00+09:00,2026-10-21T13:34:00+09:00,COMPLETED
APP0123_DOCUMENT_SCREEN_DOCUMENT_REVIEW,APP0123_DOCUMENT_SCREEN,APP0123,C0123,DOCUMENT_REVIEW,2026-10-22T13:52:00+09:00,2026-10-22T14:12:00+09:00,COMPLETED
APP0080_DOCUMENT_SCREEN_DOCUMENT_REVIEW,APP0080_DOCUMENT_SCREEN,APP0080,C0080,DOCUMENT_REVIEW,2026-10-26T13:28:00+09:00,2026-10-26T13:48:00+09:00,COMPLETED
APP0073_DOCUMENT_SCREEN_DOCUMENT_REVIEW,APP0073_DOCUMENT_SCREEN,APP0073,C0073,DOCUMENT_REVIEW,2026-10-21T14:13:00+09:00,2026-10-21T14:38:00+09:00,COMPLETED
APP0070_DOCUMENT_SCREEN_DOCUMENT_REVIEW,APP0070_DOCUMENT_SCREEN,APP0070,C0070,DOCUMENT_REVIEW,2026-10-21T14:53:00+09:00,2026-10-21T15:08:00+09:00,COMPLETED
APP0116_DOCUMENT_SCREEN_DOCUMENT_REVIEW,APP0116_DOCUMENT_SCREEN,APP0116,C0116,DOCUMENT_REVIEW,2026-10-26T14:35:00+09:00,2026-10-26T15:00:00+09:00,COMPLETED
APP0089_DOCUMENT_SCREEN_DOCUMENT_REVIEW,APP0089_DOCUMENT_SCREEN,APP0089,C0089,DOCUMENT_REVIEW,2026-10-21T15:08:00+09:00,2026-10-21T15:23:00+09:00,COMPLETED
APP0042_DOCUMENT_SCREEN_DOCUMENT_REVIEW,APP0042_DOCUMENT_SCREEN,APP0042,C0042,DOCUMENT_REVIEW,2026-10-26T15:08:00+09:00,2026-10-26T15:33:00+09:00,COMPLETED
APP0049_DOCUMENT_SCREEN_DOCUMENT_REVIEW,APP0049_DOCUMENT_SCREEN,APP0049,C0049,DOCUMENT_REVIEW,2026-10-26T16:03:00+09:00,2026-10-26T16:28:00+09:00,COMPLETED
APP0102_DOCUMENT_SCREEN_DOCUMENT_REVIEW,APP0102_DOCUMENT_SCREEN,APP0102,C0102,DOCUMENT_REVIEW,2026-10-22T16:55:00+09:00,2026-10-22T17:10:00+09:00,COMPLETED
APP0050_DOCUMENT_SCREEN_DOCUMENT_REVIEW,APP0050_DOCUMENT_SCREEN,APP0050,C0050,DOCUMENT_REVIEW,2026-10-22T09:24:00+09:00,2026-10-22T09:39:00+09:00,COMPLETED
APP0128_DOCUMENT_SCREEN_DOCUMENT_REVIEW,APP0128_DOCUMENT_SCREEN,APP0128,C0128,DOCUMENT_REVIEW,2026-10-23T09:42:00+09:00,2026-10-23T09:57:00+09:00,COMPLETED
APP0090_DOCUMENT_SCREEN_DOCUMENT_REVIEW,APP0090_DOCUMENT_SCREEN,APP0090,C0090,DOCUMENT_REVIEW,2026-10-27T09:58:00+09:00,2026-10-27T10:13:00+09:00,COMPLETED
APP0061_DOCUMENT_SCREEN_DOCUMENT_REVIEW,APP0061_DOCUMENT_SCREEN,APP0061,C0061,DOCUMENT_REVIEW,2026-10-25T10:08:00+09:00,2026-10-25T10:23:00+09:00,COMPLETED
APP0057_DOCUMENT_SCREEN_DOCUMENT_REVIEW,APP0057_DOCUMENT_SCREEN,APP0057,C0057,DOCUMENT_REVIEW,2026-10-23T11:16:00+09:00,2026-10-23T11:31:00+09:00,COMPLETED
APP0097_DOCUMENT_SCREEN_DOCUMENT_REVIEW,APP0097_DOCUMENT_SCREEN,APP0097,C0097,DOCUMENT_REVIEW,2026-10-27T11:34:00+09:00,2026-10-27T11:59:00+09:00,COMPLETED
APP0105_DOCUMENT_SCREEN_DOCUMENT_REVIEW,APP0105_DOCUMENT_SCREEN,APP0105,C0105,DOCUMENT_REVIEW,2026-10-25T11:34:00+09:00,2026-10-25T11:59:00+09:00,COMPLETED
APP0063_DOCUMENT_SCREEN_DOCUMENT_REVIEW,APP0063_DOCUMENT_SCREEN,APP0063,C0063,DOCUMENT_REVIEW,2026-10-25T12:24:00+09:00,2026-10-25T12:39:00+09:00,COMPLETED
APP0096_DOCUMENT_SCREEN_DOCUMENT_REVIEW,APP0096_DOCUMENT_SCREEN,APP0096,C0096,DOCUMENT_REVIEW,2026-10-22T14:12:00+09:00,2026-10-22T14:37:00+09:00,COMPLETED
APP0142_DOCUMENT_SCREEN_DOCUMENT_REVIEW,APP0142_DOCUMENT_SCREEN,APP0142,C0142,DOCUMENT_REVIEW,2026-10-25T13:34:00+09:00,2026-10-25T13:54:00+09:00,COMPLETED
APP0003_DOCUMENT_SCREEN_DOCUMENT_REVIEW,APP0003_DOCUMENT_SCREEN,APP0003,C0003,DOCUMENT_REVIEW,2026-10-25T13:54:00+09:00,2026-10-25T14:14:00+09:00,COMPLETED
APP0119_DOCUMENT_SCREEN_DOCUMENT_REVIEW,APP0119_DOCUMENT_SCREEN,APP0119,C0119,DOCUMENT_REVIEW,2026-10-27T14:22:00+09:00,2026-10-27T14:42:00+09:00,COMPLETED
APP0005_DOCUMENT_SCREEN_DOCUMENT_REVIEW,APP0005_DOCUMENT_SCREEN,APP0005,C0005,DOCUMENT_REVIEW,2026-10-23T14:27:00+09:00,2026-10-23T14:42:00+09:00,COMPLETED
APP0093_DOCUMENT_SCREEN_DOCUMENT_REVIEW,APP0093_DOCUMENT_SCREEN,APP0093,C0093,DOCUMENT_REVIEW,2026-10-23T14:55:00+09:00,2026-10-23T15:10:00+09:00,COMPLETED
APP0134_DOCUMENT_SCREEN_DOCUMENT_REVIEW,APP0134_DOCUMENT_SCREEN,APP0134,C0134,DOCUMENT_REVIEW,2026-10-25T14:59:00+09:00,2026-10-25T15:24:00+09:00,COMPLETED
APP0095_DOCUMENT_SCREEN_DOCUMENT_REVIEW,APP0095_DOCUMENT_SCREEN,APP0095,C0095,DOCUMENT_REVIEW,2026-10-23T15:10:00+09:00,2026-10-23T15:25:00+09:00,COMPLETED
APP0127_DOCUMENT_SCREEN_DOCUMENT_REVIEW,APP0127_DOCUMENT_SCREEN,APP0127,C0127,DOCUMENT_REVIEW,2026-10-27T15:07:00+09:00,2026-10-27T15:22:00+09:00,COMPLETED
APP0004_DOCUMENT_SCREEN_DOCUMENT_REVIEW,APP0004_DOCUMENT_SCREEN,APP0004,C0004,DOCUMENT_REVIEW,2026-10-27T15:40:00+09:00,2026-10-27T16:00:00+09:00,COMPLETED
APP0101_DOCUMENT_SCREEN_DOCUMENT_REVIEW,APP0101_DOCUMENT_SCREEN,APP0101,C0101,DOCUMENT_REVIEW,2026-10-23T15:59:00+09:00,2026-10-23T16:14:00+09:00,COMPLETED
APP0139_DOCUMENT_SCREEN_DOCUMENT_REVIEW,APP0139_DOCUMENT_SCREEN,APP0139,C0139,DOCUMENT_REVIEW,2026-10-25T16:04:00+09:00,2026-10-25T16:24:00+09:00,COMPLETED
APP0109_DOCUMENT_SCREEN_DOCUMENT_REVIEW,APP0109_DOCUMENT_SCREEN,APP0109,C0109,DOCUMENT_REVIEW,2026-10-22T16:25:00+09:00,2026-10-22T16:50:00+09:00,COMPLETED
APP0002_DOCUMENT_SCREEN_DOCUMENT_REVIEW,APP0002_DOCUMENT_SCREEN,APP0002,C0002,DOCUMENT_REVIEW,2026-10-23T16:39:00+09:00,2026-10-23T16:59:00+09:00,COMPLETED
APP0007_DOCUMENT_SCREEN_DOCUMENT_REVIEW,APP0007_DOCUMENT_SCREEN,APP0007,C0007,DOCUMENT_REVIEW,2026-10-25T16:46:00+09:00,2026-10-25T17:06:00+09:00,COMPLETED
APP0110_DOCUMENT_SCREEN_DOCUMENT_REVIEW,APP0110_DOCUMENT_SCREEN,APP0110,C0110,DOCUMENT_REVIEW,2026-10-26T09:04:00+09:00,2026-10-26T09:19:00+09:00,COMPLETED
APP0143_DOCUMENT_SCREEN_DOCUMENT_REVIEW,APP0143_DOCUMENT_SCREEN,APP0143,C0143,DOCUMENT_REVIEW,2026-10-26T12:15:00+09:00,2026-10-26T12:40:00+09:00,COMPLETED
APP0121_DOCUMENT_SCREEN_DOCUMENT_REVIEW,APP0121_DOCUMENT_SCREEN,APP0121,C0121,DOCUMENT_REVIEW,2026-10-28T12:23:00+09:00,2026-10-28T12:38:00+09:00,COMPLETED
APP0147_DOCUMENT_SCREEN_DOCUMENT_REVIEW,APP0147_DOCUMENT_SCREEN,APP0147,C0147,DOCUMENT_REVIEW,2026-10-24T16:15:00+09:00,2026-10-24T16:40:00+09:00,COMPLETED
APP0044_DOCUMENT_SCREEN_DOCUMENT_REVIEW,APP0044_DOCUMENT_SCREEN,APP0044,C0044,DOCUMENT_REVIEW,2026-10-27T11:04:00+09:00,2026-10-27T11:19:00+09:00,COMPLETED
APP0162_DOCUMENT_SCREEN_DOCUMENT_REVIEW,APP0162_DOCUMENT_SCREEN,APP0162,C0162,DOCUMENT_REVIEW,2026-10-27T11:59:00+09:00,2026-10-27T12:24:00+09:00,COMPLETED
APP0150_DOCUMENT_SCREEN_DOCUMENT_REVIEW,APP0150_DOCUMENT_SCREEN,APP0150,C0150,DOCUMENT_REVIEW,2026-10-24T12:58:00+09:00,2026-10-24T13:13:00+09:00,COMPLETED
APP0167_DOCUMENT_SCREEN_DOCUMENT_REVIEW,APP0167_DOCUMENT_SCREEN,APP0167,C0167,DOCUMENT_REVIEW,2026-10-25T14:14:00+09:00,2026-10-25T14:39:00+09:00,COMPLETED
APP0151_DOCUMENT_SCREEN_DOCUMENT_REVIEW,APP0151_DOCUMENT_SCREEN,APP0151,C0151,DOCUMENT_REVIEW,2026-10-25T14:39:00+09:00,2026-10-25T14:54:00+09:00,COMPLETED
APP0124_DOCUMENT_SCREEN_DOCUMENT_REVIEW,APP0124_DOCUMENT_SCREEN,APP0124,C0124,DOCUMENT_REVIEW,2026-10-25T15:24:00+09:00,2026-10-25T15:39:00+09:00,COMPLETED
APP0172_DOCUMENT_SCREEN_DOCUMENT_REVIEW,APP0172_DOCUMENT_SCREEN,APP0172,C0172,DOCUMENT_REVIEW,2026-10-29T14:20:00+09:00,2026-10-29T14:35:00+09:00,COMPLETED
APP0141_DOCUMENT_SCREEN_DOCUMENT_REVIEW,APP0141_DOCUMENT_SCREEN,APP0141,C0141,DOCUMENT_REVIEW,2026-10-27T16:00:00+09:00,2026-10-27T16:20:00+09:00,COMPLETED
APP0038_DOCUMENT_SCREEN_DOCUMENT_REVIEW,APP0038_DOCUMENT_SCREEN,APP0038,C0038,DOCUMENT_REVIEW,2026-10-27T16:20:00+09:00,2026-10-27T16:40:00+09:00,COMPLETED
APP0039_DOCUMENT_SCREEN_DOCUMENT_REVIEW,APP0039_DOCUMENT_SCREEN,APP0039,C0039,DOCUMENT_REVIEW,2026-10-25T15:39:00+09:00,2026-10-25T15:54:00+09:00,COMPLETED
APP0168_DOCUMENT_SCREEN_DOCUMENT_REVIEW,APP0168_DOCUMENT_SCREEN,APP0168,C0168,DOCUMENT_REVIEW,2026-10-24T15:29:00+09:00,2026-10-24T15:54:00+09:00,COMPLETED
APP0153_DOCUMENT_SCREEN_DOCUMENT_REVIEW,APP0153_DOCUMENT_SCREEN,APP0153,C0153,DOCUMENT_REVIEW,2026-10-25T17:06:00+09:00,2026-10-25T17:31:00+09:00,COMPLETED
APP0166_DOCUMENT_SCREEN_DOCUMENT_REVIEW,APP0166_DOCUMENT_SCREEN,APP0166,C0166,DOCUMENT_REVIEW,2026-10-24T16:40:00+09:00,2026-10-24T17:05:00+09:00,COMPLETED
APP0037_DOCUMENT_SCREEN_DOCUMENT_REVIEW,APP0037_DOCUMENT_SCREEN,APP0037,C0037,DOCUMENT_REVIEW,2026-10-27T16:40:00+09:00,2026-10-27T17:00:00+09:00,COMPLETED
APP0098_DOCUMENT_SCREEN_DOCUMENT_REVIEW,APP0098_DOCUMENT_SCREEN,APP0098,C0098,DOCUMENT_REVIEW,2026-10-25T16:24:00+09:00,2026-10-25T16:39:00+09:00,COMPLETED
APP0136_DOCUMENT_SCREEN_DOCUMENT_REVIEW,APP0136_DOCUMENT_SCREEN,APP0136,C0136,DOCUMENT_REVIEW,2026-10-29T16:46:00+09:00,2026-10-29T17:06:00+09:00,COMPLETED
APP0067_DOCUMENT_SCREEN_DOCUMENT_REVIEW,APP0067_DOCUMENT_SCREEN,APP0067,C0067,DOCUMENT_REVIEW,2026-10-28T09:28:00+09:00,2026-10-28T09:43:00+09:00,COMPLETED
APP0117_DOCUMENT_SCREEN_DOCUMENT_REVIEW,APP0117_DOCUMENT_SCREEN,APP0117,C0117,DOCUMENT_REVIEW,2026-10-30T09:46:00+09:00,2026-10-30T10:01:00+09:00,COMPLETED
APP0154_DOCUMENT_SCREEN_DOCUMENT_REVIEW,APP0154_DOCUMENT_SCREEN,APP0154,C0154,DOCUMENT_REVIEW,2026-10-26T10:07:00+09:00,2026-10-26T10:27:00+09:00,COMPLETED
APP0161_DOCUMENT_SCREEN_DOCUMENT_REVIEW,APP0161_DOCUMENT_SCREEN,APP0161,C0161,DOCUMENT_REVIEW,2026-10-28T11:00:00+09:00,2026-10-28T11:15:00+09:00,COMPLETED
APP0155_DOCUMENT_SCREEN_DOCUMENT_REVIEW,APP0155_DOCUMENT_SCREEN,APP0155,C0155,DOCUMENT_REVIEW,2026-10-26T12:40:00+09:00,2026-10-26T13:00:00+09:00,COMPLETED
APP0064_DOCUMENT_SCREEN_DOCUMENT_REVIEW,APP0064_DOCUMENT_SCREEN,APP0064,C0064,DOCUMENT_REVIEW,2026-10-25T12:45:00+09:00,2026-10-25T13:10:00+09:00,COMPLETED
APP0052_DOCUMENT_SCREEN_DOCUMENT_REVIEW,APP0052_DOCUMENT_SCREEN,APP0052,C0052,DOCUMENT_REVIEW,2026-10-25T17:31:00+09:00,2026-10-25T17:56:00+09:00,COMPLETED
APP0163_DOCUMENT_SCREEN_DOCUMENT_REVIEW,APP0163_DOCUMENT_SCREEN,APP0163,C0163,DOCUMENT_REVIEW,2026-10-25T17:56:00+09:00,2026-10-25T18:11:00+09:00,COMPLETED
APP0149_DOCUMENT_SCREEN_DOCUMENT_REVIEW,APP0149_DOCUMENT_SCREEN,APP0149,C0149,DOCUMENT_REVIEW,2026-10-30T14:54:00+09:00,2026-10-30T15:14:00+09:00,COMPLETED
APP0170_DOCUMENT_SCREEN_DOCUMENT_REVIEW,APP0170_DOCUMENT_SCREEN,APP0170,C0170,DOCUMENT_REVIEW,2026-10-25T18:11:00+09:00,2026-10-25T18:36:00+09:00,COMPLETED
APP0066_DOCUMENT_SCREEN_DOCUMENT_REVIEW,APP0066_DOCUMENT_SCREEN,APP0066,C0066,DOCUMENT_REVIEW,2026-10-25T18:36:00+09:00,2026-10-25T18:56:00+09:00,COMPLETED
APP0191_DOCUMENT_SCREEN_DOCUMENT_REVIEW,APP0191_DOCUMENT_SCREEN,APP0191,C0191,DOCUMENT_REVIEW,2026-10-29T09:15:00+09:00,2026-10-29T09:35:00+09:00,COMPLETED
APP0131_DOCUMENT_SCREEN_DOCUMENT_REVIEW,APP0131_DOCUMENT_SCREEN,APP0131,C0131,DOCUMENT_REVIEW,2026-10-26T10:27:00+09:00,2026-10-26T10:42:00+09:00,COMPLETED
APP0164_DOCUMENT_SCREEN_DOCUMENT_REVIEW,APP0164_DOCUMENT_SCREEN,APP0164,C0164,DOCUMENT_REVIEW,2026-10-29T11:57:00+09:00,2026-10-29T12:17:00+09:00,COMPLETED
APP0129_DOCUMENT_SCREEN_DOCUMENT_REVIEW,APP0129_DOCUMENT_SCREEN,APP0129,C0129,DOCUMENT_REVIEW,2026-10-27T12:48:00+09:00,2026-10-27T13:13:00+09:00,COMPLETED
APP0193_DOCUMENT_SCREEN_DOCUMENT_REVIEW,APP0193_DOCUMENT_SCREEN,APP0193,C0193,DOCUMENT_REVIEW,2026-10-27T13:29:00+09:00,2026-10-27T13:44:00+09:00,COMPLETED
APP0082_DOCUMENT_SCREEN_DOCUMENT_REVIEW,APP0082_DOCUMENT_SCREEN,APP0082,C0082,DOCUMENT_REVIEW,2026-10-29T15:21:00+09:00,2026-10-29T15:46:00+09:00,COMPLETED
APP0125_DOCUMENT_SCREEN_DOCUMENT_REVIEW,APP0125_DOCUMENT_SCREEN,APP0125,C0125,DOCUMENT_REVIEW,2026-10-27T17:00:00+09:00,2026-10-27T17:25:00+09:00,COMPLETED
APP0182_DOCUMENT_SCREEN_DOCUMENT_REVIEW,APP0182_DOCUMENT_SCREEN,APP0182,C0182,DOCUMENT_REVIEW,2026-10-28T10:16:00+09:00,2026-10-28T10:31:00+09:00,COMPLETED
APP0186_DOCUMENT_SCREEN_DOCUMENT_REVIEW,APP0186_DOCUMENT_SCREEN,APP0186,C0186,DOCUMENT_REVIEW,2026-10-30T11:00:00+09:00,2026-10-30T11:25:00+09:00,COMPLETED
APP0205_DOCUMENT_SCREEN_DOCUMENT_REVIEW,APP0205_DOCUMENT_SCREEN,APP0205,C0205,DOCUMENT_REVIEW,2026-10-30T12:24:00+09:00,2026-10-30T12:39:00+09:00,COMPLETED
APP0104_DOCUMENT_SCREEN_DOCUMENT_REVIEW,APP0104_DOCUMENT_SCREEN,APP0104,C0104,DOCUMENT_REVIEW,2026-10-30T13:41:00+09:00,2026-10-30T14:01:00+09:00,COMPLETED
APP0099_DOCUMENT_SCREEN_DOCUMENT_REVIEW,APP0099_DOCUMENT_SCREEN,APP0099,C0099,DOCUMENT_REVIEW,2026-10-28T14:14:00+09:00,2026-10-28T14:29:00+09:00,COMPLETED
APP0209_DOCUMENT_SCREEN_DOCUMENT_REVIEW,APP0209_DOCUMENT_SCREEN,APP0209,C0209,DOCUMENT_REVIEW,2026-10-28T14:42:00+09:00,2026-10-28T15:02:00+09:00,COMPLETED
APP0185_DOCUMENT_SCREEN_DOCUMENT_REVIEW,APP0185_DOCUMENT_SCREEN,APP0185,C0185,DOCUMENT_REVIEW,2026-10-28T15:02:00+09:00,2026-10-28T15:22:00+09:00,COMPLETED
APP0196_DOCUMENT_SCREEN_DOCUMENT_REVIEW,APP0196_DOCUMENT_SCREEN,APP0196,C0196,DOCUMENT_REVIEW,2026-10-28T15:22:00+09:00,2026-10-28T15:42:00+09:00,COMPLETED
APP0190_DOCUMENT_SCREEN_DOCUMENT_REVIEW,APP0190_DOCUMENT_SCREEN,APP0190,C0190,DOCUMENT_REVIEW,2026-11-01T15:59:00+09:00,2026-11-01T16:14:00+09:00,COMPLETED
APP0199_DOCUMENT_SCREEN_DOCUMENT_REVIEW,APP0199_DOCUMENT_SCREEN,APP0199,C0199,DOCUMENT_REVIEW,2026-10-27T17:25:00+09:00,2026-10-27T17:45:00+09:00,COMPLETED
APP0091_DOCUMENT_SCREEN_DOCUMENT_REVIEW,APP0091_DOCUMENT_SCREEN,APP0091,C0091,DOCUMENT_REVIEW,2026-10-28T16:02:00+09:00,2026-10-28T16:17:00+09:00,COMPLETED
APP0159_DOCUMENT_SCREEN_DOCUMENT_REVIEW,APP0159_DOCUMENT_SCREEN,APP0159,C0159,DOCUMENT_REVIEW,2026-10-28T09:43:00+09:00,2026-10-28T09:58:00+09:00,COMPLETED
APP0120_DOCUMENT_SCREEN_DOCUMENT_REVIEW,APP0120_DOCUMENT_SCREEN,APP0120,C0120,DOCUMENT_REVIEW,2026-11-02T10:07:00+09:00,2026-11-02T10:32:00+09:00,COMPLETED
APP0216_DOCUMENT_SCREEN_DOCUMENT_REVIEW,APP0216_DOCUMENT_SCREEN,APP0216,C0216,DOCUMENT_REVIEW,2026-10-28T10:31:00+09:00,2026-10-28T10:51:00+09:00,COMPLETED
APP0220_DOCUMENT_SCREEN_DOCUMENT_REVIEW,APP0220_DOCUMENT_SCREEN,APP0220,C0220,DOCUMENT_REVIEW,2026-10-28T11:15:00+09:00,2026-10-28T11:35:00+09:00,COMPLETED
APP0107_DOCUMENT_SCREEN_DOCUMENT_REVIEW,APP0107_DOCUMENT_SCREEN,APP0107,C0107,DOCUMENT_REVIEW,2026-10-28T11:35:00+09:00,2026-10-28T11:50:00+09:00,COMPLETED
APP0173_DOCUMENT_SCREEN_DOCUMENT_REVIEW,APP0173_DOCUMENT_SCREEN,APP0173,C0173,DOCUMENT_REVIEW,2026-10-28T11:50:00+09:00,2026-10-28T12:05:00+09:00,COMPLETED
APP0219_DOCUMENT_SCREEN_DOCUMENT_REVIEW,APP0219_DOCUMENT_SCREEN,APP0219,C0219,DOCUMENT_REVIEW,2026-10-28T12:05:00+09:00,2026-10-28T12:20:00+09:00,COMPLETED
APP0189_DOCUMENT_SCREEN_DOCUMENT_REVIEW,APP0189_DOCUMENT_SCREEN,APP0189,C0189,DOCUMENT_REVIEW,2026-10-31T14:23:00+09:00,2026-10-31T14:38:00+09:00,COMPLETED
APP0115_DOCUMENT_SCREEN_DOCUMENT_REVIEW,APP0115_DOCUMENT_SCREEN,APP0115,C0115,DOCUMENT_REVIEW,2026-11-02T14:24:00+09:00,2026-11-02T14:44:00+09:00,COMPLETED
APP0157_DOCUMENT_SCREEN_DOCUMENT_REVIEW,APP0157_DOCUMENT_SCREEN,APP0157,C0157,DOCUMENT_REVIEW,2026-10-28T15:42:00+09:00,2026-10-28T15:57:00+09:00,COMPLETED
APP0222_DOCUMENT_SCREEN_DOCUMENT_REVIEW,APP0222_DOCUMENT_SCREEN,APP0222,C0222,DOCUMENT_REVIEW,2026-10-31T14:55:00+09:00,2026-10-31T15:20:00+09:00,COMPLETED
APP0203_DOCUMENT_SCREEN_DOCUMENT_REVIEW,APP0203_DOCUMENT_SCREEN,APP0203,C0203,DOCUMENT_REVIEW,2026-10-31T16:39:00+09:00,2026-10-31T16:59:00+09:00,COMPLETED
APP0175_DOCUMENT_SCREEN_DOCUMENT_REVIEW,APP0175_DOCUMENT_SCREEN,APP0175,C0175,DOCUMENT_REVIEW,2026-10-29T09:35:00+09:00,2026-10-29T09:50:00+09:00,COMPLETED
APP0239_DOCUMENT_SCREEN_DOCUMENT_REVIEW,APP0239_DOCUMENT_SCREEN,APP0239,C0239,DOCUMENT_REVIEW,2026-11-03T10:16:00+09:00,2026-11-03T10:31:00+09:00,COMPLETED
APP0247_DOCUMENT_SCREEN_DOCUMENT_REVIEW,APP0247_DOCUMENT_SCREEN,APP0247,C0247,DOCUMENT_REVIEW,2026-11-03T10:35:00+09:00,2026-11-03T11:00:00+09:00,COMPLETED
APP0177_DOCUMENT_SCREEN_DOCUMENT_REVIEW,APP0177_DOCUMENT_SCREEN,APP0177,C0177,DOCUMENT_REVIEW,2026-11-03T11:00:00+09:00,2026-11-03T11:15:00+09:00,COMPLETED
APP0140_DOCUMENT_SCREEN_DOCUMENT_REVIEW,APP0140_DOCUMENT_SCREEN,APP0140,C0140,DOCUMENT_REVIEW,2026-11-03T11:15:00+09:00,2026-11-03T11:40:00+09:00,COMPLETED
APP0251_DOCUMENT_SCREEN_DOCUMENT_REVIEW,APP0251_DOCUMENT_SCREEN,APP0251,C0251,DOCUMENT_REVIEW,2026-10-29T11:08:00+09:00,2026-10-29T11:28:00+09:00,COMPLETED
APP0241_DOCUMENT_SCREEN_DOCUMENT_REVIEW,APP0241_DOCUMENT_SCREEN,APP0241,C0241,DOCUMENT_REVIEW,2026-10-29T12:17:00+09:00,2026-10-29T12:32:00+09:00,COMPLETED
APP0240_DOCUMENT_SCREEN_DOCUMENT_REVIEW,APP0240_DOCUMENT_SCREEN,APP0240,C0240,DOCUMENT_REVIEW,2026-11-01T13:08:00+09:00,2026-11-01T13:33:00+09:00,COMPLETED
APP0230_DOCUMENT_SCREEN_DOCUMENT_REVIEW,APP0230_DOCUMENT_SCREEN,APP0230,C0230,DOCUMENT_REVIEW,2026-10-30T13:20:00+09:00,2026-10-30T13:40:00+09:00,COMPLETED
APP0135_DOCUMENT_SCREEN_DOCUMENT_REVIEW,APP0135_DOCUMENT_SCREEN,APP0135,C0135,DOCUMENT_REVIEW,2026-11-03T13:21:00+09:00,2026-11-03T13:41:00+09:00,COMPLETED
APP0217_DOCUMENT_SCREEN_DOCUMENT_REVIEW,APP0217_DOCUMENT_SCREEN,APP0217,C0217,DOCUMENT_REVIEW,2026-10-30T14:22:00+09:00,2026-10-30T14:42:00+09:00,COMPLETED
APP0179_DOCUMENT_SCREEN_DOCUMENT_REVIEW,APP0179_DOCUMENT_SCREEN,APP0179,C0179,DOCUMENT_REVIEW,2026-11-01T14:37:00+09:00,2026-11-01T14:52:00+09:00,COMPLETED
APP0130_DOCUMENT_SCREEN_DOCUMENT_REVIEW,APP0130_DOCUMENT_SCREEN,APP0130,C0130,DOCUMENT_REVIEW,2026-10-29T14:41:00+09:00,2026-10-29T15:01:00+09:00,COMPLETED
APP0243_DOCUMENT_SCREEN_DOCUMENT_REVIEW,APP0243_DOCUMENT_SCREEN,APP0243,C0243,DOCUMENT_REVIEW,2026-10-30T15:14:00+09:00,2026-10-30T15:34:00+09:00,COMPLETED
APP0227_DOCUMENT_SCREEN_DOCUMENT_REVIEW,APP0227_DOCUMENT_SCREEN,APP0227,C0227,DOCUMENT_REVIEW,2026-10-29T15:46:00+09:00,2026-10-29T16:06:00+09:00,COMPLETED
APP0176_DOCUMENT_SCREEN_DOCUMENT_REVIEW,APP0176_DOCUMENT_SCREEN,APP0176,C0176,DOCUMENT_REVIEW,2026-10-29T16:06:00+09:00,2026-10-29T16:21:00+09:00,COMPLETED
APP0213_DOCUMENT_SCREEN_DOCUMENT_REVIEW,APP0213_DOCUMENT_SCREEN,APP0213,C0213,DOCUMENT_REVIEW,2026-11-01T16:20:00+09:00,2026-11-01T16:35:00+09:00,COMPLETED
APP0215_DOCUMENT_SCREEN_DOCUMENT_REVIEW,APP0215_DOCUMENT_SCREEN,APP0215,C0215,DOCUMENT_REVIEW,2026-11-03T16:23:00+09:00,2026-11-03T16:48:00+09:00,COMPLETED
APP0137_DOCUMENT_SCREEN_DOCUMENT_REVIEW,APP0137_DOCUMENT_SCREEN,APP0137,C0137,DOCUMENT_REVIEW,2026-10-30T16:55:00+09:00,2026-10-30T17:10:00+09:00,COMPLETED
APP0146_DOCUMENT_SCREEN_DOCUMENT_REVIEW,APP0146_DOCUMENT_SCREEN,APP0146,C0146,DOCUMENT_REVIEW,2026-10-30T10:01:00+09:00,2026-10-30T10:26:00+09:00,COMPLETED
APP0223_DOCUMENT_SCREEN_DOCUMENT_REVIEW,APP0223_DOCUMENT_SCREEN,APP0223,C0223,DOCUMENT_REVIEW,2026-10-30T10:26:00+09:00,2026-10-30T10:46:00+09:00,COMPLETED
APP0248_DOCUMENT_SCREEN_DOCUMENT_REVIEW,APP0248_DOCUMENT_SCREEN,APP0248,C0248,DOCUMENT_REVIEW,2026-11-02T12:12:00+09:00,2026-11-02T12:32:00+09:00,COMPLETED
APP0263_DOCUMENT_SCREEN_DOCUMENT_REVIEW,APP0263_DOCUMENT_SCREEN,APP0263,C0263,DOCUMENT_REVIEW,2026-10-30T12:46:00+09:00,2026-10-30T13:11:00+09:00,COMPLETED
APP0152_DOCUMENT_SCREEN_DOCUMENT_REVIEW,APP0152_DOCUMENT_SCREEN,APP0152,C0152,DOCUMENT_REVIEW,2026-10-31T13:18:00+09:00,2026-10-31T13:43:00+09:00,COMPLETED
APP0235_DOCUMENT_SCREEN_DOCUMENT_REVIEW,APP0235_DOCUMENT_SCREEN,APP0235,C0235,DOCUMENT_REVIEW,2026-11-02T14:44:00+09:00,2026-11-02T14:59:00+09:00,COMPLETED
APP0231_DOCUMENT_SCREEN_DOCUMENT_REVIEW,APP0231_DOCUMENT_SCREEN,APP0231,C0231,DOCUMENT_REVIEW,2026-10-30T15:34:00+09:00,2026-10-30T15:49:00+09:00,COMPLETED
APP0228_DOCUMENT_SCREEN_DOCUMENT_REVIEW,APP0228_DOCUMENT_SCREEN,APP0228,C0228,DOCUMENT_REVIEW,2026-10-30T15:49:00+09:00,2026-10-30T16:09:00+09:00,COMPLETED
APP0148_DOCUMENT_SCREEN_DOCUMENT_REVIEW,APP0148_DOCUMENT_SCREEN,APP0148,C0148,DOCUMENT_REVIEW,2026-11-02T15:49:00+09:00,2026-11-02T16:14:00+09:00,COMPLETED
APP0249_DOCUMENT_SCREEN_DOCUMENT_REVIEW,APP0249_DOCUMENT_SCREEN,APP0249,C0249,DOCUMENT_REVIEW,2026-11-04T15:59:00+09:00,2026-11-04T16:24:00+09:00,COMPLETED
APP0229_DOCUMENT_SCREEN_DOCUMENT_REVIEW,APP0229_DOCUMENT_SCREEN,APP0229,C0229,DOCUMENT_REVIEW,2026-10-31T16:14:00+09:00,2026-10-31T16:34:00+09:00,COMPLETED
APP0188_DOCUMENT_SCREEN_DOCUMENT_REVIEW,APP0188_DOCUMENT_SCREEN,APP0188,C0188,DOCUMENT_REVIEW,2026-10-30T16:31:00+09:00,2026-10-30T16:51:00+09:00,COMPLETED
APP0246_DOCUMENT_SCREEN_DOCUMENT_REVIEW,APP0246_DOCUMENT_SCREEN,APP0246,C0246,DOCUMENT_REVIEW,2026-11-01T09:26:00+09:00,2026-11-01T09:41:00+09:00,COMPLETED
APP0257_DOCUMENT_SCREEN_DOCUMENT_REVIEW,APP0257_DOCUMENT_SCREEN,APP0257,C0257,DOCUMENT_REVIEW,2026-10-31T09:31:00+09:00,2026-10-31T09:46:00+09:00,COMPLETED
APP0201_DOCUMENT_SCREEN_DOCUMENT_REVIEW,APP0201_DOCUMENT_SCREEN,APP0201,C0201,DOCUMENT_REVIEW,2026-11-05T10:35:00+09:00,2026-11-05T10:55:00+09:00,COMPLETED
APP0267_DOCUMENT_SCREEN_DOCUMENT_REVIEW,APP0267_DOCUMENT_SCREEN,APP0267,C0267,DOCUMENT_REVIEW,2026-11-03T11:40:00+09:00,2026-11-03T12:00:00+09:00,COMPLETED
APP0156_DOCUMENT_SCREEN_DOCUMENT_REVIEW,APP0156_DOCUMENT_SCREEN,APP0156,C0156,DOCUMENT_REVIEW,2026-11-03T12:00:00+09:00,2026-11-03T12:25:00+09:00,COMPLETED
APP0210_DOCUMENT_SCREEN_DOCUMENT_REVIEW,APP0210_DOCUMENT_SCREEN,APP0210,C0210,DOCUMENT_REVIEW,2026-11-05T11:10:00+09:00,2026-11-05T11:35:00+09:00,COMPLETED
APP0278_DOCUMENT_SCREEN_DOCUMENT_REVIEW,APP0278_DOCUMENT_SCREEN,APP0278,C0278,DOCUMENT_REVIEW,2026-11-03T14:10:00+09:00,2026-11-03T14:35:00+09:00,COMPLETED
APP0171_DOCUMENT_SCREEN_DOCUMENT_REVIEW,APP0171_DOCUMENT_SCREEN,APP0171,C0171,DOCUMENT_REVIEW,2026-11-01T15:01:00+09:00,2026-11-01T15:21:00+09:00,COMPLETED
APP0253_DOCUMENT_SCREEN_DOCUMENT_REVIEW,APP0253_DOCUMENT_SCREEN,APP0253,C0253,DOCUMENT_REVIEW,2026-10-31T15:46:00+09:00,2026-10-31T16:01:00+09:00,COMPLETED
APP0202_DOCUMENT_SCREEN_DOCUMENT_REVIEW,APP0202_DOCUMENT_SCREEN,APP0202,C0202,DOCUMENT_REVIEW,2026-11-03T16:48:00+09:00,2026-11-03T17:13:00+09:00,COMPLETED
APP0232_DOCUMENT_SCREEN_DOCUMENT_REVIEW,APP0232_DOCUMENT_SCREEN,APP0232,C0232,DOCUMENT_REVIEW,2026-11-02T09:25:00+09:00,2026-11-02T09:40:00+09:00,COMPLETED
APP0184_DOCUMENT_SCREEN_DOCUMENT_REVIEW,APP0184_DOCUMENT_SCREEN,APP0184,C0184,DOCUMENT_REVIEW,2026-11-06T10:02:00+09:00,2026-11-06T10:17:00+09:00,COMPLETED
APP0225_DOCUMENT_SCREEN_DOCUMENT_REVIEW,APP0225_DOCUMENT_SCREEN,APP0225,C0225,DOCUMENT_REVIEW,2026-11-06T12:27:00+09:00,2026-11-06T12:52:00+09:00,COMPLETED
APP0181_DOCUMENT_SCREEN_DOCUMENT_REVIEW,APP0181_DOCUMENT_SCREEN,APP0181,C0181,DOCUMENT_REVIEW,2026-11-01T13:35:00+09:00,2026-11-01T13:55:00+09:00,COMPLETED
APP0297_DOCUMENT_SCREEN_DOCUMENT_REVIEW,APP0297_DOCUMENT_SCREEN,APP0297,C0297,DOCUMENT_REVIEW,2026-11-06T14:11:00+09:00,2026-11-06T14:31:00+09:00,COMPLETED
APP0276_DOCUMENT_SCREEN_DOCUMENT_REVIEW,APP0276_DOCUMENT_SCREEN,APP0276,C0276,DOCUMENT_REVIEW,2026-11-06T14:36:00+09:00,2026-11-06T14:51:00+09:00,COMPLETED
APP0255_DOCUMENT_SCREEN_DOCUMENT_REVIEW,APP0255_DOCUMENT_SCREEN,APP0255,C0255,DOCUMENT_REVIEW,2026-11-01T15:21:00+09:00,2026-11-01T15:36:00+09:00,COMPLETED
APP0268_DOCUMENT_SCREEN_DOCUMENT_REVIEW,APP0268_DOCUMENT_SCREEN,APP0268,C0268,DOCUMENT_REVIEW,2026-11-06T15:32:00+09:00,2026-11-06T15:52:00+09:00,COMPLETED
APP0258_DOCUMENT_SCREEN_DOCUMENT_REVIEW,APP0258_DOCUMENT_SCREEN,APP0258,C0258,DOCUMENT_REVIEW,2026-11-04T16:24:00+09:00,2026-11-04T16:49:00+09:00,COMPLETED
APP0264_DOCUMENT_SCREEN_DOCUMENT_REVIEW,APP0264_DOCUMENT_SCREEN,APP0264,C0264,DOCUMENT_REVIEW,2026-11-01T16:35:00+09:00,2026-11-01T17:00:00+09:00,COMPLETED
APP0218_DOCUMENT_SCREEN_DOCUMENT_REVIEW,APP0218_DOCUMENT_SCREEN,APP0218,C0218,DOCUMENT_REVIEW,2026-11-04T16:49:00+09:00,2026-11-04T17:09:00+09:00,COMPLETED
APP0301_DOCUMENT_SCREEN_DOCUMENT_REVIEW,APP0301_DOCUMENT_SCREEN,APP0301,C0301,DOCUMENT_REVIEW,2026-11-03T09:21:00+09:00,2026-11-03T09:46:00+09:00,COMPLETED
APP0274_DOCUMENT_SCREEN_DOCUMENT_REVIEW,APP0274_DOCUMENT_SCREEN,APP0274,C0274,DOCUMENT_REVIEW,2026-11-02T09:40:00+09:00,2026-11-02T10:05:00+09:00,COMPLETED
APP0273_DOCUMENT_SCREEN_DOCUMENT_REVIEW,APP0273_DOCUMENT_SCREEN,APP0273,C0273,DOCUMENT_REVIEW,2026-11-03T09:56:00+09:00,2026-11-03T10:16:00+09:00,COMPLETED
APP0242_DOCUMENT_SCREEN_DOCUMENT_REVIEW,APP0242_DOCUMENT_SCREEN,APP0242,C0242,DOCUMENT_REVIEW,2026-11-02T11:11:00+09:00,2026-11-02T11:36:00+09:00,COMPLETED
APP0305_DOCUMENT_SCREEN_DOCUMENT_REVIEW,APP0305_DOCUMENT_SCREEN,APP0305,C0305,DOCUMENT_REVIEW,2026-11-02T11:53:00+09:00,2026-11-02T12:08:00+09:00,COMPLETED
APP0265_DOCUMENT_SCREEN_DOCUMENT_REVIEW,APP0265_DOCUMENT_SCREEN,APP0265,C0265,DOCUMENT_REVIEW,2026-11-05T12:03:00+09:00,2026-11-05T12:23:00+09:00,COMPLETED
APP0194_DOCUMENT_SCREEN_DOCUMENT_REVIEW,APP0194_DOCUMENT_SCREEN,APP0194,C0194,DOCUMENT_REVIEW,2026-11-05T12:23:00+09:00,2026-11-05T12:48:00+09:00,COMPLETED
APP0294_DOCUMENT_SCREEN_DOCUMENT_REVIEW,APP0294_DOCUMENT_SCREEN,APP0294,C0294,DOCUMENT_REVIEW,2026-11-03T12:40:00+09:00,2026-11-03T13:00:00+09:00,COMPLETED
APP0292_DOCUMENT_SCREEN_DOCUMENT_REVIEW,APP0292_DOCUMENT_SCREEN,APP0292,C0292,DOCUMENT_REVIEW,2026-11-02T13:00:00+09:00,2026-11-02T13:25:00+09:00,COMPLETED
APP0192_DOCUMENT_SCREEN_DOCUMENT_REVIEW,APP0192_DOCUMENT_SCREEN,APP0192,C0192,DOCUMENT_REVIEW,2026-11-05T13:04:00+09:00,2026-11-05T13:29:00+09:00,COMPLETED
APP0269_DOCUMENT_SCREEN_DOCUMENT_REVIEW,APP0269_DOCUMENT_SCREEN,APP0269,C0269,DOCUMENT_REVIEW,2026-11-07T13:25:00+09:00,2026-11-07T13:45:00+09:00,COMPLETED
APP0288_DOCUMENT_SCREEN_DOCUMENT_REVIEW,APP0288_DOCUMENT_SCREEN,APP0288,C0288,DOCUMENT_REVIEW,2026-11-07T14:19:00+09:00,2026-11-07T14:39:00+09:00,COMPLETED
APP0275_DOCUMENT_SCREEN_DOCUMENT_REVIEW,APP0275_DOCUMENT_SCREEN,APP0275,C0275,DOCUMENT_REVIEW,2026-11-03T14:35:00+09:00,2026-11-03T15:00:00+09:00,COMPLETED
APP0238_DOCUMENT_SCREEN_DOCUMENT_REVIEW,APP0238_DOCUMENT_SCREEN,APP0238,C0238,DOCUMENT_REVIEW,2026-11-05T14:30:00+09:00,2026-11-05T14:45:00+09:00,COMPLETED
APP0299_DOCUMENT_SCREEN_DOCUMENT_REVIEW,APP0299_DOCUMENT_SCREEN,APP0299,C0299,DOCUMENT_REVIEW,2026-11-07T16:03:00+09:00,2026-11-07T16:23:00+09:00,COMPLETED
APP0286_DOCUMENT_SCREEN_DOCUMENT_REVIEW,APP0286_DOCUMENT_SCREEN,APP0286,C0286,DOCUMENT_REVIEW,2026-11-07T16:34:00+09:00,2026-11-07T16:59:00+09:00,COMPLETED
APP0200_DOCUMENT_SCREEN_DOCUMENT_REVIEW,APP0200_DOCUMENT_SCREEN,APP0200,C0200,DOCUMENT_REVIEW,2026-11-06T09:19:00+09:00,2026-11-06T09:39:00+09:00,COMPLETED
APP0320_DOCUMENT_SCREEN_DOCUMENT_REVIEW,APP0320_DOCUMENT_SCREEN,APP0320,C0320,DOCUMENT_REVIEW,2026-11-06T10:17:00+09:00,2026-11-06T10:42:00+09:00,COMPLETED
APP0285_DOCUMENT_SCREEN_DOCUMENT_REVIEW,APP0285_DOCUMENT_SCREEN,APP0285,C0285,DOCUMENT_REVIEW,2026-11-04T09:53:00+09:00,2026-11-04T10:13:00+09:00,COMPLETED
APP0325_DOCUMENT_SCREEN_DOCUMENT_REVIEW,APP0325_DOCUMENT_SCREEN,APP0325,C0325,DOCUMENT_REVIEW,2026-11-08T10:03:00+09:00,2026-11-08T10:18:00+09:00,COMPLETED
APP0295_DOCUMENT_SCREEN_DOCUMENT_REVIEW,APP0295_DOCUMENT_SCREEN,APP0295,C0295,DOCUMENT_REVIEW,2026-11-06T11:39:00+09:00,2026-11-06T11:54:00+09:00,COMPLETED
APP0314_DOCUMENT_SCREEN_DOCUMENT_REVIEW,APP0314_DOCUMENT_SCREEN,APP0314,C0314,DOCUMENT_REVIEW,2026-11-08T12:10:00+09:00,2026-11-08T12:25:00+09:00,COMPLETED
APP0296_DOCUMENT_SCREEN_DOCUMENT_REVIEW,APP0296_DOCUMENT_SCREEN,APP0296,C0296,DOCUMENT_REVIEW,2026-11-04T13:47:00+09:00,2026-11-04T14:02:00+09:00,COMPLETED
APP0324_DOCUMENT_SCREEN_DOCUMENT_REVIEW,APP0324_DOCUMENT_SCREEN,APP0324,C0324,DOCUMENT_REVIEW,2026-11-06T15:13:00+09:00,2026-11-06T15:28:00+09:00,COMPLETED
APP0206_DOCUMENT_SCREEN_DOCUMENT_REVIEW,APP0206_DOCUMENT_SCREEN,APP0206,C0206,DOCUMENT_REVIEW,2026-11-04T15:27:00+09:00,2026-11-04T15:47:00+09:00,COMPLETED
APP0337_DOCUMENT_SCREEN_DOCUMENT_REVIEW,APP0337_DOCUMENT_SCREEN,APP0337,C0337,DOCUMENT_REVIEW,2026-11-05T11:35:00+09:00,2026-11-05T12:00:00+09:00,COMPLETED
APP0302_DOCUMENT_SCREEN_DOCUMENT_REVIEW,APP0302_DOCUMENT_SCREEN,APP0302,C0302,DOCUMENT_REVIEW,2026-11-05T13:29:00+09:00,2026-11-05T13:49:00+09:00,COMPLETED
APP0307_DOCUMENT_SCREEN_DOCUMENT_REVIEW,APP0307_DOCUMENT_SCREEN,APP0307,C0307,DOCUMENT_REVIEW,2026-11-09T11:48:00+09:00,2026-11-09T12:03:00+09:00,COMPLETED
APP0270_DOCUMENT_SCREEN_DOCUMENT_REVIEW,APP0270_DOCUMENT_SCREEN,APP0270,C0270,DOCUMENT_REVIEW,2026-11-09T12:13:00+09:00,2026-11-09T12:38:00+09:00,COMPLETED
APP0332_DOCUMENT_SCREEN_DOCUMENT_REVIEW,APP0332_DOCUMENT_SCREEN,APP0332,C0332,DOCUMENT_REVIEW,2026-11-05T15:33:00+09:00,2026-11-05T15:53:00+09:00,COMPLETED
APP0272_DOCUMENT_SCREEN_DOCUMENT_REVIEW,APP0272_DOCUMENT_SCREEN,APP0272,C0272,DOCUMENT_REVIEW,2026-11-05T16:09:00+09:00,2026-11-05T16:29:00+09:00,COMPLETED
APP0342_DOCUMENT_SCREEN_DOCUMENT_REVIEW,APP0342_DOCUMENT_SCREEN,APP0342,C0342,DOCUMENT_REVIEW,2026-11-07T16:59:00+09:00,2026-11-07T17:24:00+09:00,COMPLETED
APP0338_DOCUMENT_SCREEN_DOCUMENT_REVIEW,APP0338_DOCUMENT_SCREEN,APP0338,C0338,DOCUMENT_REVIEW,2026-11-05T16:53:00+09:00,2026-11-05T17:08:00+09:00,COMPLETED
APP0237_DOCUMENT_SCREEN_DOCUMENT_REVIEW,APP0237_DOCUMENT_SCREEN,APP0237,C0237,DOCUMENT_REVIEW,2026-11-05T13:49:00+09:00,2026-11-05T14:14:00+09:00,COMPLETED
APP0335_DOCUMENT_SCREEN_DOCUMENT_REVIEW,APP0335_DOCUMENT_SCREEN,APP0335,C0335,DOCUMENT_REVIEW,2026-11-05T14:45:00+09:00,2026-11-05T15:10:00+09:00,COMPLETED
APP0330_DOCUMENT_SCREEN_DOCUMENT_REVIEW,APP0330_DOCUMENT_SCREEN,APP0330,C0330,DOCUMENT_REVIEW,2026-11-05T16:29:00+09:00,2026-11-05T16:49:00+09:00,COMPLETED
APP0254_DOCUMENT_SCREEN_DOCUMENT_REVIEW,APP0254_DOCUMENT_SCREEN,APP0254,C0254,DOCUMENT_REVIEW,2026-11-06T12:52:00+09:00,2026-11-06T13:17:00+09:00,COMPLETED
APP0300_DOCUMENT_SCREEN_DOCUMENT_REVIEW,APP0300_DOCUMENT_SCREEN,APP0300,C0300,DOCUMENT_REVIEW,2026-11-11T14:21:00+09:00,2026-11-11T14:41:00+09:00,COMPLETED
APP0256_DOCUMENT_SCREEN_DOCUMENT_REVIEW,APP0256_DOCUMENT_SCREEN,APP0256,C0256,DOCUMENT_REVIEW,2026-11-07T15:06:00+09:00,2026-11-07T15:31:00+09:00,COMPLETED
APP0262_DOCUMENT_SCREEN_DOCUMENT_REVIEW,APP0262_DOCUMENT_SCREEN,APP0262,C0262,DOCUMENT_REVIEW,2026-11-11T16:33:00+09:00,2026-11-11T16:53:00+09:00,COMPLETED
APP0310_DOCUMENT_SCREEN_DOCUMENT_REVIEW,APP0310_DOCUMENT_SCREEN,APP0310,C0310,DOCUMENT_REVIEW,2026-11-09T16:37:00+09:00,2026-11-09T16:52:00+09:00,COMPLETED
APP0279_DOCUMENT_SCREEN_DOCUMENT_REVIEW,APP0279_DOCUMENT_SCREEN,APP0279,C0279,DOCUMENT_REVIEW,2026-11-07T10:49:00+09:00,2026-11-07T11:04:00+09:00,COMPLETED
APP0327_DOCUMENT_SCREEN_DOCUMENT_REVIEW,APP0327_DOCUMENT_SCREEN,APP0327,C0327,DOCUMENT_REVIEW,2026-11-07T11:04:00+09:00,2026-11-07T11:19:00+09:00,COMPLETED
APP0319_DOCUMENT_SCREEN_DOCUMENT_REVIEW,APP0319_DOCUMENT_SCREEN,APP0319,C0319,DOCUMENT_REVIEW,2026-11-12T12:29:00+09:00,2026-11-12T12:49:00+09:00,COMPLETED
APP0318_DOCUMENT_SCREEN_DOCUMENT_REVIEW,APP0318_DOCUMENT_SCREEN,APP0318,C0318,DOCUMENT_REVIEW,2026-11-08T13:56:00+09:00,2026-11-08T14:11:00+09:00,COMPLETED
APP0322_DOCUMENT_SCREEN_DOCUMENT_REVIEW,APP0322_DOCUMENT_SCREEN,APP0322,C0322,DOCUMENT_REVIEW,2026-11-10T14:37:00+09:00,2026-11-10T14:57:00+09:00,COMPLETED
APP0289_DOCUMENT_SCREEN_DOCUMENT_REVIEW,APP0289_DOCUMENT_SCREEN,APP0289,C0289,DOCUMENT_REVIEW,2026-11-08T14:11:00+09:00,2026-11-08T14:31:00+09:00,COMPLETED
APP0331_DOCUMENT_SCREEN_DOCUMENT_REVIEW,APP0331_DOCUMENT_SCREEN,APP0331,C0331,DOCUMENT_REVIEW,2026-11-09T15:45:00+09:00,2026-11-09T16:00:00+09:00,COMPLETED
APP0309_DOCUMENT_SCREEN_DOCUMENT_REVIEW,APP0309_DOCUMENT_SCREEN,APP0309,C0309,DOCUMENT_REVIEW,2026-11-12T12:49:00+09:00,2026-11-12T13:04:00+09:00,COMPLETED
APP0326_DOCUMENT_SCREEN_DOCUMENT_REVIEW,APP0326_DOCUMENT_SCREEN,APP0326,C0326,DOCUMENT_REVIEW,2026-11-11T11:11:00+09:00,2026-11-11T11:26:00+09:00,COMPLETED
APP0313_DOCUMENT_SCREEN_DOCUMENT_REVIEW,APP0313_DOCUMENT_SCREEN,APP0313,C0313,DOCUMENT_REVIEW,2026-11-15T13:46:00+09:00,2026-11-15T14:06:00+09:00,COMPLETED
APP0334_DOCUMENT_SCREEN_DOCUMENT_REVIEW,APP0334_DOCUMENT_SCREEN,APP0334,C0334,DOCUMENT_REVIEW,2026-11-16T11:54:00+09:00,2026-11-16T12:09:00+09:00,COMPLETED
APP0336_DOCUMENT_SCREEN_DOCUMENT_REVIEW,APP0336_DOCUMENT_SCREEN,APP0336,C0336,DOCUMENT_REVIEW,2026-11-12T14:36:00+09:00,2026-11-12T15:01:00+09:00,COMPLETED
APP0068_PRE_ASSESSMENT_APTITUDE,APP0068_PRE_ASSESSMENT,APP0068,C0068,APTITUDE,2026-11-09T11:58:00+09:00,2026-11-09T12:38:00+09:00,COMPLETED
APP0068_PRE_ASSESSMENT_CODING_TEST,APP0068_PRE_ASSESSMENT,APP0068,C0068,CODING_TEST,2026-11-09T12:38:00+09:00,2026-11-09T13:28:00+09:00,COMPLETED
APP0143_PRE_ASSESSMENT_APTITUDE,APP0143_PRE_ASSESSMENT,APP0143,C0143,APTITUDE,2026-11-06T12:40:00+09:00,2026-11-06T13:25:00+09:00,COMPLETED
APP0143_PRE_ASSESSMENT_CODING_TEST,APP0143_PRE_ASSESSMENT,APP0143,C0143,CODING_TEST,2026-11-06T13:25:00+09:00,2026-11-06T14:35:00+09:00,COMPLETED
APP0064_PRE_ASSESSMENT_APTITUDE,APP0064_PRE_ASSESSMENT,APP0064,C0064,APTITUDE,2026-11-06T13:10:00+09:00,2026-11-06T13:55:00+09:00,COMPLETED
APP0064_PRE_ASSESSMENT_CODING_TEST,APP0064_PRE_ASSESSMENT,APP0064,C0064,CODING_TEST,2026-11-06T13:55:00+09:00,2026-11-06T15:05:00+09:00,COMPLETED
APP0128_PRE_ASSESSMENT_APTITUDE,APP0128_PRE_ASSESSMENT,APP0128,C0128,APTITUDE,2026-11-04T09:57:00+09:00,2026-11-04T10:42:00+09:00,COMPLETED
APP0128_PRE_ASSESSMENT_CODING_TEST,APP0128_PRE_ASSESSMENT,APP0128,C0128,CODING_TEST,2026-11-04T10:42:00+09:00,2026-11-04T11:32:00+09:00,COMPLETED
APP0031_PRE_ASSESSMENT_APTITUDE,APP0031_PRE_ASSESSMENT,APP0031,C0031,APTITUDE,2026-11-07T16:51:00+09:00,2026-11-07T17:26:00+09:00,COMPLETED
APP0031_PRE_ASSESSMENT_CODING_TEST,APP0031_PRE_ASSESSMENT,APP0031,C0031,CODING_TEST,2026-11-07T17:26:00+09:00,2026-11-07T18:16:00+09:00,COMPLETED
APP0056_PRE_ASSESSMENT_APTITUDE,APP0056_PRE_ASSESSMENT,APP0056,C0056,APTITUDE,2026-11-11T10:47:00+09:00,2026-11-11T11:32:00+09:00,COMPLETED
APP0056_PRE_ASSESSMENT_CODING_TEST,APP0056_PRE_ASSESSMENT,APP0056,C0056,CODING_TEST,2026-11-11T11:32:00+09:00,2026-11-11T12:42:00+09:00,COMPLETED
APP0030_PRE_ASSESSMENT_APTITUDE,APP0030_PRE_ASSESSMENT,APP0030,C0030,APTITUDE,2026-11-05T13:00:00+09:00,2026-11-05T13:35:00+09:00,COMPLETED
APP0030_PRE_ASSESSMENT_CODING_TEST,APP0030_PRE_ASSESSMENT,APP0030,C0030,CODING_TEST,2026-11-05T13:35:00+09:00,2026-11-05T14:25:00+09:00,COMPLETED
APP0153_PRE_ASSESSMENT_APTITUDE,APP0153_PRE_ASSESSMENT,APP0153,C0153,APTITUDE,2026-11-08T17:31:00+09:00,2026-11-08T18:06:00+09:00,COMPLETED
APP0153_PRE_ASSESSMENT_CODING_TEST,APP0153_PRE_ASSESSMENT,APP0153,C0153,CODING_TEST,2026-11-08T18:06:00+09:00,2026-11-08T18:56:00+09:00,COMPLETED
APP0076_PRE_ASSESSMENT_APTITUDE,APP0076_PRE_ASSESSMENT,APP0076,C0076,APTITUDE,2026-11-09T10:26:00+09:00,2026-11-09T11:11:00+09:00,COMPLETED
APP0076_PRE_ASSESSMENT_CODING_TEST,APP0076_PRE_ASSESSMENT,APP0076,C0076,CODING_TEST,2026-11-09T11:11:00+09:00,2026-11-09T12:01:00+09:00,COMPLETED
APP0150_PRE_ASSESSMENT_APTITUDE,APP0150_PRE_ASSESSMENT,APP0150,C0150,APTITUDE,2026-11-06T13:13:00+09:00,2026-11-06T13:53:00+09:00,COMPLETED
APP0150_PRE_ASSESSMENT_CODING_TEST,APP0150_PRE_ASSESSMENT,APP0150,C0150,CODING_TEST,2026-11-06T13:53:00+09:00,2026-11-06T14:43:00+09:00,COMPLETED
APP0101_PRE_ASSESSMENT_APTITUDE,APP0101_PRE_ASSESSMENT,APP0101,C0101,APTITUDE,2026-11-12T16:14:00+09:00,2026-11-12T16:49:00+09:00,COMPLETED
APP0101_PRE_ASSESSMENT_CODING_TEST,APP0101_PRE_ASSESSMENT,APP0101,C0101,CODING_TEST,2026-11-12T16:49:00+09:00,2026-11-12T17:49:00+09:00,COMPLETED
APP0141_PRE_ASSESSMENT_APTITUDE,APP0141_PRE_ASSESSMENT,APP0141,C0141,APTITUDE,2026-11-07T16:20:00+09:00,2026-11-07T16:55:00+09:00,COMPLETED
APP0141_PRE_ASSESSMENT_CODING_TEST,APP0141_PRE_ASSESSMENT,APP0141,C0141,CODING_TEST,2026-11-07T16:55:00+09:00,2026-11-07T17:55:00+09:00,COMPLETED
APP0061_PRE_ASSESSMENT_APTITUDE,APP0061_PRE_ASSESSMENT,APP0061,C0061,APTITUDE,2026-11-12T10:23:00+09:00,2026-11-12T11:08:00+09:00,COMPLETED
APP0061_PRE_ASSESSMENT_CODING_TEST,APP0061_PRE_ASSESSMENT,APP0061,C0061,CODING_TEST,2026-11-12T11:08:00+09:00,2026-11-12T11:58:00+09:00,COMPLETED
APP0193_PRE_ASSESSMENT_APTITUDE,APP0193_PRE_ASSESSMENT,APP0193,C0193,APTITUDE,2026-11-09T13:44:00+09:00,2026-11-09T14:29:00+09:00,COMPLETED
APP0193_PRE_ASSESSMENT_CODING_TEST,APP0193_PRE_ASSESSMENT,APP0193,C0193,CODING_TEST,2026-11-09T14:29:00+09:00,2026-11-09T15:29:00+09:00,COMPLETED
APP0005_PRE_ASSESSMENT_APTITUDE,APP0005_PRE_ASSESSMENT,APP0005,C0005,APTITUDE,2026-11-12T14:42:00+09:00,2026-11-12T15:22:00+09:00,COMPLETED
APP0005_PRE_ASSESSMENT_CODING_TEST,APP0005_PRE_ASSESSMENT,APP0005,C0005,CODING_TEST,2026-11-12T15:22:00+09:00,2026-11-12T16:32:00+09:00,COMPLETED
APP0039_PRE_ASSESSMENT_APTITUDE,APP0039_PRE_ASSESSMENT,APP0039,C0039,APTITUDE,2026-11-09T15:54:00+09:00,2026-11-09T16:29:00+09:00,COMPLETED
APP0039_PRE_ASSESSMENT_CODING_TEST,APP0039_PRE_ASSESSMENT,APP0039,C0039,CODING_TEST,2026-11-09T16:29:00+09:00,2026-11-09T17:29:00+09:00,COMPLETED
APP0228_PRE_ASSESSMENT_APTITUDE,APP0228_PRE_ASSESSMENT,APP0228,C0228,APTITUDE,2026-11-09T16:09:00+09:00,2026-11-09T16:54:00+09:00,COMPLETED
APP0228_PRE_ASSESSMENT_CODING_TEST,APP0228_PRE_ASSESSMENT,APP0228,C0228,CODING_TEST,2026-11-09T16:54:00+09:00,2026-11-09T17:54:00+09:00,COMPLETED
APP0137_PRE_ASSESSMENT_APTITUDE,APP0137_PRE_ASSESSMENT,APP0137,C0137,APTITUDE,2026-11-09T17:10:00+09:00,2026-11-09T17:50:00+09:00,COMPLETED
APP0137_PRE_ASSESSMENT_CODING_TEST,APP0137_PRE_ASSESSMENT,APP0137,C0137,CODING_TEST,2026-11-09T17:50:00+09:00,2026-11-09T18:50:00+09:00,COMPLETED
APP0189_PRE_ASSESSMENT_APTITUDE,APP0189_PRE_ASSESSMENT,APP0189,C0189,APTITUDE,2026-11-17T14:38:00+09:00,2026-11-17T15:13:00+09:00,COMPLETED
APP0189_PRE_ASSESSMENT_CODING_TEST,APP0189_PRE_ASSESSMENT,APP0189,C0189,CODING_TEST,2026-11-17T15:13:00+09:00,2026-11-17T16:03:00+09:00,COMPLETED
APP0257_PRE_ASSESSMENT_APTITUDE,APP0257_PRE_ASSESSMENT,APP0257,C0257,APTITUDE,2026-11-19T09:46:00+09:00,2026-11-19T10:31:00+09:00,COMPLETED
APP0257_PRE_ASSESSMENT_CODING_TEST,APP0257_PRE_ASSESSMENT,APP0257,C0257,CODING_TEST,2026-11-19T10:31:00+09:00,2026-11-19T11:31:00+09:00,COMPLETED
APP0082_PRE_ASSESSMENT_APTITUDE,APP0082_PRE_ASSESSMENT,APP0082,C0082,APTITUDE,2026-11-16T15:46:00+09:00,2026-11-16T16:26:00+09:00,COMPLETED
APP0082_PRE_ASSESSMENT_CODING_TEST,APP0082_PRE_ASSESSMENT,APP0082,C0082,CODING_TEST,2026-11-16T16:26:00+09:00,2026-11-16T17:36:00+09:00,COMPLETED
APP0200_PRE_ASSESSMENT_APTITUDE,APP0200_PRE_ASSESSMENT,APP0200,C0200,APTITUDE,2026-11-14T09:39:00+09:00,2026-11-14T10:24:00+09:00,COMPLETED
APP0200_PRE_ASSESSMENT_CODING_TEST,APP0200_PRE_ASSESSMENT,APP0200,C0200,CODING_TEST,2026-11-14T10:24:00+09:00,2026-11-14T11:24:00+09:00,COMPLETED
APP0223_PRE_ASSESSMENT_APTITUDE,APP0223_PRE_ASSESSMENT,APP0223,C0223,APTITUDE,2026-11-14T10:46:00+09:00,2026-11-14T11:26:00+09:00,COMPLETED
APP0223_PRE_ASSESSMENT_CODING_TEST,APP0223_PRE_ASSESSMENT,APP0223,C0223,CODING_TEST,2026-11-14T11:26:00+09:00,2026-11-14T12:26:00+09:00,COMPLETED
APP0240_PRE_ASSESSMENT_APTITUDE,APP0240_PRE_ASSESSMENT,APP0240,C0240,APTITUDE,2026-11-20T13:33:00+09:00,2026-11-20T14:18:00+09:00,COMPLETED
APP0240_PRE_ASSESSMENT_CODING_TEST,APP0240_PRE_ASSESSMENT,APP0240,C0240,CODING_TEST,2026-11-20T14:18:00+09:00,2026-11-20T15:08:00+09:00,COMPLETED
APP0181_PRE_ASSESSMENT_APTITUDE,APP0181_PRE_ASSESSMENT,APP0181,C0181,APTITUDE,2026-11-17T13:55:00+09:00,2026-11-17T14:40:00+09:00,COMPLETED
APP0181_PRE_ASSESSMENT_CODING_TEST,APP0181_PRE_ASSESSMENT,APP0181,C0181,CODING_TEST,2026-11-17T14:40:00+09:00,2026-11-17T15:40:00+09:00,COMPLETED
APP0206_PRE_ASSESSMENT_APTITUDE,APP0206_PRE_ASSESSMENT,APP0206,C0206,APTITUDE,2026-11-21T15:47:00+09:00,2026-11-21T16:32:00+09:00,COMPLETED
APP0206_PRE_ASSESSMENT_CODING_TEST,APP0206_PRE_ASSESSMENT,APP0206,C0206,CODING_TEST,2026-11-21T16:32:00+09:00,2026-11-21T17:42:00+09:00,COMPLETED
APP0325_PRE_ASSESSMENT_APTITUDE,APP0325_PRE_ASSESSMENT,APP0325,C0325,APTITUDE,2026-11-20T10:18:00+09:00,2026-11-20T10:53:00+09:00,COMPLETED
APP0325_PRE_ASSESSMENT_CODING_TEST,APP0325_PRE_ASSESSMENT,APP0325,C0325,CODING_TEST,2026-11-20T10:53:00+09:00,2026-11-20T12:03:00+09:00,COMPLETED
APP0218_PRE_ASSESSMENT_APTITUDE,APP0218_PRE_ASSESSMENT,APP0218,C0218,APTITUDE,2026-11-23T17:09:00+09:00,2026-11-23T17:44:00+09:00,COMPLETED
APP0218_PRE_ASSESSMENT_CODING_TEST,APP0218_PRE_ASSESSMENT,APP0218,C0218,CODING_TEST,2026-11-23T17:44:00+09:00,2026-11-23T18:34:00+09:00,COMPLETED
APP0342_PRE_ASSESSMENT_APTITUDE,APP0342_PRE_ASSESSMENT,APP0342,C0342,APTITUDE,2026-11-17T17:24:00+09:00,2026-11-17T17:59:00+09:00,COMPLETED
APP0342_PRE_ASSESSMENT_CODING_TEST,APP0342_PRE_ASSESSMENT,APP0342,C0342,CODING_TEST,2026-11-17T17:59:00+09:00,2026-11-17T18:59:00+09:00,COMPLETED
APP0285_PRE_ASSESSMENT_APTITUDE,APP0285_PRE_ASSESSMENT,APP0285,C0285,APTITUDE,2026-11-24T10:13:00+09:00,2026-11-24T10:48:00+09:00,COMPLETED
APP0285_PRE_ASSESSMENT_CODING_TEST,APP0285_PRE_ASSESSMENT,APP0285,C0285,CODING_TEST,2026-11-24T10:48:00+09:00,2026-11-24T11:38:00+09:00,COMPLETED
APP0238_PRE_ASSESSMENT_APTITUDE,APP0238_PRE_ASSESSMENT,APP0238,C0238,APTITUDE,2026-11-24T14:45:00+09:00,2026-11-24T15:30:00+09:00,COMPLETED
APP0238_PRE_ASSESSMENT_CODING_TEST,APP0238_PRE_ASSESSMENT,APP0238,C0238,CODING_TEST,2026-11-24T15:30:00+09:00,2026-11-24T16:40:00+09:00,COMPLETED
APP0268_PRE_ASSESSMENT_APTITUDE,APP0268_PRE_ASSESSMENT,APP0268,C0268,APTITUDE,2026-11-21T15:52:00+09:00,2026-11-21T16:32:00+09:00,COMPLETED
APP0268_PRE_ASSESSMENT_CODING_TEST,APP0268_PRE_ASSESSMENT,APP0268,C0268,CODING_TEST,2026-11-21T16:32:00+09:00,2026-11-21T17:42:00+09:00,COMPLETED
APP0297_PRE_ASSESSMENT_APTITUDE,APP0297_PRE_ASSESSMENT,APP0297,C0297,APTITUDE,2026-11-22T14:31:00+09:00,2026-11-22T15:06:00+09:00,COMPLETED
APP0297_PRE_ASSESSMENT_CODING_TEST,APP0297_PRE_ASSESSMENT,APP0297,C0297,CODING_TEST,2026-11-22T15:06:00+09:00,2026-11-22T15:56:00+09:00,COMPLETED
APP0270_PRE_ASSESSMENT_APTITUDE,APP0270_PRE_ASSESSMENT,APP0270,C0270,APTITUDE,2026-11-24T12:38:00+09:00,2026-11-24T13:18:00+09:00,COMPLETED
APP0270_PRE_ASSESSMENT_CODING_TEST,APP0270_PRE_ASSESSMENT,APP0270,C0270,CODING_TEST,2026-11-24T13:18:00+09:00,2026-11-24T14:08:00+09:00,COMPLETED
APP0237_PRE_ASSESSMENT_APTITUDE,APP0237_PRE_ASSESSMENT,APP0237,C0237,APTITUDE,2026-11-25T14:14:00+09:00,2026-11-25T14:54:00+09:00,COMPLETED
APP0237_PRE_ASSESSMENT_CODING_TEST,APP0237_PRE_ASSESSMENT,APP0237,C0237,CODING_TEST,2026-11-25T14:54:00+09:00,2026-11-25T15:44:00+09:00,COMPLETED
APP0309_PRE_ASSESSMENT_APTITUDE,APP0309_PRE_ASSESSMENT,APP0309,C0309,APTITUDE,2026-11-28T13:04:00+09:00,2026-11-28T13:49:00+09:00,COMPLETED
APP0309_PRE_ASSESSMENT_CODING_TEST,APP0309_PRE_ASSESSMENT,APP0309,C0309,CODING_TEST,2026-11-28T13:49:00+09:00,2026-11-28T14:59:00+09:00,COMPLETED
APP0005_FIRST_INTERVIEW_FIRST_INTERVIEW_SESSION,APP0005_FIRST_INTERVIEW,APP0005,C0005,FIRST_INTERVIEW_SESSION,2026-12-10T09:00:00+09:00,2026-12-10T10:00:00+09:00,COMPLETED
APP0005_FIRST_INTERVIEW_TECHNICAL_ASSESSMENT,APP0005_FIRST_INTERVIEW,APP0005,C0005,TECHNICAL_ASSESSMENT,2026-12-10T10:00:00+09:00,2026-12-10T10:00:00+09:00,COMPLETED
APP0005_FIRST_INTERVIEW_AI_CASE,APP0005_FIRST_INTERVIEW,APP0005,C0005,AI_CASE,2026-12-10T10:00:00+09:00,2026-12-10T10:00:00+09:00,COMPLETED
APP0005_FIRST_INTERVIEW_PRACTITIONER_QA,APP0005_FIRST_INTERVIEW,APP0005,C0005,PRACTITIONER_QA,2026-12-10T10:00:00+09:00,2026-12-10T10:00:00+09:00,COMPLETED
APP0005_FIRST_INTERVIEW_CALIBRATION,APP0005_FIRST_INTERVIEW,APP0005,C0005,CALIBRATION,2026-12-10T10:00:00+09:00,2026-12-10T10:15:00+09:00,COMPLETED
APP0031_FIRST_INTERVIEW_FIRST_INTERVIEW_SESSION,APP0031_FIRST_INTERVIEW,APP0031,C0031,FIRST_INTERVIEW_SESSION,2026-12-10T09:00:00+09:00,2026-12-10T10:00:00+09:00,COMPLETED
APP0031_FIRST_INTERVIEW_TECHNICAL_ASSESSMENT,APP0031_FIRST_INTERVIEW,APP0031,C0031,TECHNICAL_ASSESSMENT,2026-12-10T10:00:00+09:00,2026-12-10T10:00:00+09:00,COMPLETED
APP0031_FIRST_INTERVIEW_AI_CASE,APP0031_FIRST_INTERVIEW,APP0031,C0031,AI_CASE,2026-12-10T10:00:00+09:00,2026-12-10T10:00:00+09:00,COMPLETED
APP0031_FIRST_INTERVIEW_PRACTITIONER_QA,APP0031_FIRST_INTERVIEW,APP0031,C0031,PRACTITIONER_QA,2026-12-10T10:00:00+09:00,2026-12-10T10:00:00+09:00,COMPLETED
APP0031_FIRST_INTERVIEW_CALIBRATION,APP0031_FIRST_INTERVIEW,APP0031,C0031,CALIBRATION,2026-12-10T10:00:00+09:00,2026-12-10T10:15:00+09:00,COMPLETED
APP0039_FIRST_INTERVIEW_FIRST_INTERVIEW_SESSION,APP0039_FIRST_INTERVIEW,APP0039,C0039,FIRST_INTERVIEW_SESSION,2026-12-10T09:00:00+09:00,2026-12-10T10:00:00+09:00,COMPLETED
APP0039_FIRST_INTERVIEW_TECHNICAL_ASSESSMENT,APP0039_FIRST_INTERVIEW,APP0039,C0039,TECHNICAL_ASSESSMENT,2026-12-10T10:00:00+09:00,2026-12-10T10:00:00+09:00,COMPLETED
APP0039_FIRST_INTERVIEW_AI_CASE,APP0039_FIRST_INTERVIEW,APP0039,C0039,AI_CASE,2026-12-10T10:00:00+09:00,2026-12-10T10:00:00+09:00,COMPLETED
APP0039_FIRST_INTERVIEW_PRACTITIONER_QA,APP0039_FIRST_INTERVIEW,APP0039,C0039,PRACTITIONER_QA,2026-12-10T10:00:00+09:00,2026-12-10T10:00:00+09:00,COMPLETED
APP0056_FIRST_INTERVIEW_FIRST_INTERVIEW_SESSION,APP0056_FIRST_INTERVIEW,APP0056,C0056,FIRST_INTERVIEW_SESSION,2026-12-10T09:00:00+09:00,2026-12-10T10:00:00+09:00,COMPLETED
APP0056_FIRST_INTERVIEW_TECHNICAL_ASSESSMENT,APP0056_FIRST_INTERVIEW,APP0056,C0056,TECHNICAL_ASSESSMENT,2026-12-10T10:00:00+09:00,2026-12-10T10:00:00+09:00,COMPLETED
APP0056_FIRST_INTERVIEW_AI_CASE,APP0056_FIRST_INTERVIEW,APP0056,C0056,AI_CASE,2026-12-10T10:00:00+09:00,2026-12-10T10:00:00+09:00,COMPLETED
APP0056_FIRST_INTERVIEW_PRACTITIONER_QA,APP0056_FIRST_INTERVIEW,APP0056,C0056,PRACTITIONER_QA,2026-12-10T10:00:00+09:00,2026-12-10T10:00:00+09:00,COMPLETED
APP0056_FIRST_INTERVIEW_CALIBRATION,APP0056_FIRST_INTERVIEW,APP0056,C0056,CALIBRATION,2026-12-10T10:00:00+09:00,2026-12-10T10:15:00+09:00,COMPLETED
APP0061_FIRST_INTERVIEW_FIRST_INTERVIEW_SESSION,APP0061_FIRST_INTERVIEW,APP0061,C0061,FIRST_INTERVIEW_SESSION,2026-12-10T09:00:00+09:00,2026-12-10T10:00:00+09:00,COMPLETED
APP0061_FIRST_INTERVIEW_TECHNICAL_ASSESSMENT,APP0061_FIRST_INTERVIEW,APP0061,C0061,TECHNICAL_ASSESSMENT,2026-12-10T10:00:00+09:00,2026-12-10T10:00:00+09:00,COMPLETED
APP0061_FIRST_INTERVIEW_AI_CASE,APP0061_FIRST_INTERVIEW,APP0061,C0061,AI_CASE,2026-12-10T10:00:00+09:00,2026-12-10T10:00:00+09:00,COMPLETED
APP0061_FIRST_INTERVIEW_PRACTITIONER_QA,APP0061_FIRST_INTERVIEW,APP0061,C0061,PRACTITIONER_QA,2026-12-10T10:00:00+09:00,2026-12-10T10:00:00+09:00,COMPLETED
APP0061_FIRST_INTERVIEW_CALIBRATION,APP0061_FIRST_INTERVIEW,APP0061,C0061,CALIBRATION,2026-12-10T10:00:00+09:00,2026-12-10T10:15:00+09:00,COMPLETED
APP0064_FIRST_INTERVIEW_FIRST_INTERVIEW_SESSION,APP0064_FIRST_INTERVIEW,APP0064,C0064,FIRST_INTERVIEW_SESSION,2026-12-10T09:00:00+09:00,2026-12-10T10:00:00+09:00,COMPLETED
APP0064_FIRST_INTERVIEW_TECHNICAL_ASSESSMENT,APP0064_FIRST_INTERVIEW,APP0064,C0064,TECHNICAL_ASSESSMENT,2026-12-10T10:00:00+09:00,2026-12-10T10:00:00+09:00,COMPLETED
APP0064_FIRST_INTERVIEW_AI_CASE,APP0064_FIRST_INTERVIEW,APP0064,C0064,AI_CASE,2026-12-10T10:00:00+09:00,2026-12-10T10:00:00+09:00,COMPLETED
APP0064_FIRST_INTERVIEW_PRACTITIONER_QA,APP0064_FIRST_INTERVIEW,APP0064,C0064,PRACTITIONER_QA,2026-12-10T10:00:00+09:00,2026-12-10T10:00:00+09:00,COMPLETED
APP0064_FIRST_INTERVIEW_CALIBRATION,APP0064_FIRST_INTERVIEW,APP0064,C0064,CALIBRATION,2026-12-10T10:00:00+09:00,2026-12-10T10:15:00+09:00,COMPLETED
APP0068_FIRST_INTERVIEW_FIRST_INTERVIEW_SESSION,APP0068_FIRST_INTERVIEW,APP0068,C0068,FIRST_INTERVIEW_SESSION,2026-12-10T09:00:00+09:00,2026-12-10T10:00:00+09:00,COMPLETED
APP0068_FIRST_INTERVIEW_TECHNICAL_ASSESSMENT,APP0068_FIRST_INTERVIEW,APP0068,C0068,TECHNICAL_ASSESSMENT,2026-12-10T10:00:00+09:00,2026-12-10T10:00:00+09:00,COMPLETED
APP0068_FIRST_INTERVIEW_AI_CASE,APP0068_FIRST_INTERVIEW,APP0068,C0068,AI_CASE,2026-12-10T10:00:00+09:00,2026-12-10T10:00:00+09:00,COMPLETED
APP0068_FIRST_INTERVIEW_PRACTITIONER_QA,APP0068_FIRST_INTERVIEW,APP0068,C0068,PRACTITIONER_QA,2026-12-10T10:00:00+09:00,2026-12-10T10:00:00+09:00,COMPLETED
APP0068_FIRST_INTERVIEW_CALIBRATION,APP0068_FIRST_INTERVIEW,APP0068,C0068,CALIBRATION,2026-12-10T10:00:00+09:00,2026-12-10T10:15:00+09:00,COMPLETED
APP0076_FIRST_INTERVIEW_FIRST_INTERVIEW_SESSION,APP0076_FIRST_INTERVIEW,APP0076,C0076,FIRST_INTERVIEW_SESSION,2026-12-10T09:00:00+09:00,2026-12-10T10:00:00+09:00,COMPLETED
APP0076_FIRST_INTERVIEW_TECHNICAL_ASSESSMENT,APP0076_FIRST_INTERVIEW,APP0076,C0076,TECHNICAL_ASSESSMENT,2026-12-10T10:00:00+09:00,2026-12-10T10:00:00+09:00,COMPLETED
APP0076_FIRST_INTERVIEW_AI_CASE,APP0076_FIRST_INTERVIEW,APP0076,C0076,AI_CASE,2026-12-10T10:00:00+09:00,2026-12-10T10:00:00+09:00,COMPLETED
APP0076_FIRST_INTERVIEW_PRACTITIONER_QA,APP0076_FIRST_INTERVIEW,APP0076,C0076,PRACTITIONER_QA,2026-12-10T10:00:00+09:00,2026-12-10T10:00:00+09:00,COMPLETED
APP0076_FIRST_INTERVIEW_CALIBRATION,APP0076_FIRST_INTERVIEW,APP0076,C0076,CALIBRATION,2026-12-10T10:00:00+09:00,2026-12-10T10:15:00+09:00,COMPLETED
APP0082_FIRST_INTERVIEW_FIRST_INTERVIEW_SESSION,APP0082_FIRST_INTERVIEW,APP0082,C0082,FIRST_INTERVIEW_SESSION,2026-12-10T09:00:00+09:00,2026-12-10T10:00:00+09:00,COMPLETED
APP0082_FIRST_INTERVIEW_TECHNICAL_ASSESSMENT,APP0082_FIRST_INTERVIEW,APP0082,C0082,TECHNICAL_ASSESSMENT,2026-12-10T10:00:00+09:00,2026-12-10T10:00:00+09:00,COMPLETED
APP0082_FIRST_INTERVIEW_AI_CASE,APP0082_FIRST_INTERVIEW,APP0082,C0082,AI_CASE,2026-12-10T10:00:00+09:00,2026-12-10T10:00:00+09:00,COMPLETED
APP0082_FIRST_INTERVIEW_PRACTITIONER_QA,APP0082_FIRST_INTERVIEW,APP0082,C0082,PRACTITIONER_QA,2026-12-10T10:00:00+09:00,2026-12-10T10:00:00+09:00,COMPLETED
APP0101_FIRST_INTERVIEW_FIRST_INTERVIEW_SESSION,APP0101_FIRST_INTERVIEW,APP0101,C0101,FIRST_INTERVIEW_SESSION,2026-12-10T09:00:00+09:00,2026-12-10T10:00:00+09:00,COMPLETED
APP0101_FIRST_INTERVIEW_TECHNICAL_ASSESSMENT,APP0101_FIRST_INTERVIEW,APP0101,C0101,TECHNICAL_ASSESSMENT,2026-12-10T10:00:00+09:00,2026-12-10T10:00:00+09:00,COMPLETED
APP0101_FIRST_INTERVIEW_AI_CASE,APP0101_FIRST_INTERVIEW,APP0101,C0101,AI_CASE,2026-12-10T10:00:00+09:00,2026-12-10T10:00:00+09:00,COMPLETED
APP0101_FIRST_INTERVIEW_PRACTITIONER_QA,APP0101_FIRST_INTERVIEW,APP0101,C0101,PRACTITIONER_QA,2026-12-10T10:00:00+09:00,2026-12-10T10:00:00+09:00,COMPLETED
APP0128_FIRST_INTERVIEW_FIRST_INTERVIEW_SESSION,APP0128_FIRST_INTERVIEW,APP0128,C0128,FIRST_INTERVIEW_SESSION,2026-12-14T09:00:00+09:00,2026-12-14T10:00:00+09:00,COMPLETED
APP0128_FIRST_INTERVIEW_TECHNICAL_ASSESSMENT,APP0128_FIRST_INTERVIEW,APP0128,C0128,TECHNICAL_ASSESSMENT,2026-12-14T10:00:00+09:00,2026-12-14T10:00:00+09:00,COMPLETED
APP0128_FIRST_INTERVIEW_AI_CASE,APP0128_FIRST_INTERVIEW,APP0128,C0128,AI_CASE,2026-12-14T10:00:00+09:00,2026-12-14T10:00:00+09:00,COMPLETED
APP0128_FIRST_INTERVIEW_PRACTITIONER_QA,APP0128_FIRST_INTERVIEW,APP0128,C0128,PRACTITIONER_QA,2026-12-14T10:00:00+09:00,2026-12-14T10:00:00+09:00,COMPLETED
APP0128_FIRST_INTERVIEW_CALIBRATION,APP0128_FIRST_INTERVIEW,APP0128,C0128,CALIBRATION,2026-12-14T10:00:00+09:00,2026-12-14T10:15:00+09:00,COMPLETED
APP0141_FIRST_INTERVIEW_FIRST_INTERVIEW_SESSION,APP0141_FIRST_INTERVIEW,APP0141,C0141,FIRST_INTERVIEW_SESSION,2026-12-14T09:00:00+09:00,2026-12-14T10:00:00+09:00,COMPLETED
APP0141_FIRST_INTERVIEW_TECHNICAL_ASSESSMENT,APP0141_FIRST_INTERVIEW,APP0141,C0141,TECHNICAL_ASSESSMENT,2026-12-14T10:00:00+09:00,2026-12-14T10:00:00+09:00,COMPLETED
APP0141_FIRST_INTERVIEW_AI_CASE,APP0141_FIRST_INTERVIEW,APP0141,C0141,AI_CASE,2026-12-14T10:00:00+09:00,2026-12-14T10:00:00+09:00,COMPLETED
APP0141_FIRST_INTERVIEW_PRACTITIONER_QA,APP0141_FIRST_INTERVIEW,APP0141,C0141,PRACTITIONER_QA,2026-12-14T10:00:00+09:00,2026-12-14T10:00:00+09:00,COMPLETED
APP0143_FIRST_INTERVIEW_FIRST_INTERVIEW_SESSION,APP0143_FIRST_INTERVIEW,APP0143,C0143,FIRST_INTERVIEW_SESSION,2026-12-14T09:00:00+09:00,2026-12-14T10:00:00+09:00,COMPLETED
APP0143_FIRST_INTERVIEW_TECHNICAL_ASSESSMENT,APP0143_FIRST_INTERVIEW,APP0143,C0143,TECHNICAL_ASSESSMENT,2026-12-14T10:00:00+09:00,2026-12-14T10:00:00+09:00,COMPLETED
APP0143_FIRST_INTERVIEW_AI_CASE,APP0143_FIRST_INTERVIEW,APP0143,C0143,AI_CASE,2026-12-14T10:00:00+09:00,2026-12-14T10:00:00+09:00,COMPLETED
APP0143_FIRST_INTERVIEW_PRACTITIONER_QA,APP0143_FIRST_INTERVIEW,APP0143,C0143,PRACTITIONER_QA,2026-12-14T10:00:00+09:00,2026-12-14T10:00:00+09:00,COMPLETED
APP0143_FIRST_INTERVIEW_CALIBRATION,APP0143_FIRST_INTERVIEW,APP0143,C0143,CALIBRATION,2026-12-14T10:00:00+09:00,2026-12-14T10:15:00+09:00,COMPLETED
APP0150_FIRST_INTERVIEW_FIRST_INTERVIEW_SESSION,APP0150_FIRST_INTERVIEW,APP0150,C0150,FIRST_INTERVIEW_SESSION,2026-12-14T09:00:00+09:00,2026-12-14T10:00:00+09:00,COMPLETED
APP0150_FIRST_INTERVIEW_TECHNICAL_ASSESSMENT,APP0150_FIRST_INTERVIEW,APP0150,C0150,TECHNICAL_ASSESSMENT,2026-12-14T10:00:00+09:00,2026-12-14T10:00:00+09:00,COMPLETED
APP0150_FIRST_INTERVIEW_AI_CASE,APP0150_FIRST_INTERVIEW,APP0150,C0150,AI_CASE,2026-12-14T10:00:00+09:00,2026-12-14T10:00:00+09:00,COMPLETED
APP0150_FIRST_INTERVIEW_PRACTITIONER_QA,APP0150_FIRST_INTERVIEW,APP0150,C0150,PRACTITIONER_QA,2026-12-14T10:00:00+09:00,2026-12-14T10:00:00+09:00,COMPLETED
APP0150_FIRST_INTERVIEW_CALIBRATION,APP0150_FIRST_INTERVIEW,APP0150,C0150,CALIBRATION,2026-12-14T10:00:00+09:00,2026-12-14T10:15:00+09:00,COMPLETED
APP0153_FIRST_INTERVIEW_FIRST_INTERVIEW_SESSION,APP0153_FIRST_INTERVIEW,APP0153,C0153,FIRST_INTERVIEW_SESSION,2026-12-14T09:00:00+09:00,2026-12-14T10:00:00+09:00,COMPLETED
APP0153_FIRST_INTERVIEW_TECHNICAL_ASSESSMENT,APP0153_FIRST_INTERVIEW,APP0153,C0153,TECHNICAL_ASSESSMENT,2026-12-14T10:00:00+09:00,2026-12-14T10:00:00+09:00,COMPLETED
APP0153_FIRST_INTERVIEW_AI_CASE,APP0153_FIRST_INTERVIEW,APP0153,C0153,AI_CASE,2026-12-14T10:00:00+09:00,2026-12-14T10:00:00+09:00,COMPLETED
APP0153_FIRST_INTERVIEW_PRACTITIONER_QA,APP0153_FIRST_INTERVIEW,APP0153,C0153,PRACTITIONER_QA,2026-12-14T10:00:00+09:00,2026-12-14T10:00:00+09:00,COMPLETED
APP0153_FIRST_INTERVIEW_CALIBRATION,APP0153_FIRST_INTERVIEW,APP0153,C0153,CALIBRATION,2026-12-14T10:00:00+09:00,2026-12-14T10:15:00+09:00,COMPLETED
APP0181_FIRST_INTERVIEW_FIRST_INTERVIEW_SESSION,APP0181_FIRST_INTERVIEW,APP0181,C0181,FIRST_INTERVIEW_SESSION,2026-12-14T09:00:00+09:00,2026-12-14T10:00:00+09:00,COMPLETED
APP0181_FIRST_INTERVIEW_TECHNICAL_ASSESSMENT,APP0181_FIRST_INTERVIEW,APP0181,C0181,TECHNICAL_ASSESSMENT,2026-12-14T10:00:00+09:00,2026-12-14T10:00:00+09:00,COMPLETED
APP0181_FIRST_INTERVIEW_AI_CASE,APP0181_FIRST_INTERVIEW,APP0181,C0181,AI_CASE,2026-12-14T10:00:00+09:00,2026-12-14T10:00:00+09:00,COMPLETED
APP0181_FIRST_INTERVIEW_PRACTITIONER_QA,APP0181_FIRST_INTERVIEW,APP0181,C0181,PRACTITIONER_QA,2026-12-14T10:00:00+09:00,2026-12-14T10:00:00+09:00,COMPLETED
APP0181_FIRST_INTERVIEW_CALIBRATION,APP0181_FIRST_INTERVIEW,APP0181,C0181,CALIBRATION,2026-12-14T10:00:00+09:00,2026-12-14T10:15:00+09:00,COMPLETED
APP0189_FIRST_INTERVIEW_FIRST_INTERVIEW_SESSION,APP0189_FIRST_INTERVIEW,APP0189,C0189,FIRST_INTERVIEW_SESSION,2026-12-14T09:00:00+09:00,2026-12-14T10:00:00+09:00,COMPLETED
APP0189_FIRST_INTERVIEW_TECHNICAL_ASSESSMENT,APP0189_FIRST_INTERVIEW,APP0189,C0189,TECHNICAL_ASSESSMENT,2026-12-14T10:00:00+09:00,2026-12-14T10:00:00+09:00,COMPLETED
APP0189_FIRST_INTERVIEW_AI_CASE,APP0189_FIRST_INTERVIEW,APP0189,C0189,AI_CASE,2026-12-14T10:00:00+09:00,2026-12-14T10:00:00+09:00,COMPLETED
APP0189_FIRST_INTERVIEW_PRACTITIONER_QA,APP0189_FIRST_INTERVIEW,APP0189,C0189,PRACTITIONER_QA,2026-12-14T10:00:00+09:00,2026-12-14T10:00:00+09:00,COMPLETED
APP0189_FIRST_INTERVIEW_CALIBRATION,APP0189_FIRST_INTERVIEW,APP0189,C0189,CALIBRATION,2026-12-14T10:00:00+09:00,2026-12-14T10:15:00+09:00,COMPLETED
APP0193_FIRST_INTERVIEW_FIRST_INTERVIEW_SESSION,APP0193_FIRST_INTERVIEW,APP0193,C0193,FIRST_INTERVIEW_SESSION,2026-12-14T09:00:00+09:00,2026-12-14T10:00:00+09:00,COMPLETED
APP0193_FIRST_INTERVIEW_TECHNICAL_ASSESSMENT,APP0193_FIRST_INTERVIEW,APP0193,C0193,TECHNICAL_ASSESSMENT,2026-12-14T10:00:00+09:00,2026-12-14T10:00:00+09:00,COMPLETED
APP0193_FIRST_INTERVIEW_AI_CASE,APP0193_FIRST_INTERVIEW,APP0193,C0193,AI_CASE,2026-12-14T10:00:00+09:00,2026-12-14T10:00:00+09:00,COMPLETED
APP0193_FIRST_INTERVIEW_PRACTITIONER_QA,APP0193_FIRST_INTERVIEW,APP0193,C0193,PRACTITIONER_QA,2026-12-14T10:00:00+09:00,2026-12-14T10:00:00+09:00,COMPLETED
APP0193_FIRST_INTERVIEW_CALIBRATION,APP0193_FIRST_INTERVIEW,APP0193,C0193,CALIBRATION,2026-12-14T10:00:00+09:00,2026-12-14T10:15:00+09:00,COMPLETED
APP0223_FIRST_INTERVIEW_FIRST_INTERVIEW_SESSION,APP0223_FIRST_INTERVIEW,APP0223,C0223,FIRST_INTERVIEW_SESSION,2026-12-14T09:00:00+09:00,2026-12-14T10:00:00+09:00,COMPLETED
APP0223_FIRST_INTERVIEW_TECHNICAL_ASSESSMENT,APP0223_FIRST_INTERVIEW,APP0223,C0223,TECHNICAL_ASSESSMENT,2026-12-14T10:00:00+09:00,2026-12-14T10:00:00+09:00,COMPLETED
APP0223_FIRST_INTERVIEW_AI_CASE,APP0223_FIRST_INTERVIEW,APP0223,C0223,AI_CASE,2026-12-14T10:00:00+09:00,2026-12-14T10:00:00+09:00,COMPLETED
APP0223_FIRST_INTERVIEW_PRACTITIONER_QA,APP0223_FIRST_INTERVIEW,APP0223,C0223,PRACTITIONER_QA,2026-12-14T10:00:00+09:00,2026-12-14T10:00:00+09:00,COMPLETED
APP0223_FIRST_INTERVIEW_CALIBRATION,APP0223_FIRST_INTERVIEW,APP0223,C0223,CALIBRATION,2026-12-14T10:00:00+09:00,2026-12-14T10:15:00+09:00,COMPLETED
APP0228_FIRST_INTERVIEW_FIRST_INTERVIEW_SESSION,APP0228_FIRST_INTERVIEW,APP0228,C0228,FIRST_INTERVIEW_SESSION,2026-12-14T09:00:00+09:00,2026-12-14T10:00:00+09:00,COMPLETED
APP0228_FIRST_INTERVIEW_TECHNICAL_ASSESSMENT,APP0228_FIRST_INTERVIEW,APP0228,C0228,TECHNICAL_ASSESSMENT,2026-12-14T10:00:00+09:00,2026-12-14T10:00:00+09:00,COMPLETED
APP0228_FIRST_INTERVIEW_AI_CASE,APP0228_FIRST_INTERVIEW,APP0228,C0228,AI_CASE,2026-12-14T10:00:00+09:00,2026-12-14T10:00:00+09:00,COMPLETED
APP0228_FIRST_INTERVIEW_PRACTITIONER_QA,APP0228_FIRST_INTERVIEW,APP0228,C0228,PRACTITIONER_QA,2026-12-14T10:00:00+09:00,2026-12-14T10:00:00+09:00,COMPLETED
APP0228_FIRST_INTERVIEW_CALIBRATION,APP0228_FIRST_INTERVIEW,APP0228,C0228,CALIBRATION,2026-12-14T10:00:00+09:00,2026-12-14T10:15:00+09:00,COMPLETED
APP0237_FIRST_INTERVIEW_FIRST_INTERVIEW_SESSION,APP0237_FIRST_INTERVIEW,APP0237,C0237,FIRST_INTERVIEW_SESSION,2026-12-17T09:00:00+09:00,2026-12-17T10:00:00+09:00,COMPLETED
APP0237_FIRST_INTERVIEW_TECHNICAL_ASSESSMENT,APP0237_FIRST_INTERVIEW,APP0237,C0237,TECHNICAL_ASSESSMENT,2026-12-17T10:00:00+09:00,2026-12-17T10:00:00+09:00,COMPLETED
APP0237_FIRST_INTERVIEW_AI_CASE,APP0237_FIRST_INTERVIEW,APP0237,C0237,AI_CASE,2026-12-17T10:00:00+09:00,2026-12-17T10:00:00+09:00,COMPLETED
APP0237_FIRST_INTERVIEW_PRACTITIONER_QA,APP0237_FIRST_INTERVIEW,APP0237,C0237,PRACTITIONER_QA,2026-12-17T10:00:00+09:00,2026-12-17T10:00:00+09:00,COMPLETED
APP0238_FIRST_INTERVIEW_FIRST_INTERVIEW_SESSION,APP0238_FIRST_INTERVIEW,APP0238,C0238,FIRST_INTERVIEW_SESSION,2026-12-17T09:00:00+09:00,2026-12-17T10:00:00+09:00,COMPLETED
APP0238_FIRST_INTERVIEW_TECHNICAL_ASSESSMENT,APP0238_FIRST_INTERVIEW,APP0238,C0238,TECHNICAL_ASSESSMENT,2026-12-17T10:00:00+09:00,2026-12-17T10:00:00+09:00,COMPLETED
APP0238_FIRST_INTERVIEW_AI_CASE,APP0238_FIRST_INTERVIEW,APP0238,C0238,AI_CASE,2026-12-17T10:00:00+09:00,2026-12-17T10:00:00+09:00,COMPLETED
APP0238_FIRST_INTERVIEW_PRACTITIONER_QA,APP0238_FIRST_INTERVIEW,APP0238,C0238,PRACTITIONER_QA,2026-12-17T10:00:00+09:00,2026-12-17T10:00:00+09:00,COMPLETED
APP0238_FIRST_INTERVIEW_CALIBRATION,APP0238_FIRST_INTERVIEW,APP0238,C0238,CALIBRATION,2026-12-17T10:00:00+09:00,2026-12-17T10:15:00+09:00,COMPLETED
APP0268_FIRST_INTERVIEW_FIRST_INTERVIEW_SESSION,APP0268_FIRST_INTERVIEW,APP0268,C0268,FIRST_INTERVIEW_SESSION,2026-12-17T09:00:00+09:00,2026-12-17T10:00:00+09:00,COMPLETED
APP0268_FIRST_INTERVIEW_TECHNICAL_ASSESSMENT,APP0268_FIRST_INTERVIEW,APP0268,C0268,TECHNICAL_ASSESSMENT,2026-12-17T10:00:00+09:00,2026-12-17T10:00:00+09:00,COMPLETED
APP0268_FIRST_INTERVIEW_AI_CASE,APP0268_FIRST_INTERVIEW,APP0268,C0268,AI_CASE,2026-12-17T10:00:00+09:00,2026-12-17T10:00:00+09:00,COMPLETED
APP0268_FIRST_INTERVIEW_PRACTITIONER_QA,APP0268_FIRST_INTERVIEW,APP0268,C0268,PRACTITIONER_QA,2026-12-17T10:00:00+09:00,2026-12-17T10:00:00+09:00,COMPLETED
APP0268_FIRST_INTERVIEW_CALIBRATION,APP0268_FIRST_INTERVIEW,APP0268,C0268,CALIBRATION,2026-12-17T10:00:00+09:00,2026-12-17T10:15:00+09:00,COMPLETED
APP0270_FIRST_INTERVIEW_FIRST_INTERVIEW_SESSION,APP0270_FIRST_INTERVIEW,APP0270,C0270,FIRST_INTERVIEW_SESSION,2026-12-17T09:00:00+09:00,2026-12-17T10:00:00+09:00,COMPLETED
APP0270_FIRST_INTERVIEW_TECHNICAL_ASSESSMENT,APP0270_FIRST_INTERVIEW,APP0270,C0270,TECHNICAL_ASSESSMENT,2026-12-17T10:00:00+09:00,2026-12-17T10:00:00+09:00,COMPLETED
APP0270_FIRST_INTERVIEW_AI_CASE,APP0270_FIRST_INTERVIEW,APP0270,C0270,AI_CASE,2026-12-17T10:00:00+09:00,2026-12-17T10:00:00+09:00,COMPLETED
APP0270_FIRST_INTERVIEW_PRACTITIONER_QA,APP0270_FIRST_INTERVIEW,APP0270,C0270,PRACTITIONER_QA,2026-12-17T10:00:00+09:00,2026-12-17T10:00:00+09:00,COMPLETED
APP0285_FIRST_INTERVIEW_FIRST_INTERVIEW_SESSION,APP0285_FIRST_INTERVIEW,APP0285,C0285,FIRST_INTERVIEW_SESSION,2026-12-17T09:00:00+09:00,2026-12-17T10:00:00+09:00,COMPLETED
APP0285_FIRST_INTERVIEW_TECHNICAL_ASSESSMENT,APP0285_FIRST_INTERVIEW,APP0285,C0285,TECHNICAL_ASSESSMENT,2026-12-17T10:00:00+09:00,2026-12-17T10:00:00+09:00,COMPLETED
APP0285_FIRST_INTERVIEW_AI_CASE,APP0285_FIRST_INTERVIEW,APP0285,C0285,AI_CASE,2026-12-17T10:00:00+09:00,2026-12-17T10:00:00+09:00,COMPLETED
APP0285_FIRST_INTERVIEW_PRACTITIONER_QA,APP0285_FIRST_INTERVIEW,APP0285,C0285,PRACTITIONER_QA,2026-12-17T10:00:00+09:00,2026-12-17T10:00:00+09:00,COMPLETED
APP0297_FIRST_INTERVIEW_FIRST_INTERVIEW_SESSION,APP0297_FIRST_INTERVIEW,APP0297,C0297,FIRST_INTERVIEW_SESSION,2026-12-17T09:00:00+09:00,2026-12-17T10:00:00+09:00,COMPLETED
APP0297_FIRST_INTERVIEW_TECHNICAL_ASSESSMENT,APP0297_FIRST_INTERVIEW,APP0297,C0297,TECHNICAL_ASSESSMENT,2026-12-17T10:00:00+09:00,2026-12-17T10:00:00+09:00,COMPLETED
APP0297_FIRST_INTERVIEW_AI_CASE,APP0297_FIRST_INTERVIEW,APP0297,C0297,AI_CASE,2026-12-17T10:00:00+09:00,2026-12-17T10:00:00+09:00,COMPLETED
APP0297_FIRST_INTERVIEW_PRACTITIONER_QA,APP0297_FIRST_INTERVIEW,APP0297,C0297,PRACTITIONER_QA,2026-12-17T10:00:00+09:00,2026-12-17T10:00:00+09:00,COMPLETED
APP0297_FIRST_INTERVIEW_CALIBRATION,APP0297_FIRST_INTERVIEW,APP0297,C0297,CALIBRATION,2026-12-17T10:00:00+09:00,2026-12-17T10:15:00+09:00,COMPLETED
APP0309_FIRST_INTERVIEW_FIRST_INTERVIEW_SESSION,APP0309_FIRST_INTERVIEW,APP0309,C0309,FIRST_INTERVIEW_SESSION,2026-12-17T09:00:00+09:00,2026-12-17T10:00:00+09:00,COMPLETED
APP0309_FIRST_INTERVIEW_TECHNICAL_ASSESSMENT,APP0309_FIRST_INTERVIEW,APP0309,C0309,TECHNICAL_ASSESSMENT,2026-12-17T10:00:00+09:00,2026-12-17T10:00:00+09:00,COMPLETED
APP0309_FIRST_INTERVIEW_AI_CASE,APP0309_FIRST_INTERVIEW,APP0309,C0309,AI_CASE,2026-12-17T10:00:00+09:00,2026-12-17T10:00:00+09:00,COMPLETED
APP0309_FIRST_INTERVIEW_PRACTITIONER_QA,APP0309_FIRST_INTERVIEW,APP0309,C0309,PRACTITIONER_QA,2026-12-17T10:00:00+09:00,2026-12-17T10:00:00+09:00,COMPLETED
APP0309_FIRST_INTERVIEW_CALIBRATION,APP0309_FIRST_INTERVIEW,APP0309,C0309,CALIBRATION,2026-12-17T10:00:00+09:00,2026-12-17T10:15:00+09:00,COMPLETED
APP0325_FIRST_INTERVIEW_FIRST_INTERVIEW_SESSION,APP0325_FIRST_INTERVIEW,APP0325,C0325,FIRST_INTERVIEW_SESSION,2026-12-17T09:00:00+09:00,2026-12-17T10:00:00+09:00,COMPLETED
APP0325_FIRST_INTERVIEW_TECHNICAL_ASSESSMENT,APP0325_FIRST_INTERVIEW,APP0325,C0325,TECHNICAL_ASSESSMENT,2026-12-17T10:00:00+09:00,2026-12-17T10:00:00+09:00,COMPLETED
APP0325_FIRST_INTERVIEW_AI_CASE,APP0325_FIRST_INTERVIEW,APP0325,C0325,AI_CASE,2026-12-17T10:00:00+09:00,2026-12-17T10:00:00+09:00,COMPLETED
APP0325_FIRST_INTERVIEW_PRACTITIONER_QA,APP0325_FIRST_INTERVIEW,APP0325,C0325,PRACTITIONER_QA,2026-12-17T10:00:00+09:00,2026-12-17T10:00:00+09:00,COMPLETED
APP0325_FIRST_INTERVIEW_CALIBRATION,APP0325_FIRST_INTERVIEW,APP0325,C0325,CALIBRATION,2026-12-17T10:00:00+09:00,2026-12-17T10:15:00+09:00,COMPLETED
APP0342_FIRST_INTERVIEW_FIRST_INTERVIEW_SESSION,APP0342_FIRST_INTERVIEW,APP0342,C0342,FIRST_INTERVIEW_SESSION,2026-12-17T09:00:00+09:00,2026-12-17T10:00:00+09:00,COMPLETED
APP0342_FIRST_INTERVIEW_TECHNICAL_ASSESSMENT,APP0342_FIRST_INTERVIEW,APP0342,C0342,TECHNICAL_ASSESSMENT,2026-12-17T10:00:00+09:00,2026-12-17T10:00:00+09:00,COMPLETED
APP0342_FIRST_INTERVIEW_AI_CASE,APP0342_FIRST_INTERVIEW,APP0342,C0342,AI_CASE,2026-12-17T10:00:00+09:00,2026-12-17T10:00:00+09:00,COMPLETED
APP0342_FIRST_INTERVIEW_PRACTITIONER_QA,APP0342_FIRST_INTERVIEW,APP0342,C0342,PRACTITIONER_QA,2026-12-17T10:00:00+09:00,2026-12-17T10:00:00+09:00,COMPLETED
APP0082_SECOND_INTERVIEW_VALUES_BEHAVIOR_INTERVIEW,APP0082_SECOND_INTERVIEW,APP0082,C0082,VALUES_BEHAVIOR_INTERVIEW,2026-12-26T10:00:00+09:00,2026-12-26T10:30:00+09:00,COMPLETED
APP0005_SECOND_INTERVIEW_VALUES_BEHAVIOR_INTERVIEW,APP0005_SECOND_INTERVIEW,APP0005,C0005,VALUES_BEHAVIOR_INTERVIEW,2026-12-29T10:15:00+09:00,2026-12-29T10:45:00+09:00,COMPLETED
APP0181_SECOND_INTERVIEW_VALUES_BEHAVIOR_INTERVIEW,APP0181_SECOND_INTERVIEW,APP0181,C0181,VALUES_BEHAVIOR_INTERVIEW,2026-12-29T10:45:00+09:00,2026-12-29T11:15:00+09:00,COMPLETED
APP0342_SECOND_INTERVIEW_VALUES_BEHAVIOR_INTERVIEW,APP0342_SECOND_INTERVIEW,APP0342,C0342,VALUES_BEHAVIOR_INTERVIEW,2027-01-04T10:00:00+09:00,2027-01-04T10:30:00+09:00,COMPLETED
APP0228_SECOND_INTERVIEW_VALUES_BEHAVIOR_INTERVIEW,APP0228_SECOND_INTERVIEW,APP0228,C0228,VALUES_BEHAVIOR_INTERVIEW,2027-01-01T10:15:00+09:00,2027-01-01T10:45:00+09:00,COMPLETED
APP0285_SECOND_INTERVIEW_VALUES_BEHAVIOR_INTERVIEW,APP0285_SECOND_INTERVIEW,APP0285,C0285,VALUES_BEHAVIOR_INTERVIEW,2026-12-30T10:00:00+09:00,2026-12-30T10:30:00+09:00,COMPLETED
APP0285_SECOND_INTERVIEW_CALIBRATION,APP0285_SECOND_INTERVIEW,APP0285,C0285,CALIBRATION,2026-12-30T10:30:00+09:00,2026-12-30T10:45:00+09:00,COMPLETED
APP0297_SECOND_INTERVIEW_VALUES_BEHAVIOR_INTERVIEW,APP0297_SECOND_INTERVIEW,APP0297,C0297,VALUES_BEHAVIOR_INTERVIEW,2026-12-31T10:15:00+09:00,2026-12-31T10:45:00+09:00,COMPLETED
APP0238_SECOND_INTERVIEW_VALUES_BEHAVIOR_INTERVIEW,APP0238_SECOND_INTERVIEW,APP0238,C0238,VALUES_BEHAVIOR_INTERVIEW,2027-01-09T10:15:00+09:00,2027-01-09T10:45:00+09:00,COMPLETED
APP0285_FINAL_REVIEW_FINAL_REVIEW_DISCUSSION,APP0285_FINAL_REVIEW,APP0285,C0285,FINAL_REVIEW_DISCUSSION,2027-01-08T10:45:00+09:00,2027-01-08T11:10:00+09:00,COMPLETED
APP0285_FINAL_REVIEW_FOCUSED_FOLLOW_UP,APP0285_FINAL_REVIEW,APP0285,C0285,FOCUSED_FOLLOW_UP,2027-01-16T11:10:00+09:00,2027-01-16T11:50:00+09:00,COMPLETED
APP0005_FINAL_REVIEW_FINAL_REVIEW_DISCUSSION,APP0005_FINAL_REVIEW,APP0005,C0005,FINAL_REVIEW_DISCUSSION,2027-01-10T10:45:00+09:00,2027-01-10T11:15:00+09:00,COMPLETED
APP0005_FINAL_REVIEW_FOCUSED_FOLLOW_UP,APP0005_FINAL_REVIEW,APP0005,C0005,FOCUSED_FOLLOW_UP,2027-01-20T11:15:00+09:00,2027-01-20T12:05:00+09:00,COMPLETED
APP0297_FINAL_REVIEW_FINAL_REVIEW_DISCUSSION,APP0297_FINAL_REVIEW,APP0297,C0297,FINAL_REVIEW_DISCUSSION,2027-01-05T10:45:00+09:00,2027-01-05T11:05:00+09:00,COMPLETED
APP0297_FINAL_REVIEW_FOCUSED_FOLLOW_UP,APP0297_FINAL_REVIEW,APP0297,C0297,FOCUSED_FOLLOW_UP,2027-01-13T11:05:00+09:00,2027-01-13T11:45:00+09:00,COMPLETED
APP0181_FINAL_REVIEW_FINAL_REVIEW_DISCUSSION,APP0181_FINAL_REVIEW,APP0181,C0181,FINAL_REVIEW_DISCUSSION,2027-01-10T11:15:00+09:00,2027-01-10T11:35:00+09:00,COMPLETED
APP0228_FINAL_REVIEW_FINAL_REVIEW_DISCUSSION,APP0228_FINAL_REVIEW,APP0228,C0228,FINAL_REVIEW_DISCUSSION,2027-01-09T10:45:00+09:00,2027-01-09T11:10:00+09:00,COMPLETED
APP0228_FINAL_REVIEW_FOCUSED_FOLLOW_UP,APP0228_FINAL_REVIEW,APP0228,C0228,FOCUSED_FOLLOW_UP,2027-01-21T11:10:00+09:00,2027-01-21T11:40:00+09:00,COMPLETED
APP0228_FINAL_REVIEW_FOLLOW_UP_CALIBRATION,APP0228_FINAL_REVIEW,APP0228,C0228,FOLLOW_UP_CALIBRATION,2027-01-21T11:40:00+09:00,2027-01-21T11:55:00+09:00,COMPLETED
APP0082_FINAL_REVIEW_FINAL_REVIEW_DISCUSSION,APP0082_FINAL_REVIEW,APP0082,C0082,FINAL_REVIEW_DISCUSSION,2027-01-12T10:30:00+09:00,2027-01-12T10:55:00+09:00,COMPLETED
APP0342_FINAL_REVIEW_FINAL_REVIEW_DISCUSSION,APP0342_FINAL_REVIEW,APP0342,C0342,FINAL_REVIEW_DISCUSSION,2027-01-10T11:35:00+09:00,2027-01-10T11:55:00+09:00,COMPLETED
APP0238_FINAL_REVIEW_FINAL_REVIEW_DISCUSSION,APP0238_FINAL_REVIEW,APP0238,C0238,FINAL_REVIEW_DISCUSSION,2027-01-20T10:45:00+09:00,2027-01-20T11:10:00+09:00,COMPLETED
