review_id,stage_event_id,review_round,evaluated_at,observation_ids,trigger_codes,activity_id,rationale
APP0005_FIRST_INTERVIEW_CALIBRATION_REVIEW,APP0005_FIRST_INTERVIEW,INTERVIEW,2026-12-10T10:00:00+09:00,"[""OB_FIRST_PANEL_01_HIRING_MANAGER_EV_APP0005_FIRST_INTERVIEW_AI_CASE_M1_SKILL_01"",""OB_FIRST_PANEL_01_HIRING_MANAGER_EV_APP0005_FIRST_INTERVIEW_AI_CASE_M1_SKILL_03"",""OB_FIRST_PANEL_01_HIRING_MANAGER_EV_APP0005_FIRST_INTERVIEW_PRACTITIONER_QA_M1_SKILL_04"",""OB_FIRST_PANEL_01_HIRING_MANAGER_EV_APP0005_FIRST_INTERVIEW_PRACTITIONER_QA_M1_SKILL_05"",""OB_FIRST_PANEL_01_HIRING_MANAGER_EV_APP0005_FIRST_INTERVIEW_PRACTITIONER_QA_M1_SKILL_06"",""OB_FIRST_PANEL_01_HIRING_MANAGER_EV_APP0005_FIRST_INTERVIEW_PRACTITIONER_QA_M1_SKILL_08"",""OB_FIRST_PANEL_01_HIRING_MANAGER_EV_APP0005_FIRST_INTERVIEW_TECHNICAL_ASSESSMENT_M1_SKILL_01"",""OB_FIRST_PANEL_01_HIRING_MANAGER_EV_APP0005_FIRST_INTERVIEW_TECHNICAL_ASSESSMENT_M1_SKILL_02"",""OB_FIRST_PANEL_01_HIRING_MANAGER_EV_APP0005_FIRST_INTERVIEW_TECHNICAL_ASSESSMENT_M1_SKILL_07"",""OB_FIRST_PANEL_01_ML_ENGINEER_EV_APP0005_FIRST_INTERVIEW_AI_CASE_M1_SKILL_01"",""OB_FIRST_PANEL_01_ML_ENGINEER_EV_APP0005_FIRST_INTERVIEW_AI_CASE_M1_SKILL_03"",""OB_FIRST_PANEL_01_ML_ENGINEER_EV_APP0005_FIRST_INTERVIEW_PRACTITIONER_QA_M1_SKILL_04"",""OB_FIRST_PANEL_01_ML_ENGINEER_EV_APP0005_FIRST_INTERVIEW_PRACTITIONER_QA_M1_SKILL_05"",""OB_FIRST_PANEL_01_ML_ENGINEER_EV_APP0005_FIRST_INTERVIEW_PRACTITIONER_QA_M1_SKILL_06"",""OB_FIRST_PANEL_01_ML_ENGINEER_EV_APP0005_FIRST_INTERVIEW_PRACTITIONER_QA_M1_SKILL_08"",""OB_FIRST_PANEL_01_ML_ENGINEER_EV_APP0005_FIRST_INTERVIEW_TECHNICAL_ASSESSMENT_M1_SKILL_01"",""OB_FIRST_PANEL_01_ML_ENGINEER_EV_APP0005_FIRST_INTERVIEW_TECHNICAL_ASSESSMENT_M1_SKILL_02"",""OB_FIRST_PANEL_01_ML_ENGINEER_EV_APP0005_FIRST_INTERVIEW_TECHNICAL_ASSESSMENT_M1_SKILL_07"",""OB_FIRST_PANEL_01_TECHNICAL_REVIEWER_EV_APP0005_FIRST_INTERVIEW_AI_CASE_M1_SKILL_01"",""OB_FIRST_PANEL_01_TECHNICAL_REVIEWER_EV_APP0005_FIRST_INTERVIEW_AI_CASE_M1_SKILL_03"",""OB_FIRST_PANEL_01_TECHNICAL_REVIEWER_EV_APP0005_FIRST_INTERVIEW_PRACTITIONER_QA_M1_SKILL_04"",""OB_FIRST_PANEL_01_TECHNICAL_REVIEWER_EV_APP0005_FIRST_INTERVIEW_PRACTITIONER_QA_M1_SKILL_05"",""OB_FIRST_PANEL_01_TECHNICAL_REVIEWER_EV_APP0005_FIRST_INTERVIEW_PRACTITIONER_QA_M1_SKILL_06"",""OB_FIRST_PANEL_01_TECHNICAL_REVIEWER_EV_APP0005_FIRST_INTERVIEW_PRACTITIONER_QA_M1_SKILL_08"",""OB_FIRST_PANEL_01_TECHNICAL_REVIEWER_EV_APP0005_FIRST_INTERVIEW_TECHNICAL_ASSESSMENT_M1_SKILL_01"",""OB_FIRST_PANEL_01_TECHNICAL_REVIEWER_EV_APP0005_FIRST_INTERVIEW_TECHNICAL_ASSESSMENT_M1_SKILL_02"",""OB_FIRST_PANEL_01_TECHNICAL_REVIEWER_EV_APP0005_FIRST_INTERVIEW_TECHNICAL_ASSESSMENT_M1_SKILL_07""]","[""EVALUATOR_DISAGREEMENT""]",APP0005_FIRST_INTERVIEW_CALIBRATION,직접 Observation의 평가자/Rubric 차이와 동일 맥락 충돌 검토. 합의된 LIMITED/NOT_OBSERVED만으로 회의를 만들지 않으며 품질 신호로 쓰지 않는다.
APP0031_FIRST_INTERVIEW_CALIBRATION_REVIEW,APP0031_FIRST_INTERVIEW,INTERVIEW,2026-12-10T10:00:00+09:00,"[""OB_FIRST_PANEL_02_HIRING_MANAGER_EV_APP0031_FIRST_INTERVIEW_AI_CASE_M1_SKILL_01"",""OB_FIRST_PANEL_02_HIRING_MANAGER_EV_APP0031_FIRST_INTERVIEW_AI_CASE_M1_SKILL_03"",""OB_FIRST_PANEL_02_HIRING_MANAGER_EV_APP0031_FIRST_INTERVIEW_PRACTITIONER_QA_M1_SKILL_04"",""OB_FIRST_PANEL_02_HIRING_MANAGER_EV_APP0031_FIRST_INTERVIEW_PRACTITIONER_QA_M1_SKILL_05"",""OB_FIRST_PANEL_02_HIRING_MANAGER_EV_APP0031_FIRST_INTERVIEW_PRACTITIONER_QA_M1_SKILL_06"",""OB_FIRST_PANEL_02_HIRING_MANAGER_EV_APP0031_FIRST_INTERVIEW_PRACTITIONER_QA_M1_SKILL_08"",""OB_FIRST_PANEL_02_HIRING_MANAGER_EV_APP0031_FIRST_INTERVIEW_TECHNICAL_ASSESSMENT_M1_SKILL_01"",""OB_FIRST_PANEL_02_HIRING_MANAGER_EV_APP0031_FIRST_INTERVIEW_TECHNICAL_ASSESSMENT_M1_SKILL_02"",""OB_FIRST_PANEL_02_HIRING_MANAGER_EV_APP0031_FIRST_INTERVIEW_TECHNICAL_ASSESSMENT_M1_SKILL_07"",""OB_FIRST_PANEL_02_ML_ENGINEER_EV_APP0031_FIRST_INTERVIEW_AI_CASE_M1_SKILL_01"",""OB_FIRST_PANEL_02_ML_ENGINEER_EV_APP0031_FIRST_INTERVIEW_AI_CASE_M1_SKILL_03"",""OB_FIRST_PANEL_02_ML_ENGINEER_EV_APP0031_FIRST_INTERVIEW_PRACTITIONER_QA_M1_SKILL_04"",""OB_FIRST_PANEL_02_ML_ENGINEER_EV_APP0031_FIRST_INTERVIEW_PRACTITIONER_QA_M1_SKILL_05"",""OB_FIRST_PANEL_02_ML_ENGINEER_EV_APP0031_FIRST_INTERVIEW_PRACTITIONER_QA_M1_SKILL_06"",""OB_FIRST_PANEL_02_ML_ENGINEER_EV_APP0031_FIRST_INTERVIEW_PRACTITIONER_QA_M1_SKILL_08"",""OB_FIRST_PANEL_02_ML_ENGINEER_EV_APP0031_FIRST_INTERVIEW_TECHNICAL_ASSESSMENT_M1_SKILL_01"",""OB_FIRST_PANEL_02_ML_ENGINEER_EV_APP0031_FIRST_INTERVIEW_TECHNICAL_ASSESSMENT_M1_SKILL_02"",""OB_FIRST_PANEL_02_ML_ENGINEER_EV_APP0031_FIRST_INTERVIEW_TECHNICAL_ASSESSMENT_M1_SKILL_07"",""OB_FIRST_PANEL_02_TECHNICAL_REVIEWER_EV_APP0031_FIRST_INTERVIEW_AI_CASE_M1_SKILL_01"",""OB_FIRST_PANEL_02_TECHNICAL_REVIEWER_EV_APP0031_FIRST_INTERVIEW_AI_CASE_M1_SKILL_03"",""OB_FIRST_PANEL_02_TECHNICAL_REVIEWER_EV_APP0031_FIRST_INTERVIEW_PRACTITIONER_QA_M1_SKILL_04"",""OB_FIRST_PANEL_02_TECHNICAL_REVIEWER_EV_APP0031_FIRST_INTERVIEW_PRACTITIONER_QA_M1_SKILL_05"",""OB_FIRST_PANEL_02_TECHNICAL_REVIEWER_EV_APP0031_FIRST_INTERVIEW_PRACTITIONER_QA_M1_SKILL_06"",""OB_FIRST_PANEL_02_TECHNICAL_REVIEWER_EV_APP0031_FIRST_INTERVIEW_PRACTITIONER_QA_M1_SKILL_08"",""OB_FIRST_PANEL_02_TECHNICAL_REVIEWER_EV_APP0031_FIRST_INTERVIEW_TECHNICAL_ASSESSMENT_M1_SKILL_01"",""OB_FIRST_PANEL_02_TECHNICAL_REVIEWER_EV_APP0031_FIRST_INTERVIEW_TECHNICAL_ASSESSMENT_M1_SKILL_02"",""OB_FIRST_PANEL_02_TECHNICAL_REVIEWER_EV_APP0031_FIRST_INTERVIEW_TECHNICAL_ASSESSMENT_M1_SKILL_07""]","[""EVALUATOR_DISAGREEMENT""]",APP0031_FIRST_INTERVIEW_CALIBRATION,직접 Observation의 평가자/Rubric 차이와 동일 맥락 충돌 검토. 합의된 LIMITED/NOT_OBSERVED만으로 회의를 만들지 않으며 품질 신호로 쓰지 않는다.
APP0039_FIRST_INTERVIEW_CALIBRATION_REVIEW,APP0039_FIRST_INTERVIEW,INTERVIEW,2026-12-10T10:00:00+09:00,"[""OB_FIRST_PANEL_03_HIRING_MANAGER_EV_APP0039_FIRST_INTERVIEW_AI_CASE_M1_SKILL_01"",""OB_FIRST_PANEL_03_HIRING_MANAGER_EV_APP0039_FIRST_INTERVIEW_AI_CASE_M1_SKILL_03"",""OB_FIRST_PANEL_03_HIRING_MANAGER_EV_APP0039_FIRST_INTERVIEW_PRACTITIONER_QA_M1_SKILL_04"",""OB_FIRST_PANEL_03_HIRING_MANAGER_EV_APP0039_FIRST_INTERVIEW_PRACTITIONER_QA_M1_SKILL_05"",""OB_FIRST_PANEL_03_HIRING_MANAGER_EV_APP0039_FIRST_INTERVIEW_PRACTITIONER_QA_M1_SKILL_06"",""OB_FIRST_PANEL_03_HIRING_MANAGER_EV_APP0039_FIRST_INTERVIEW_PRACTITIONER_QA_M1_SKILL_08"",""OB_FIRST_PANEL_03_HIRING_MANAGER_EV_APP0039_FIRST_INTERVIEW_TECHNICAL_ASSESSMENT_M1_SKILL_01"",""OB_FIRST_PANEL_03_HIRING_MANAGER_EV_APP0039_FIRST_INTERVIEW_TECHNICAL_ASSESSMENT_M1_SKILL_02"",""OB_FIRST_PANEL_03_HIRING_MANAGER_EV_APP0039_FIRST_INTERVIEW_TECHNICAL_ASSESSMENT_M1_SKILL_07"",""OB_FIRST_PANEL_03_ML_ENGINEER_EV_APP0039_FIRST_INTERVIEW_AI_CASE_M1_SKILL_01"",""OB_FIRST_PANEL_03_ML_ENGINEER_EV_APP0039_FIRST_INTERVIEW_AI_CASE_M1_SKILL_03"",""OB_FIRST_PANEL_03_ML_ENGINEER_EV_APP0039_FIRST_INTERVIEW_PRACTITIONER_QA_M1_SKILL_04"",""OB_FIRST_PANEL_03_ML_ENGINEER_EV_APP0039_FIRST_INTERVIEW_PRACTITIONER_QA_M1_SKILL_05"",""OB_FIRST_PANEL_03_ML_ENGINEER_EV_APP0039_FIRST_INTERVIEW_PRACTITIONER_QA_M1_SKILL_06"",""OB_FIRST_PANEL_03_ML_ENGINEER_EV_APP0039_FIRST_INTERVIEW_PRACTITIONER_QA_M1_SKILL_08"",""OB_FIRST_PANEL_03_ML_ENGINEER_EV_APP0039_FIRST_INTERVIEW_TECHNICAL_ASSESSMENT_M1_SKILL_01"",""OB_FIRST_PANEL_03_ML_ENGINEER_EV_APP0039_FIRST_INTERVIEW_TECHNICAL_ASSESSMENT_M1_SKILL_02"",""OB_FIRST_PANEL_03_ML_ENGINEER_EV_APP0039_FIRST_INTERVIEW_TECHNICAL_ASSESSMENT_M1_SKILL_07"",""OB_FIRST_PANEL_03_TECHNICAL_REVIEWER_EV_APP0039_FIRST_INTERVIEW_AI_CASE_M1_SKILL_01"",""OB_FIRST_PANEL_03_TECHNICAL_REVIEWER_EV_APP0039_FIRST_INTERVIEW_AI_CASE_M1_SKILL_03"",""OB_FIRST_PANEL_03_TECHNICAL_REVIEWER_EV_APP0039_FIRST_INTERVIEW_PRACTITIONER_QA_M1_SKILL_04"",""OB_FIRST_PANEL_03_TECHNICAL_REVIEWER_EV_APP0039_FIRST_INTERVIEW_PRACTITIONER_QA_M1_SKILL_05"",""OB_FIRST_PANEL_03_TECHNICAL_REVIEWER_EV_APP0039_FIRST_INTERVIEW_PRACTITIONER_QA_M1_SKILL_06"",""OB_FIRST_PANEL_03_TECHNICAL_REVIEWER_EV_APP0039_FIRST_INTERVIEW_PRACTITIONER_QA_M1_SKILL_08"",""OB_FIRST_PANEL_03_TECHNICAL_REVIEWER_EV_APP0039_FIRST_INTERVIEW_TECHNICAL_ASSESSMENT_M1_SKILL_01"",""OB_FIRST_PANEL_03_TECHNICAL_REVIEWER_EV_APP0039_FIRST_INTERVIEW_TECHNICAL_ASSESSMENT_M1_SKILL_02"",""OB_FIRST_PANEL_03_TECHNICAL_REVIEWER_EV_APP0039_FIRST_INTERVIEW_TECHNICAL_ASSESSMENT_M1_SKILL_07""]",[],,직접 Observation의 평가자/Rubric 차이와 동일 맥락 충돌 검토. 합의된 LIMITED/NOT_OBSERVED만으로 회의를 만들지 않으며 품질 신호로 쓰지 않는다.
APP0056_FIRST_INTERVIEW_CALIBRATION_REVIEW,APP0056_FIRST_INTERVIEW,INTERVIEW,2026-12-10T10:00:00+09:00,"[""OB_FIRST_PANEL_04_HIRING_MANAGER_EV_APP0056_FIRST_INTERVIEW_AI_CASE_M1_SKILL_01"",""OB_FIRST_PANEL_04_HIRING_MANAGER_EV_APP0056_FIRST_INTERVIEW_AI_CASE_M1_SKILL_03"",""OB_FIRST_PANEL_04_HIRING_MANAGER_EV_APP0056_FIRST_INTERVIEW_PRACTITIONER_QA_M1_SKILL_04"",""OB_FIRST_PANEL_04_HIRING_MANAGER_EV_APP0056_FIRST_INTERVIEW_PRACTITIONER_QA_M1_SKILL_05"",""OB_FIRST_PANEL_04_HIRING_MANAGER_EV_APP0056_FIRST_INTERVIEW_PRACTITIONER_QA_M1_SKILL_06"",""OB_FIRST_PANEL_04_HIRING_MANAGER_EV_APP0056_FIRST_INTERVIEW_PRACTITIONER_QA_M1_SKILL_08"",""OB_FIRST_PANEL_04_HIRING_MANAGER_EV_APP0056_FIRST_INTERVIEW_TECHNICAL_ASSESSMENT_M1_SKILL_01"",""OB_FIRST_PANEL_04_HIRING_MANAGER_EV_APP0056_FIRST_INTERVIEW_TECHNICAL_ASSESSMENT_M1_SKILL_02"",""OB_FIRST_PANEL_04_HIRING_MANAGER_EV_APP0056_FIRST_INTERVIEW_TECHNICAL_ASSESSMENT_M1_SKILL_07"",""OB_FIRST_PANEL_04_ML_ENGINEER_EV_APP0056_FIRST_INTERVIEW_AI_CASE_M1_SKILL_01"",""OB_FIRST_PANEL_04_ML_ENGINEER_EV_APP0056_FIRST_INTERVIEW_AI_CASE_M1_SKILL_03"",""OB_FIRST_PANEL_04_ML_ENGINEER_EV_APP0056_FIRST_INTERVIEW_PRACTITIONER_QA_M1_SKILL_04"",""OB_FIRST_PANEL_04_ML_ENGINEER_EV_APP0056_FIRST_INTERVIEW_PRACTITIONER_QA_M1_SKILL_05"",""OB_FIRST_PANEL_04_ML_ENGINEER_EV_APP0056_FIRST_INTERVIEW_PRACTITIONER_QA_M1_SKILL_06"",""OB_FIRST_PANEL_04_ML_ENGINEER_EV_APP0056_FIRST_INTERVIEW_PRACTITIONER_QA_M1_SKILL_08"",""OB_FIRST_PANEL_04_ML_ENGINEER_EV_APP0056_FIRST_INTERVIEW_TECHNICAL_ASSESSMENT_M1_SKILL_01"",""OB_FIRST_PANEL_04_ML_ENGINEER_EV_APP0056_FIRST_INTERVIEW_TECHNICAL_ASSESSMENT_M1_SKILL_02"",""OB_FIRST_PANEL_04_ML_ENGINEER_EV_APP0056_FIRST_INTERVIEW_TECHNICAL_ASSESSMENT_M1_SKILL_07"",""OB_FIRST_PANEL_04_TECHNICAL_REVIEWER_EV_APP0056_FIRST_INTERVIEW_AI_CASE_M1_SKILL_01"",""OB_FIRST_PANEL_04_TECHNICAL_REVIEWER_EV_APP0056_FIRST_INTERVIEW_AI_CASE_M1_SKILL_03"",""OB_FIRST_PANEL_04_TECHNICAL_REVIEWER_EV_APP0056_FIRST_INTERVIEW_PRACTITIONER_QA_M1_SKILL_04"",""OB_FIRST_PANEL_04_TECHNICAL_REVIEWER_EV_APP0056_FIRST_INTERVIEW_PRACTITIONER_QA_M1_SKILL_05"",""OB_FIRST_PANEL_04_TECHNICAL_REVIEWER_EV_APP0056_FIRST_INTERVIEW_PRACTITIONER_QA_M1_SKILL_06"",""OB_FIRST_PANEL_04_TECHNICAL_REVIEWER_EV_APP0056_FIRST_INTERVIEW_PRACTITIONER_QA_M1_SKILL_08"",""OB_FIRST_PANEL_04_TECHNICAL_REVIEWER_EV_APP0056_FIRST_INTERVIEW_TECHNICAL_ASSESSMENT_M1_SKILL_01"",""OB_FIRST_PANEL_04_TECHNICAL_REVIEWER_EV_APP0056_FIRST_INTERVIEW_TECHNICAL_ASSESSMENT_M1_SKILL_02"",""OB_FIRST_PANEL_04_TECHNICAL_REVIEWER_EV_APP0056_FIRST_INTERVIEW_TECHNICAL_ASSESSMENT_M1_SKILL_07""]","[""EVALUATOR_DISAGREEMENT""]",APP0056_FIRST_INTERVIEW_CALIBRATION,직접 Observation의 평가자/Rubric 차이와 동일 맥락 충돌 검토. 합의된 LIMITED/NOT_OBSERVED만으로 회의를 만들지 않으며 품질 신호로 쓰지 않는다.
APP0061_FIRST_INTERVIEW_CALIBRATION_REVIEW,APP0061_FIRST_INTERVIEW,INTERVIEW,2026-12-10T10:00:00+09:00,"[""OB_FIRST_PANEL_05_HIRING_MANAGER_EV_APP0061_FIRST_INTERVIEW_AI_CASE_M1_SKILL_01"",""OB_FIRST_PANEL_05_HIRING_MANAGER_EV_APP0061_FIRST_INTERVIEW_AI_CASE_M1_SKILL_03"",""OB_FIRST_PANEL_05_HIRING_MANAGER_EV_APP0061_FIRST_INTERVIEW_PRACTITIONER_QA_M1_SKILL_04"",""OB_FIRST_PANEL_05_HIRING_MANAGER_EV_APP0061_FIRST_INTERVIEW_PRACTITIONER_QA_M1_SKILL_05"",""OB_FIRST_PANEL_05_HIRING_MANAGER_EV_APP0061_FIRST_INTERVIEW_PRACTITIONER_QA_M1_SKILL_06"",""OB_FIRST_PANEL_05_HIRING_MANAGER_EV_APP0061_FIRST_INTERVIEW_PRACTITIONER_QA_M1_SKILL_08"",""OB_FIRST_PANEL_05_HIRING_MANAGER_EV_APP0061_FIRST_INTERVIEW_TECHNICAL_ASSESSMENT_M1_SKILL_01"",""OB_FIRST_PANEL_05_HIRING_MANAGER_EV_APP0061_FIRST_INTERVIEW_TECHNICAL_ASSESSMENT_M1_SKILL_02"",""OB_FIRST_PANEL_05_HIRING_MANAGER_EV_APP0061_FIRST_INTERVIEW_TECHNICAL_ASSESSMENT_M1_SKILL_07"",""OB_FIRST_PANEL_05_ML_ENGINEER_EV_APP0061_FIRST_INTERVIEW_AI_CASE_M1_SKILL_01"",""OB_FIRST_PANEL_05_ML_ENGINEER_EV_APP0061_FIRST_INTERVIEW_AI_CASE_M1_SKILL_03"",""OB_FIRST_PANEL_05_ML_ENGINEER_EV_APP0061_FIRST_INTERVIEW_PRACTITIONER_QA_M1_SKILL_04"",""OB_FIRST_PANEL_05_ML_ENGINEER_EV_APP0061_FIRST_INTERVIEW_PRACTITIONER_QA_M1_SKILL_05"",""OB_FIRST_PANEL_05_ML_ENGINEER_EV_APP0061_FIRST_INTERVIEW_PRACTITIONER_QA_M1_SKILL_06"",""OB_FIRST_PANEL_05_ML_ENGINEER_EV_APP0061_FIRST_INTERVIEW_PRACTITIONER_QA_M1_SKILL_08"",""OB_FIRST_PANEL_05_ML_ENGINEER_EV_APP0061_FIRST_INTERVIEW_TECHNICAL_ASSESSMENT_M1_SKILL_01"",""OB_FIRST_PANEL_05_ML_ENGINEER_EV_APP0061_FIRST_INTERVIEW_TECHNICAL_ASSESSMENT_M1_SKILL_02"",""OB_FIRST_PANEL_05_ML_ENGINEER_EV_APP0061_FIRST_INTERVIEW_TECHNICAL_ASSESSMENT_M1_SKILL_07"",""OB_FIRST_PANEL_05_TECHNICAL_REVIEWER_EV_APP0061_FIRST_INTERVIEW_AI_CASE_M1_SKILL_01"",""OB_FIRST_PANEL_05_TECHNICAL_REVIEWER_EV_APP0061_FIRST_INTERVIEW_AI_CASE_M1_SKILL_03"",""OB_FIRST_PANEL_05_TECHNICAL_REVIEWER_EV_APP0061_FIRST_INTERVIEW_PRACTITIONER_QA_M1_SKILL_04"",""OB_FIRST_PANEL_05_TECHNICAL_REVIEWER_EV_APP0061_FIRST_INTERVIEW_PRACTITIONER_QA_M1_SKILL_05"",""OB_FIRST_PANEL_05_TECHNICAL_REVIEWER_EV_APP0061_FIRST_INTERVIEW_PRACTITIONER_QA_M1_SKILL_06"",""OB_FIRST_PANEL_05_TECHNICAL_REVIEWER_EV_APP0061_FIRST_INTERVIEW_PRACTITIONER_QA_M1_SKILL_08"",""OB_FIRST_PANEL_05_TECHNICAL_REVIEWER_EV_APP0061_FIRST_INTERVIEW_TECHNICAL_ASSESSMENT_M1_SKILL_01"",""OB_FIRST_PANEL_05_TECHNICAL_REVIEWER_EV_APP0061_FIRST_INTERVIEW_TECHNICAL_ASSESSMENT_M1_SKILL_02"",""OB_FIRST_PANEL_05_TECHNICAL_REVIEWER_EV_APP0061_FIRST_INTERVIEW_TECHNICAL_ASSESSMENT_M1_SKILL_07""]","[""EVALUATOR_DISAGREEMENT""]",APP0061_FIRST_INTERVIEW_CALIBRATION,직접 Observation의 평가자/Rubric 차이와 동일 맥락 충돌 검토. 합의된 LIMITED/NOT_OBSERVED만으로 회의를 만들지 않으며 품질 신호로 쓰지 않는다.
APP0064_FIRST_INTERVIEW_CALIBRATION_REVIEW,APP0064_FIRST_INTERVIEW,INTERVIEW,2026-12-10T10:00:00+09:00,"[""OB_FIRST_PANEL_06_HIRING_MANAGER_EV_APP0064_FIRST_INTERVIEW_AI_CASE_M1_SKILL_01"",""OB_FIRST_PANEL_06_HIRING_MANAGER_EV_APP0064_FIRST_INTERVIEW_AI_CASE_M1_SKILL_03"",""OB_FIRST_PANEL_06_HIRING_MANAGER_EV_APP0064_FIRST_INTERVIEW_PRACTITIONER_QA_M1_SKILL_04"",""OB_FIRST_PANEL_06_HIRING_MANAGER_EV_APP0064_FIRST_INTERVIEW_PRACTITIONER_QA_M1_SKILL_05"",""OB_FIRST_PANEL_06_HIRING_MANAGER_EV_APP0064_FIRST_INTERVIEW_PRACTITIONER_QA_M1_SKILL_06"",""OB_FIRST_PANEL_06_HIRING_MANAGER_EV_APP0064_FIRST_INTERVIEW_PRACTITIONER_QA_M1_SKILL_08"",""OB_FIRST_PANEL_06_HIRING_MANAGER_EV_APP0064_FIRST_INTERVIEW_TECHNICAL_ASSESSMENT_M1_SKILL_01"",""OB_FIRST_PANEL_06_HIRING_MANAGER_EV_APP0064_FIRST_INTERVIEW_TECHNICAL_ASSESSMENT_M1_SKILL_02"",""OB_FIRST_PANEL_06_HIRING_MANAGER_EV_APP0064_FIRST_INTERVIEW_TECHNICAL_ASSESSMENT_M1_SKILL_07"",""OB_FIRST_PANEL_06_ML_ENGINEER_EV_APP0064_FIRST_INTERVIEW_AI_CASE_M1_SKILL_01"",""OB_FIRST_PANEL_06_ML_ENGINEER_EV_APP0064_FIRST_INTERVIEW_AI_CASE_M1_SKILL_03"",""OB_FIRST_PANEL_06_ML_ENGINEER_EV_APP0064_FIRST_INTERVIEW_PRACTITIONER_QA_M1_SKILL_04"",""OB_FIRST_PANEL_06_ML_ENGINEER_EV_APP0064_FIRST_INTERVIEW_PRACTITIONER_QA_M1_SKILL_05"",""OB_FIRST_PANEL_06_ML_ENGINEER_EV_APP0064_FIRST_INTERVIEW_PRACTITIONER_QA_M1_SKILL_06"",""OB_FIRST_PANEL_06_ML_ENGINEER_EV_APP0064_FIRST_INTERVIEW_PRACTITIONER_QA_M1_SKILL_08"",""OB_FIRST_PANEL_06_ML_ENGINEER_EV_APP0064_FIRST_INTERVIEW_TECHNICAL_ASSESSMENT_M1_SKILL_01"",""OB_FIRST_PANEL_06_ML_ENGINEER_EV_APP0064_FIRST_INTERVIEW_TECHNICAL_ASSESSMENT_M1_SKILL_02"",""OB_FIRST_PANEL_06_ML_ENGINEER_EV_APP0064_FIRST_INTERVIEW_TECHNICAL_ASSESSMENT_M1_SKILL_07"",""OB_FIRST_PANEL_06_TECHNICAL_REVIEWER_EV_APP0064_FIRST_INTERVIEW_AI_CASE_M1_SKILL_01"",""OB_FIRST_PANEL_06_TECHNICAL_REVIEWER_EV_APP0064_FIRST_INTERVIEW_AI_CASE_M1_SKILL_03"",""OB_FIRST_PANEL_06_TECHNICAL_REVIEWER_EV_APP0064_FIRST_INTERVIEW_PRACTITIONER_QA_M1_SKILL_04"",""OB_FIRST_PANEL_06_TECHNICAL_REVIEWER_EV_APP0064_FIRST_INTERVIEW_PRACTITIONER_QA_M1_SKILL_05"",""OB_FIRST_PANEL_06_TECHNICAL_REVIEWER_EV_APP0064_FIRST_INTERVIEW_PRACTITIONER_QA_M1_SKILL_06"",""OB_FIRST_PANEL_06_TECHNICAL_REVIEWER_EV_APP0064_FIRST_INTERVIEW_PRACTITIONER_QA_M1_SKILL_08"",""OB_FIRST_PANEL_06_TECHNICAL_REVIEWER_EV_APP0064_FIRST_INTERVIEW_TECHNICAL_ASSESSMENT_M1_SKILL_01"",""OB_FIRST_PANEL_06_TECHNICAL_REVIEWER_EV_APP0064_FIRST_INTERVIEW_TECHNICAL_ASSESSMENT_M1_SKILL_02"",""OB_FIRST_PANEL_06_TECHNICAL_REVIEWER_EV_APP0064_FIRST_INTERVIEW_TECHNICAL_ASSESSMENT_M1_SKILL_07""]","[""EVALUATOR_DISAGREEMENT""]",APP0064_FIRST_INTERVIEW_CALIBRATION,직접 Observation의 평가자/Rubric 차이와 동일 맥락 충돌 검토. 합의된 LIMITED/NOT_OBSERVED만으로 회의를 만들지 않으며 품질 신호로 쓰지 않는다.
APP0068_FIRST_INTERVIEW_CALIBRATION_REVIEW,APP0068_FIRST_INTERVIEW,INTERVIEW,2026-12-10T10:00:00+09:00,"[""OB_FIRST_PANEL_07_HIRING_MANAGER_EV_APP0068_FIRST_INTERVIEW_AI_CASE_M1_SKILL_01"",""OB_FIRST_PANEL_07_HIRING_MANAGER_EV_APP0068_FIRST_INTERVIEW_AI_CASE_M1_SKILL_03"",""OB_FIRST_PANEL_07_HIRING_MANAGER_EV_APP0068_FIRST_INTERVIEW_PRACTITIONER_QA_M1_SKILL_04"",""OB_FIRST_PANEL_07_HIRING_MANAGER_EV_APP0068_FIRST_INTERVIEW_PRACTITIONER_QA_M1_SKILL_05"",""OB_FIRST_PANEL_07_HIRING_MANAGER_EV_APP0068_FIRST_INTERVIEW_PRACTITIONER_QA_M1_SKILL_06"",""OB_FIRST_PANEL_07_HIRING_MANAGER_EV_APP0068_FIRST_INTERVIEW_PRACTITIONER_QA_M1_SKILL_08"",""OB_FIRST_PANEL_07_HIRING_MANAGER_EV_APP0068_FIRST_INTERVIEW_TECHNICAL_ASSESSMENT_M1_SKILL_01"",""OB_FIRST_PANEL_07_HIRING_MANAGER_EV_APP0068_FIRST_INTERVIEW_TECHNICAL_ASSESSMENT_M1_SKILL_02"",""OB_FIRST_PANEL_07_HIRING_MANAGER_EV_APP0068_FIRST_INTERVIEW_TECHNICAL_ASSESSMENT_M1_SKILL_07"",""OB_FIRST_PANEL_07_ML_ENGINEER_EV_APP0068_FIRST_INTERVIEW_AI_CASE_M1_SKILL_01"",""OB_FIRST_PANEL_07_ML_ENGINEER_EV_APP0068_FIRST_INTERVIEW_AI_CASE_M1_SKILL_03"",""OB_FIRST_PANEL_07_ML_ENGINEER_EV_APP0068_FIRST_INTERVIEW_PRACTITIONER_QA_M1_SKILL_04"",""OB_FIRST_PANEL_07_ML_ENGINEER_EV_APP0068_FIRST_INTERVIEW_PRACTITIONER_QA_M1_SKILL_05"",""OB_FIRST_PANEL_07_ML_ENGINEER_EV_APP0068_FIRST_INTERVIEW_PRACTITIONER_QA_M1_SKILL_06"",""OB_FIRST_PANEL_07_ML_ENGINEER_EV_APP0068_FIRST_INTERVIEW_PRACTITIONER_QA_M1_SKILL_08"",""OB_FIRST_PANEL_07_ML_ENGINEER_EV_APP0068_FIRST_INTERVIEW_TECHNICAL_ASSESSMENT_M1_SKILL_01"",""OB_FIRST_PANEL_07_ML_ENGINEER_EV_APP0068_FIRST_INTERVIEW_TECHNICAL_ASSESSMENT_M1_SKILL_02"",""OB_FIRST_PANEL_07_ML_ENGINEER_EV_APP0068_FIRST_INTERVIEW_TECHNICAL_ASSESSMENT_M1_SKILL_07"",""OB_FIRST_PANEL_07_TECHNICAL_REVIEWER_EV_APP0068_FIRST_INTERVIEW_AI_CASE_M1_SKILL_01"",""OB_FIRST_PANEL_07_TECHNICAL_REVIEWER_EV_APP0068_FIRST_INTERVIEW_AI_CASE_M1_SKILL_03"",""OB_FIRST_PANEL_07_TECHNICAL_REVIEWER_EV_APP0068_FIRST_INTERVIEW_PRACTITIONER_QA_M1_SKILL_04"",""OB_FIRST_PANEL_07_TECHNICAL_REVIEWER_EV_APP0068_FIRST_INTERVIEW_PRACTITIONER_QA_M1_SKILL_05"",""OB_FIRST_PANEL_07_TECHNICAL_REVIEWER_EV_APP0068_FIRST_INTERVIEW_PRACTITIONER_QA_M1_SKILL_06"",""OB_FIRST_PANEL_07_TECHNICAL_REVIEWER_EV_APP0068_FIRST_INTERVIEW_PRACTITIONER_QA_M1_SKILL_08"",""OB_FIRST_PANEL_07_TECHNICAL_REVIEWER_EV_APP0068_FIRST_INTERVIEW_TECHNICAL_ASSESSMENT_M1_SKILL_01"",""OB_FIRST_PANEL_07_TECHNICAL_REVIEWER_EV_APP0068_FIRST_INTERVIEW_TECHNICAL_ASSESSMENT_M1_SKILL_02"",""OB_FIRST_PANEL_07_TECHNICAL_REVIEWER_EV_APP0068_FIRST_INTERVIEW_TECHNICAL_ASSESSMENT_M1_SKILL_07""]","[""EVALUATOR_DISAGREEMENT""]",APP0068_FIRST_INTERVIEW_CALIBRATION,직접 Observation의 평가자/Rubric 차이와 동일 맥락 충돌 검토. 합의된 LIMITED/NOT_OBSERVED만으로 회의를 만들지 않으며 품질 신호로 쓰지 않는다.
APP0076_FIRST_INTERVIEW_CALIBRATION_REVIEW,APP0076_FIRST_INTERVIEW,INTERVIEW,2026-12-10T10:00:00+09:00,"[""OB_FIRST_PANEL_08_HIRING_MANAGER_EV_APP0076_FIRST_INTERVIEW_AI_CASE_M1_SKILL_01"",""OB_FIRST_PANEL_08_HIRING_MANAGER_EV_APP0076_FIRST_INTERVIEW_AI_CASE_M1_SKILL_03"",""OB_FIRST_PANEL_08_HIRING_MANAGER_EV_APP0076_FIRST_INTERVIEW_PRACTITIONER_QA_M1_SKILL_04"",""OB_FIRST_PANEL_08_HIRING_MANAGER_EV_APP0076_FIRST_INTERVIEW_PRACTITIONER_QA_M1_SKILL_05"",""OB_FIRST_PANEL_08_HIRING_MANAGER_EV_APP0076_FIRST_INTERVIEW_PRACTITIONER_QA_M1_SKILL_06"",""OB_FIRST_PANEL_08_HIRING_MANAGER_EV_APP0076_FIRST_INTERVIEW_PRACTITIONER_QA_M1_SKILL_08"",""OB_FIRST_PANEL_08_HIRING_MANAGER_EV_APP0076_FIRST_INTERVIEW_TECHNICAL_ASSESSMENT_M1_SKILL_01"",""OB_FIRST_PANEL_08_HIRING_MANAGER_EV_APP0076_FIRST_INTERVIEW_TECHNICAL_ASSESSMENT_M1_SKILL_02"",""OB_FIRST_PANEL_08_HIRING_MANAGER_EV_APP0076_FIRST_INTERVIEW_TECHNICAL_ASSESSMENT_M1_SKILL_07"",""OB_FIRST_PANEL_08_ML_ENGINEER_EV_APP0076_FIRST_INTERVIEW_AI_CASE_M1_SKILL_01"",""OB_FIRST_PANEL_08_ML_ENGINEER_EV_APP0076_FIRST_INTERVIEW_AI_CASE_M1_SKILL_03"",""OB_FIRST_PANEL_08_ML_ENGINEER_EV_APP0076_FIRST_INTERVIEW_PRACTITIONER_QA_M1_SKILL_04"",""OB_FIRST_PANEL_08_ML_ENGINEER_EV_APP0076_FIRST_INTERVIEW_PRACTITIONER_QA_M1_SKILL_05"",""OB_FIRST_PANEL_08_ML_ENGINEER_EV_APP0076_FIRST_INTERVIEW_PRACTITIONER_QA_M1_SKILL_06"",""OB_FIRST_PANEL_08_ML_ENGINEER_EV_APP0076_FIRST_INTERVIEW_PRACTITIONER_QA_M1_SKILL_08"",""OB_FIRST_PANEL_08_ML_ENGINEER_EV_APP0076_FIRST_INTERVIEW_TECHNICAL_ASSESSMENT_M1_SKILL_01"",""OB_FIRST_PANEL_08_ML_ENGINEER_EV_APP0076_FIRST_INTERVIEW_TECHNICAL_ASSESSMENT_M1_SKILL_02"",""OB_FIRST_PANEL_08_ML_ENGINEER_EV_APP0076_FIRST_INTERVIEW_TECHNICAL_ASSESSMENT_M1_SKILL_07"",""OB_FIRST_PANEL_08_TECHNICAL_REVIEWER_EV_APP0076_FIRST_INTERVIEW_AI_CASE_M1_SKILL_01"",""OB_FIRST_PANEL_08_TECHNICAL_REVIEWER_EV_APP0076_FIRST_INTERVIEW_AI_CASE_M1_SKILL_03"",""OB_FIRST_PANEL_08_TECHNICAL_REVIEWER_EV_APP0076_FIRST_INTERVIEW_PRACTITIONER_QA_M1_SKILL_04"",""OB_FIRST_PANEL_08_TECHNICAL_REVIEWER_EV_APP0076_FIRST_INTERVIEW_PRACTITIONER_QA_M1_SKILL_05"",""OB_FIRST_PANEL_08_TECHNICAL_REVIEWER_EV_APP0076_FIRST_INTERVIEW_PRACTITIONER_QA_M1_SKILL_06"",""OB_FIRST_PANEL_08_TECHNICAL_REVIEWER_EV_APP0076_FIRST_INTERVIEW_PRACTITIONER_QA_M1_SKILL_08"",""OB_FIRST_PANEL_08_TECHNICAL_REVIEWER_EV_APP0076_FIRST_INTERVIEW_TECHNICAL_ASSESSMENT_M1_SKILL_01"",""OB_FIRST_PANEL_08_TECHNICAL_REVIEWER_EV_APP0076_FIRST_INTERVIEW_TECHNICAL_ASSESSMENT_M1_SKILL_02"",""OB_FIRST_PANEL_08_TECHNICAL_REVIEWER_EV_APP0076_FIRST_INTERVIEW_TECHNICAL_ASSESSMENT_M1_SKILL_07""]","[""EVALUATOR_DISAGREEMENT""]",APP0076_FIRST_INTERVIEW_CALIBRATION,직접 Observation의 평가자/Rubric 차이와 동일 맥락 충돌 검토. 합의된 LIMITED/NOT_OBSERVED만으로 회의를 만들지 않으며 품질 신호로 쓰지 않는다.
APP0082_FIRST_INTERVIEW_CALIBRATION_REVIEW,APP0082_FIRST_INTERVIEW,INTERVIEW,2026-12-10T10:00:00+09:00,"[""OB_FIRST_PANEL_09_HIRING_MANAGER_EV_APP0082_FIRST_INTERVIEW_AI_CASE_M1_SKILL_01"",""OB_FIRST_PANEL_09_HIRING_MANAGER_EV_APP0082_FIRST_INTERVIEW_AI_CASE_M1_SKILL_03"",""OB_FIRST_PANEL_09_HIRING_MANAGER_EV_APP0082_FIRST_INTERVIEW_PRACTITIONER_QA_M1_SKILL_04"",""OB_FIRST_PANEL_09_HIRING_MANAGER_EV_APP0082_FIRST_INTERVIEW_PRACTITIONER_QA_M1_SKILL_05"",""OB_FIRST_PANEL_09_HIRING_MANAGER_EV_APP0082_FIRST_INTERVIEW_PRACTITIONER_QA_M1_SKILL_06"",""OB_FIRST_PANEL_09_HIRING_MANAGER_EV_APP0082_FIRST_INTERVIEW_PRACTITIONER_QA_M1_SKILL_08"",""OB_FIRST_PANEL_09_HIRING_MANAGER_EV_APP0082_FIRST_INTERVIEW_TECHNICAL_ASSESSMENT_M1_SKILL_01"",""OB_FIRST_PANEL_09_HIRING_MANAGER_EV_APP0082_FIRST_INTERVIEW_TECHNICAL_ASSESSMENT_M1_SKILL_02"",""OB_FIRST_PANEL_09_HIRING_MANAGER_EV_APP0082_FIRST_INTERVIEW_TECHNICAL_ASSESSMENT_M1_SKILL_07"",""OB_FIRST_PANEL_09_ML_ENGINEER_EV_APP0082_FIRST_INTERVIEW_AI_CASE_M1_SKILL_01"",""OB_FIRST_PANEL_09_ML_ENGINEER_EV_APP0082_FIRST_INTERVIEW_AI_CASE_M1_SKILL_03"",""OB_FIRST_PANEL_09_ML_ENGINEER_EV_APP0082_FIRST_INTERVIEW_PRACTITIONER_QA_M1_SKILL_04"",""OB_FIRST_PANEL_09_ML_ENGINEER_EV_APP0082_FIRST_INTERVIEW_PRACTITIONER_QA_M1_SKILL_05"",""OB_FIRST_PANEL_09_ML_ENGINEER_EV_APP0082_FIRST_INTERVIEW_PRACTITIONER_QA_M1_SKILL_06"",""OB_FIRST_PANEL_09_ML_ENGINEER_EV_APP0082_FIRST_INTERVIEW_PRACTITIONER_QA_M1_SKILL_08"",""OB_FIRST_PANEL_09_ML_ENGINEER_EV_APP0082_FIRST_INTERVIEW_TECHNICAL_ASSESSMENT_M1_SKILL_01"",""OB_FIRST_PANEL_09_ML_ENGINEER_EV_APP0082_FIRST_INTERVIEW_TECHNICAL_ASSESSMENT_M1_SKILL_02"",""OB_FIRST_PANEL_09_ML_ENGINEER_EV_APP0082_FIRST_INTERVIEW_TECHNICAL_ASSESSMENT_M1_SKILL_07"",""OB_FIRST_PANEL_09_TECHNICAL_REVIEWER_EV_APP0082_FIRST_INTERVIEW_AI_CASE_M1_SKILL_01"",""OB_FIRST_PANEL_09_TECHNICAL_REVIEWER_EV_APP0082_FIRST_INTERVIEW_AI_CASE_M1_SKILL_03"",""OB_FIRST_PANEL_09_TECHNICAL_REVIEWER_EV_APP0082_FIRST_INTERVIEW_PRACTITIONER_QA_M1_SKILL_04"",""OB_FIRST_PANEL_09_TECHNICAL_REVIEWER_EV_APP0082_FIRST_INTERVIEW_PRACTITIONER_QA_M1_SKILL_05"",""OB_FIRST_PANEL_09_TECHNICAL_REVIEWER_EV_APP0082_FIRST_INTERVIEW_PRACTITIONER_QA_M1_SKILL_06"",""OB_FIRST_PANEL_09_TECHNICAL_REVIEWER_EV_APP0082_FIRST_INTERVIEW_PRACTITIONER_QA_M1_SKILL_08"",""OB_FIRST_PANEL_09_TECHNICAL_REVIEWER_EV_APP0082_FIRST_INTERVIEW_TECHNICAL_ASSESSMENT_M1_SKILL_01"",""OB_FIRST_PANEL_09_TECHNICAL_REVIEWER_EV_APP0082_FIRST_INTERVIEW_TECHNICAL_ASSESSMENT_M1_SKILL_02"",""OB_FIRST_PANEL_09_TECHNICAL_REVIEWER_EV_APP0082_FIRST_INTERVIEW_TECHNICAL_ASSESSMENT_M1_SKILL_07""]",[],,직접 Observation의 평가자/Rubric 차이와 동일 맥락 충돌 검토. 합의된 LIMITED/NOT_OBSERVED만으로 회의를 만들지 않으며 품질 신호로 쓰지 않는다.
APP0101_FIRST_INTERVIEW_CALIBRATION_REVIEW,APP0101_FIRST_INTERVIEW,INTERVIEW,2026-12-10T10:00:00+09:00,"[""OB_FIRST_PANEL_10_HIRING_MANAGER_EV_APP0101_FIRST_INTERVIEW_AI_CASE_M1_SKILL_01"",""OB_FIRST_PANEL_10_HIRING_MANAGER_EV_APP0101_FIRST_INTERVIEW_AI_CASE_M1_SKILL_03"",""OB_FIRST_PANEL_10_HIRING_MANAGER_EV_APP0101_FIRST_INTERVIEW_PRACTITIONER_QA_M1_SKILL_04"",""OB_FIRST_PANEL_10_HIRING_MANAGER_EV_APP0101_FIRST_INTERVIEW_PRACTITIONER_QA_M1_SKILL_05"",""OB_FIRST_PANEL_10_HIRING_MANAGER_EV_APP0101_FIRST_INTERVIEW_PRACTITIONER_QA_M1_SKILL_06"",""OB_FIRST_PANEL_10_HIRING_MANAGER_EV_APP0101_FIRST_INTERVIEW_PRACTITIONER_QA_M1_SKILL_08"",""OB_FIRST_PANEL_10_HIRING_MANAGER_EV_APP0101_FIRST_INTERVIEW_TECHNICAL_ASSESSMENT_M1_SKILL_01"",""OB_FIRST_PANEL_10_HIRING_MANAGER_EV_APP0101_FIRST_INTERVIEW_TECHNICAL_ASSESSMENT_M1_SKILL_02"",""OB_FIRST_PANEL_10_HIRING_MANAGER_EV_APP0101_FIRST_INTERVIEW_TECHNICAL_ASSESSMENT_M1_SKILL_07"",""OB_FIRST_PANEL_10_ML_ENGINEER_EV_APP0101_FIRST_INTERVIEW_AI_CASE_M1_SKILL_01"",""OB_FIRST_PANEL_10_ML_ENGINEER_EV_APP0101_FIRST_INTERVIEW_AI_CASE_M1_SKILL_03"",""OB_FIRST_PANEL_10_ML_ENGINEER_EV_APP0101_FIRST_INTERVIEW_PRACTITIONER_QA_M1_SKILL_04"",""OB_FIRST_PANEL_10_ML_ENGINEER_EV_APP0101_FIRST_INTERVIEW_PRACTITIONER_QA_M1_SKILL_05"",""OB_FIRST_PANEL_10_ML_ENGINEER_EV_APP0101_FIRST_INTERVIEW_PRACTITIONER_QA_M1_SKILL_06"",""OB_FIRST_PANEL_10_ML_ENGINEER_EV_APP0101_FIRST_INTERVIEW_PRACTITIONER_QA_M1_SKILL_08"",""OB_FIRST_PANEL_10_ML_ENGINEER_EV_APP0101_FIRST_INTERVIEW_TECHNICAL_ASSESSMENT_M1_SKILL_01"",""OB_FIRST_PANEL_10_ML_ENGINEER_EV_APP0101_FIRST_INTERVIEW_TECHNICAL_ASSESSMENT_M1_SKILL_02"",""OB_FIRST_PANEL_10_ML_ENGINEER_EV_APP0101_FIRST_INTERVIEW_TECHNICAL_ASSESSMENT_M1_SKILL_07"",""OB_FIRST_PANEL_10_TECHNICAL_REVIEWER_EV_APP0101_FIRST_INTERVIEW_AI_CASE_M1_SKILL_01"",""OB_FIRST_PANEL_10_TECHNICAL_REVIEWER_EV_APP0101_FIRST_INTERVIEW_AI_CASE_M1_SKILL_03"",""OB_FIRST_PANEL_10_TECHNICAL_REVIEWER_EV_APP0101_FIRST_INTERVIEW_PRACTITIONER_QA_M1_SKILL_04"",""OB_FIRST_PANEL_10_TECHNICAL_REVIEWER_EV_APP0101_FIRST_INTERVIEW_PRACTITIONER_QA_M1_SKILL_05"",""OB_FIRST_PANEL_10_TECHNICAL_REVIEWER_EV_APP0101_FIRST_INTERVIEW_PRACTITIONER_QA_M1_SKILL_06"",""OB_FIRST_PANEL_10_TECHNICAL_REVIEWER_EV_APP0101_FIRST_INTERVIEW_PRACTITIONER_QA_M1_SKILL_08"",""OB_FIRST_PANEL_10_TECHNICAL_REVIEWER_EV_APP0101_FIRST_INTERVIEW_TECHNICAL_ASSESSMENT_M1_SKILL_01"",""OB_FIRST_PANEL_10_TECHNICAL_REVIEWER_EV_APP0101_FIRST_INTERVIEW_TECHNICAL_ASSESSMENT_M1_SKILL_02"",""OB_FIRST_PANEL_10_TECHNICAL_REVIEWER_EV_APP0101_FIRST_INTERVIEW_TECHNICAL_ASSESSMENT_M1_SKILL_07""]",[],,직접 Observation의 평가자/Rubric 차이와 동일 맥락 충돌 검토. 합의된 LIMITED/NOT_OBSERVED만으로 회의를 만들지 않으며 품질 신호로 쓰지 않는다.
APP0128_FIRST_INTERVIEW_CALIBRATION_REVIEW,APP0128_FIRST_INTERVIEW,INTERVIEW,2026-12-14T10:00:00+09:00,"[""OB_FIRST_PANEL_01_HIRING_MANAGER_EV_APP0128_FIRST_INTERVIEW_AI_CASE_M1_SKILL_01"",""OB_FIRST_PANEL_01_HIRING_MANAGER_EV_APP0128_FIRST_INTERVIEW_AI_CASE_M1_SKILL_03"",""OB_FIRST_PANEL_01_HIRING_MANAGER_EV_APP0128_FIRST_INTERVIEW_PRACTITIONER_QA_M1_SKILL_04"",""OB_FIRST_PANEL_01_HIRING_MANAGER_EV_APP0128_FIRST_INTERVIEW_PRACTITIONER_QA_M1_SKILL_05"",""OB_FIRST_PANEL_01_HIRING_MANAGER_EV_APP0128_FIRST_INTERVIEW_PRACTITIONER_QA_M1_SKILL_06"",""OB_FIRST_PANEL_01_HIRING_MANAGER_EV_APP0128_FIRST_INTERVIEW_PRACTITIONER_QA_M1_SKILL_08"",""OB_FIRST_PANEL_01_HIRING_MANAGER_EV_APP0128_FIRST_INTERVIEW_TECHNICAL_ASSESSMENT_M1_SKILL_01"",""OB_FIRST_PANEL_01_HIRING_MANAGER_EV_APP0128_FIRST_INTERVIEW_TECHNICAL_ASSESSMENT_M1_SKILL_02"",""OB_FIRST_PANEL_01_HIRING_MANAGER_EV_APP0128_FIRST_INTERVIEW_TECHNICAL_ASSESSMENT_M1_SKILL_07"",""OB_FIRST_PANEL_01_ML_ENGINEER_EV_APP0128_FIRST_INTERVIEW_AI_CASE_M1_SKILL_01"",""OB_FIRST_PANEL_01_ML_ENGINEER_EV_APP0128_FIRST_INTERVIEW_AI_CASE_M1_SKILL_03"",""OB_FIRST_PANEL_01_ML_ENGINEER_EV_APP0128_FIRST_INTERVIEW_PRACTITIONER_QA_M1_SKILL_04"",""OB_FIRST_PANEL_01_ML_ENGINEER_EV_APP0128_FIRST_INTERVIEW_PRACTITIONER_QA_M1_SKILL_05"",""OB_FIRST_PANEL_01_ML_ENGINEER_EV_APP0128_FIRST_INTERVIEW_PRACTITIONER_QA_M1_SKILL_06"",""OB_FIRST_PANEL_01_ML_ENGINEER_EV_APP0128_FIRST_INTERVIEW_PRACTITIONER_QA_M1_SKILL_08"",""OB_FIRST_PANEL_01_ML_ENGINEER_EV_APP0128_FIRST_INTERVIEW_TECHNICAL_ASSESSMENT_M1_SKILL_01"",""OB_FIRST_PANEL_01_ML_ENGINEER_EV_APP0128_FIRST_INTERVIEW_TECHNICAL_ASSESSMENT_M1_SKILL_02"",""OB_FIRST_PANEL_01_ML_ENGINEER_EV_APP0128_FIRST_INTERVIEW_TECHNICAL_ASSESSMENT_M1_SKILL_07"",""OB_FIRST_PANEL_01_TECHNICAL_REVIEWER_EV_APP0128_FIRST_INTERVIEW_AI_CASE_M1_SKILL_01"",""OB_FIRST_PANEL_01_TECHNICAL_REVIEWER_EV_APP0128_FIRST_INTERVIEW_AI_CASE_M1_SKILL_03"",""OB_FIRST_PANEL_01_TECHNICAL_REVIEWER_EV_APP0128_FIRST_INTERVIEW_PRACTITIONER_QA_M1_SKILL_04"",""OB_FIRST_PANEL_01_TECHNICAL_REVIEWER_EV_APP0128_FIRST_INTERVIEW_PRACTITIONER_QA_M1_SKILL_05"",""OB_FIRST_PANEL_01_TECHNICAL_REVIEWER_EV_APP0128_FIRST_INTERVIEW_PRACTITIONER_QA_M1_SKILL_06"",""OB_FIRST_PANEL_01_TECHNICAL_REVIEWER_EV_APP0128_FIRST_INTERVIEW_PRACTITIONER_QA_M1_SKILL_08"",""OB_FIRST_PANEL_01_TECHNICAL_REVIEWER_EV_APP0128_FIRST_INTERVIEW_TECHNICAL_ASSESSMENT_M1_SKILL_01"",""OB_FIRST_PANEL_01_TECHNICAL_REVIEWER_EV_APP0128_FIRST_INTERVIEW_TECHNICAL_ASSESSMENT_M1_SKILL_02"",""OB_FIRST_PANEL_01_TECHNICAL_REVIEWER_EV_APP0128_FIRST_INTERVIEW_TECHNICAL_ASSESSMENT_M1_SKILL_07""]","[""EVALUATOR_DISAGREEMENT""]",APP0128_FIRST_INTERVIEW_CALIBRATION,직접 Observation의 평가자/Rubric 차이와 동일 맥락 충돌 검토. 합의된 LIMITED/NOT_OBSERVED만으로 회의를 만들지 않으며 품질 신호로 쓰지 않는다.
APP0141_FIRST_INTERVIEW_CALIBRATION_REVIEW,APP0141_FIRST_INTERVIEW,INTERVIEW,2026-12-14T10:00:00+09:00,"[""OB_FIRST_PANEL_02_HIRING_MANAGER_EV_APP0141_FIRST_INTERVIEW_AI_CASE_M1_SKILL_01"",""OB_FIRST_PANEL_02_HIRING_MANAGER_EV_APP0141_FIRST_INTERVIEW_AI_CASE_M1_SKILL_03"",""OB_FIRST_PANEL_02_HIRING_MANAGER_EV_APP0141_FIRST_INTERVIEW_PRACTITIONER_QA_M1_SKILL_04"",""OB_FIRST_PANEL_02_HIRING_MANAGER_EV_APP0141_FIRST_INTERVIEW_PRACTITIONER_QA_M1_SKILL_05"",""OB_FIRST_PANEL_02_HIRING_MANAGER_EV_APP0141_FIRST_INTERVIEW_PRACTITIONER_QA_M1_SKILL_06"",""OB_FIRST_PANEL_02_HIRING_MANAGER_EV_APP0141_FIRST_INTERVIEW_PRACTITIONER_QA_M1_SKILL_08"",""OB_FIRST_PANEL_02_HIRING_MANAGER_EV_APP0141_FIRST_INTERVIEW_TECHNICAL_ASSESSMENT_M1_SKILL_01"",""OB_FIRST_PANEL_02_HIRING_MANAGER_EV_APP0141_FIRST_INTERVIEW_TECHNICAL_ASSESSMENT_M1_SKILL_02"",""OB_FIRST_PANEL_02_HIRING_MANAGER_EV_APP0141_FIRST_INTERVIEW_TECHNICAL_ASSESSMENT_M1_SKILL_07"",""OB_FIRST_PANEL_02_ML_ENGINEER_EV_APP0141_FIRST_INTERVIEW_AI_CASE_M1_SKILL_01"",""OB_FIRST_PANEL_02_ML_ENGINEER_EV_APP0141_FIRST_INTERVIEW_AI_CASE_M1_SKILL_03"",""OB_FIRST_PANEL_02_ML_ENGINEER_EV_APP0141_FIRST_INTERVIEW_PRACTITIONER_QA_M1_SKILL_04"",""OB_FIRST_PANEL_02_ML_ENGINEER_EV_APP0141_FIRST_INTERVIEW_PRACTITIONER_QA_M1_SKILL_05"",""OB_FIRST_PANEL_02_ML_ENGINEER_EV_APP0141_FIRST_INTERVIEW_PRACTITIONER_QA_M1_SKILL_06"",""OB_FIRST_PANEL_02_ML_ENGINEER_EV_APP0141_FIRST_INTERVIEW_PRACTITIONER_QA_M1_SKILL_08"",""OB_FIRST_PANEL_02_ML_ENGINEER_EV_APP0141_FIRST_INTERVIEW_TECHNICAL_ASSESSMENT_M1_SKILL_01"",""OB_FIRST_PANEL_02_ML_ENGINEER_EV_APP0141_FIRST_INTERVIEW_TECHNICAL_ASSESSMENT_M1_SKILL_02"",""OB_FIRST_PANEL_02_ML_ENGINEER_EV_APP0141_FIRST_INTERVIEW_TECHNICAL_ASSESSMENT_M1_SKILL_07"",""OB_FIRST_PANEL_02_TECHNICAL_REVIEWER_EV_APP0141_FIRST_INTERVIEW_AI_CASE_M1_SKILL_01"",""OB_FIRST_PANEL_02_TECHNICAL_REVIEWER_EV_APP0141_FIRST_INTERVIEW_AI_CASE_M1_SKILL_03"",""OB_FIRST_PANEL_02_TECHNICAL_REVIEWER_EV_APP0141_FIRST_INTERVIEW_PRACTITIONER_QA_M1_SKILL_04"",""OB_FIRST_PANEL_02_TECHNICAL_REVIEWER_EV_APP0141_FIRST_INTERVIEW_PRACTITIONER_QA_M1_SKILL_05"",""OB_FIRST_PANEL_02_TECHNICAL_REVIEWER_EV_APP0141_FIRST_INTERVIEW_PRACTITIONER_QA_M1_SKILL_06"",""OB_FIRST_PANEL_02_TECHNICAL_REVIEWER_EV_APP0141_FIRST_INTERVIEW_PRACTITIONER_QA_M1_SKILL_08"",""OB_FIRST_PANEL_02_TECHNICAL_REVIEWER_EV_APP0141_FIRST_INTERVIEW_TECHNICAL_ASSESSMENT_M1_SKILL_01"",""OB_FIRST_PANEL_02_TECHNICAL_REVIEWER_EV_APP0141_FIRST_INTERVIEW_TECHNICAL_ASSESSMENT_M1_SKILL_02"",""OB_FIRST_PANEL_02_TECHNICAL_REVIEWER_EV_APP0141_FIRST_INTERVIEW_TECHNICAL_ASSESSMENT_M1_SKILL_07""]",[],,직접 Observation의 평가자/Rubric 차이와 동일 맥락 충돌 검토. 합의된 LIMITED/NOT_OBSERVED만으로 회의를 만들지 않으며 품질 신호로 쓰지 않는다.
APP0143_FIRST_INTERVIEW_CALIBRATION_REVIEW,APP0143_FIRST_INTERVIEW,INTERVIEW,2026-12-14T10:00:00+09:00,"[""OB_FIRST_PANEL_03_HIRING_MANAGER_EV_APP0143_FIRST_INTERVIEW_AI_CASE_M1_SKILL_01"",""OB_FIRST_PANEL_03_HIRING_MANAGER_EV_APP0143_FIRST_INTERVIEW_AI_CASE_M1_SKILL_03"",""OB_FIRST_PANEL_03_HIRING_MANAGER_EV_APP0143_FIRST_INTERVIEW_PRACTITIONER_QA_M1_SKILL_04"",""OB_FIRST_PANEL_03_HIRING_MANAGER_EV_APP0143_FIRST_INTERVIEW_PRACTITIONER_QA_M1_SKILL_05"",""OB_FIRST_PANEL_03_HIRING_MANAGER_EV_APP0143_FIRST_INTERVIEW_PRACTITIONER_QA_M1_SKILL_06"",""OB_FIRST_PANEL_03_HIRING_MANAGER_EV_APP0143_FIRST_INTERVIEW_PRACTITIONER_QA_M1_SKILL_08"",""OB_FIRST_PANEL_03_HIRING_MANAGER_EV_APP0143_FIRST_INTERVIEW_TECHNICAL_ASSESSMENT_M1_SKILL_01"",""OB_FIRST_PANEL_03_HIRING_MANAGER_EV_APP0143_FIRST_INTERVIEW_TECHNICAL_ASSESSMENT_M1_SKILL_02"",""OB_FIRST_PANEL_03_HIRING_MANAGER_EV_APP0143_FIRST_INTERVIEW_TECHNICAL_ASSESSMENT_M1_SKILL_07"",""OB_FIRST_PANEL_03_ML_ENGINEER_EV_APP0143_FIRST_INTERVIEW_AI_CASE_M1_SKILL_01"",""OB_FIRST_PANEL_03_ML_ENGINEER_EV_APP0143_FIRST_INTERVIEW_AI_CASE_M1_SKILL_03"",""OB_FIRST_PANEL_03_ML_ENGINEER_EV_APP0143_FIRST_INTERVIEW_PRACTITIONER_QA_M1_SKILL_04"",""OB_FIRST_PANEL_03_ML_ENGINEER_EV_APP0143_FIRST_INTERVIEW_PRACTITIONER_QA_M1_SKILL_05"",""OB_FIRST_PANEL_03_ML_ENGINEER_EV_APP0143_FIRST_INTERVIEW_PRACTITIONER_QA_M1_SKILL_06"",""OB_FIRST_PANEL_03_ML_ENGINEER_EV_APP0143_FIRST_INTERVIEW_PRACTITIONER_QA_M1_SKILL_08"",""OB_FIRST_PANEL_03_ML_ENGINEER_EV_APP0143_FIRST_INTERVIEW_TECHNICAL_ASSESSMENT_M1_SKILL_01"",""OB_FIRST_PANEL_03_ML_ENGINEER_EV_APP0143_FIRST_INTERVIEW_TECHNICAL_ASSESSMENT_M1_SKILL_02"",""OB_FIRST_PANEL_03_ML_ENGINEER_EV_APP0143_FIRST_INTERVIEW_TECHNICAL_ASSESSMENT_M1_SKILL_07"",""OB_FIRST_PANEL_03_TECHNICAL_REVIEWER_EV_APP0143_FIRST_INTERVIEW_AI_CASE_M1_SKILL_01"",""OB_FIRST_PANEL_03_TECHNICAL_REVIEWER_EV_APP0143_FIRST_INTERVIEW_AI_CASE_M1_SKILL_03"",""OB_FIRST_PANEL_03_TECHNICAL_REVIEWER_EV_APP0143_FIRST_INTERVIEW_PRACTITIONER_QA_M1_SKILL_04"",""OB_FIRST_PANEL_03_TECHNICAL_REVIEWER_EV_APP0143_FIRST_INTERVIEW_PRACTITIONER_QA_M1_SKILL_05"",""OB_FIRST_PANEL_03_TECHNICAL_REVIEWER_EV_APP0143_FIRST_INTERVIEW_PRACTITIONER_QA_M1_SKILL_06"",""OB_FIRST_PANEL_03_TECHNICAL_REVIEWER_EV_APP0143_FIRST_INTERVIEW_PRACTITIONER_QA_M1_SKILL_08"",""OB_FIRST_PANEL_03_TECHNICAL_REVIEWER_EV_APP0143_FIRST_INTERVIEW_TECHNICAL_ASSESSMENT_M1_SKILL_01"",""OB_FIRST_PANEL_03_TECHNICAL_REVIEWER_EV_APP0143_FIRST_INTERVIEW_TECHNICAL_ASSESSMENT_M1_SKILL_02"",""OB_FIRST_PANEL_03_TECHNICAL_REVIEWER_EV_APP0143_FIRST_INTERVIEW_TECHNICAL_ASSESSMENT_M1_SKILL_07""]","[""EVALUATOR_DISAGREEMENT""]",APP0143_FIRST_INTERVIEW_CALIBRATION,직접 Observation의 평가자/Rubric 차이와 동일 맥락 충돌 검토. 합의된 LIMITED/NOT_OBSERVED만으로 회의를 만들지 않으며 품질 신호로 쓰지 않는다.
APP0150_FIRST_INTERVIEW_CALIBRATION_REVIEW,APP0150_FIRST_INTERVIEW,INTERVIEW,2026-12-14T10:00:00+09:00,"[""OB_FIRST_PANEL_04_HIRING_MANAGER_EV_APP0150_FIRST_INTERVIEW_AI_CASE_M1_SKILL_01"",""OB_FIRST_PANEL_04_HIRING_MANAGER_EV_APP0150_FIRST_INTERVIEW_AI_CASE_M1_SKILL_03"",""OB_FIRST_PANEL_04_HIRING_MANAGER_EV_APP0150_FIRST_INTERVIEW_PRACTITIONER_QA_M1_SKILL_04"",""OB_FIRST_PANEL_04_HIRING_MANAGER_EV_APP0150_FIRST_INTERVIEW_PRACTITIONER_QA_M1_SKILL_05"",""OB_FIRST_PANEL_04_HIRING_MANAGER_EV_APP0150_FIRST_INTERVIEW_PRACTITIONER_QA_M1_SKILL_06"",""OB_FIRST_PANEL_04_HIRING_MANAGER_EV_APP0150_FIRST_INTERVIEW_PRACTITIONER_QA_M1_SKILL_08"",""OB_FIRST_PANEL_04_HIRING_MANAGER_EV_APP0150_FIRST_INTERVIEW_TECHNICAL_ASSESSMENT_M1_SKILL_01"",""OB_FIRST_PANEL_04_HIRING_MANAGER_EV_APP0150_FIRST_INTERVIEW_TECHNICAL_ASSESSMENT_M1_SKILL_02"",""OB_FIRST_PANEL_04_HIRING_MANAGER_EV_APP0150_FIRST_INTERVIEW_TECHNICAL_ASSESSMENT_M1_SKILL_07"",""OB_FIRST_PANEL_04_ML_ENGINEER_EV_APP0150_FIRST_INTERVIEW_AI_CASE_M1_SKILL_01"",""OB_FIRST_PANEL_04_ML_ENGINEER_EV_APP0150_FIRST_INTERVIEW_AI_CASE_M1_SKILL_03"",""OB_FIRST_PANEL_04_ML_ENGINEER_EV_APP0150_FIRST_INTERVIEW_PRACTITIONER_QA_M1_SKILL_04"",""OB_FIRST_PANEL_04_ML_ENGINEER_EV_APP0150_FIRST_INTERVIEW_PRACTITIONER_QA_M1_SKILL_05"",""OB_FIRST_PANEL_04_ML_ENGINEER_EV_APP0150_FIRST_INTERVIEW_PRACTITIONER_QA_M1_SKILL_06"",""OB_FIRST_PANEL_04_ML_ENGINEER_EV_APP0150_FIRST_INTERVIEW_PRACTITIONER_QA_M1_SKILL_08"",""OB_FIRST_PANEL_04_ML_ENGINEER_EV_APP0150_FIRST_INTERVIEW_TECHNICAL_ASSESSMENT_M1_SKILL_01"",""OB_FIRST_PANEL_04_ML_ENGINEER_EV_APP0150_FIRST_INTERVIEW_TECHNICAL_ASSESSMENT_M1_SKILL_02"",""OB_FIRST_PANEL_04_ML_ENGINEER_EV_APP0150_FIRST_INTERVIEW_TECHNICAL_ASSESSMENT_M1_SKILL_07"",""OB_FIRST_PANEL_04_TECHNICAL_REVIEWER_EV_APP0150_FIRST_INTERVIEW_AI_CASE_M1_SKILL_01"",""OB_FIRST_PANEL_04_TECHNICAL_REVIEWER_EV_APP0150_FIRST_INTERVIEW_AI_CASE_M1_SKILL_03"",""OB_FIRST_PANEL_04_TECHNICAL_REVIEWER_EV_APP0150_FIRST_INTERVIEW_PRACTITIONER_QA_M1_SKILL_04"",""OB_FIRST_PANEL_04_TECHNICAL_REVIEWER_EV_APP0150_FIRST_INTERVIEW_PRACTITIONER_QA_M1_SKILL_05"",""OB_FIRST_PANEL_04_TECHNICAL_REVIEWER_EV_APP0150_FIRST_INTERVIEW_PRACTITIONER_QA_M1_SKILL_06"",""OB_FIRST_PANEL_04_TECHNICAL_REVIEWER_EV_APP0150_FIRST_INTERVIEW_PRACTITIONER_QA_M1_SKILL_08"",""OB_FIRST_PANEL_04_TECHNICAL_REVIEWER_EV_APP0150_FIRST_INTERVIEW_TECHNICAL_ASSESSMENT_M1_SKILL_01"",""OB_FIRST_PANEL_04_TECHNICAL_REVIEWER_EV_APP0150_FIRST_INTERVIEW_TECHNICAL_ASSESSMENT_M1_SKILL_02"",""OB_FIRST_PANEL_04_TECHNICAL_REVIEWER_EV_APP0150_FIRST_INTERVIEW_TECHNICAL_ASSESSMENT_M1_SKILL_07""]","[""EVALUATOR_DISAGREEMENT""]",APP0150_FIRST_INTERVIEW_CALIBRATION,직접 Observation의 평가자/Rubric 차이와 동일 맥락 충돌 검토. 합의된 LIMITED/NOT_OBSERVED만으로 회의를 만들지 않으며 품질 신호로 쓰지 않는다.
APP0153_FIRST_INTERVIEW_CALIBRATION_REVIEW,APP0153_FIRST_INTERVIEW,INTERVIEW,2026-12-14T10:00:00+09:00,"[""OB_FIRST_PANEL_05_HIRING_MANAGER_EV_APP0153_FIRST_INTERVIEW_AI_CASE_M1_SKILL_01"",""OB_FIRST_PANEL_05_HIRING_MANAGER_EV_APP0153_FIRST_INTERVIEW_AI_CASE_M1_SKILL_03"",""OB_FIRST_PANEL_05_HIRING_MANAGER_EV_APP0153_FIRST_INTERVIEW_PRACTITIONER_QA_M1_SKILL_04"",""OB_FIRST_PANEL_05_HIRING_MANAGER_EV_APP0153_FIRST_INTERVIEW_PRACTITIONER_QA_M1_SKILL_05"",""OB_FIRST_PANEL_05_HIRING_MANAGER_EV_APP0153_FIRST_INTERVIEW_PRACTITIONER_QA_M1_SKILL_06"",""OB_FIRST_PANEL_05_HIRING_MANAGER_EV_APP0153_FIRST_INTERVIEW_PRACTITIONER_QA_M1_SKILL_08"",""OB_FIRST_PANEL_05_HIRING_MANAGER_EV_APP0153_FIRST_INTERVIEW_TECHNICAL_ASSESSMENT_M1_SKILL_01"",""OB_FIRST_PANEL_05_HIRING_MANAGER_EV_APP0153_FIRST_INTERVIEW_TECHNICAL_ASSESSMENT_M1_SKILL_02"",""OB_FIRST_PANEL_05_HIRING_MANAGER_EV_APP0153_FIRST_INTERVIEW_TECHNICAL_ASSESSMENT_M1_SKILL_07"",""OB_FIRST_PANEL_05_ML_ENGINEER_EV_APP0153_FIRST_INTERVIEW_AI_CASE_M1_SKILL_01"",""OB_FIRST_PANEL_05_ML_ENGINEER_EV_APP0153_FIRST_INTERVIEW_AI_CASE_M1_SKILL_03"",""OB_FIRST_PANEL_05_ML_ENGINEER_EV_APP0153_FIRST_INTERVIEW_PRACTITIONER_QA_M1_SKILL_04"",""OB_FIRST_PANEL_05_ML_ENGINEER_EV_APP0153_FIRST_INTERVIEW_PRACTITIONER_QA_M1_SKILL_05"",""OB_FIRST_PANEL_05_ML_ENGINEER_EV_APP0153_FIRST_INTERVIEW_PRACTITIONER_QA_M1_SKILL_06"",""OB_FIRST_PANEL_05_ML_ENGINEER_EV_APP0153_FIRST_INTERVIEW_PRACTITIONER_QA_M1_SKILL_08"",""OB_FIRST_PANEL_05_ML_ENGINEER_EV_APP0153_FIRST_INTERVIEW_TECHNICAL_ASSESSMENT_M1_SKILL_01"",""OB_FIRST_PANEL_05_ML_ENGINEER_EV_APP0153_FIRST_INTERVIEW_TECHNICAL_ASSESSMENT_M1_SKILL_02"",""OB_FIRST_PANEL_05_ML_ENGINEER_EV_APP0153_FIRST_INTERVIEW_TECHNICAL_ASSESSMENT_M1_SKILL_07"",""OB_FIRST_PANEL_05_TECHNICAL_REVIEWER_EV_APP0153_FIRST_INTERVIEW_AI_CASE_M1_SKILL_01"",""OB_FIRST_PANEL_05_TECHNICAL_REVIEWER_EV_APP0153_FIRST_INTERVIEW_AI_CASE_M1_SKILL_03"",""OB_FIRST_PANEL_05_TECHNICAL_REVIEWER_EV_APP0153_FIRST_INTERVIEW_PRACTITIONER_QA_M1_SKILL_04"",""OB_FIRST_PANEL_05_TECHNICAL_REVIEWER_EV_APP0153_FIRST_INTERVIEW_PRACTITIONER_QA_M1_SKILL_05"",""OB_FIRST_PANEL_05_TECHNICAL_REVIEWER_EV_APP0153_FIRST_INTERVIEW_PRACTITIONER_QA_M1_SKILL_06"",""OB_FIRST_PANEL_05_TECHNICAL_REVIEWER_EV_APP0153_FIRST_INTERVIEW_PRACTITIONER_QA_M1_SKILL_08"",""OB_FIRST_PANEL_05_TECHNICAL_REVIEWER_EV_APP0153_FIRST_INTERVIEW_TECHNICAL_ASSESSMENT_M1_SKILL_01"",""OB_FIRST_PANEL_05_TECHNICAL_REVIEWER_EV_APP0153_FIRST_INTERVIEW_TECHNICAL_ASSESSMENT_M1_SKILL_02"",""OB_FIRST_PANEL_05_TECHNICAL_REVIEWER_EV_APP0153_FIRST_INTERVIEW_TECHNICAL_ASSESSMENT_M1_SKILL_07""]","[""EVALUATOR_DISAGREEMENT""]",APP0153_FIRST_INTERVIEW_CALIBRATION,직접 Observation의 평가자/Rubric 차이와 동일 맥락 충돌 검토. 합의된 LIMITED/NOT_OBSERVED만으로 회의를 만들지 않으며 품질 신호로 쓰지 않는다.
APP0181_FIRST_INTERVIEW_CALIBRATION_REVIEW,APP0181_FIRST_INTERVIEW,INTERVIEW,2026-12-14T10:00:00+09:00,"[""OB_FIRST_PANEL_06_HIRING_MANAGER_EV_APP0181_FIRST_INTERVIEW_AI_CASE_M1_SKILL_01"",""OB_FIRST_PANEL_06_HIRING_MANAGER_EV_APP0181_FIRST_INTERVIEW_AI_CASE_M1_SKILL_03"",""OB_FIRST_PANEL_06_HIRING_MANAGER_EV_APP0181_FIRST_INTERVIEW_PRACTITIONER_QA_M1_SKILL_04"",""OB_FIRST_PANEL_06_HIRING_MANAGER_EV_APP0181_FIRST_INTERVIEW_PRACTITIONER_QA_M1_SKILL_05"",""OB_FIRST_PANEL_06_HIRING_MANAGER_EV_APP0181_FIRST_INTERVIEW_PRACTITIONER_QA_M1_SKILL_06"",""OB_FIRST_PANEL_06_HIRING_MANAGER_EV_APP0181_FIRST_INTERVIEW_PRACTITIONER_QA_M1_SKILL_08"",""OB_FIRST_PANEL_06_HIRING_MANAGER_EV_APP0181_FIRST_INTERVIEW_TECHNICAL_ASSESSMENT_M1_SKILL_01"",""OB_FIRST_PANEL_06_HIRING_MANAGER_EV_APP0181_FIRST_INTERVIEW_TECHNICAL_ASSESSMENT_M1_SKILL_02"",""OB_FIRST_PANEL_06_HIRING_MANAGER_EV_APP0181_FIRST_INTERVIEW_TECHNICAL_ASSESSMENT_M1_SKILL_07"",""OB_FIRST_PANEL_06_ML_ENGINEER_EV_APP0181_FIRST_INTERVIEW_AI_CASE_M1_SKILL_01"",""OB_FIRST_PANEL_06_ML_ENGINEER_EV_APP0181_FIRST_INTERVIEW_AI_CASE_M1_SKILL_03"",""OB_FIRST_PANEL_06_ML_ENGINEER_EV_APP0181_FIRST_INTERVIEW_PRACTITIONER_QA_M1_SKILL_04"",""OB_FIRST_PANEL_06_ML_ENGINEER_EV_APP0181_FIRST_INTERVIEW_PRACTITIONER_QA_M1_SKILL_05"",""OB_FIRST_PANEL_06_ML_ENGINEER_EV_APP0181_FIRST_INTERVIEW_PRACTITIONER_QA_M1_SKILL_06"",""OB_FIRST_PANEL_06_ML_ENGINEER_EV_APP0181_FIRST_INTERVIEW_PRACTITIONER_QA_M1_SKILL_08"",""OB_FIRST_PANEL_06_ML_ENGINEER_EV_APP0181_FIRST_INTERVIEW_TECHNICAL_ASSESSMENT_M1_SKILL_01"",""OB_FIRST_PANEL_06_ML_ENGINEER_EV_APP0181_FIRST_INTERVIEW_TECHNICAL_ASSESSMENT_M1_SKILL_02"",""OB_FIRST_PANEL_06_ML_ENGINEER_EV_APP0181_FIRST_INTERVIEW_TECHNICAL_ASSESSMENT_M1_SKILL_07"",""OB_FIRST_PANEL_06_TECHNICAL_REVIEWER_EV_APP0181_FIRST_INTERVIEW_AI_CASE_M1_SKILL_01"",""OB_FIRST_PANEL_06_TECHNICAL_REVIEWER_EV_APP0181_FIRST_INTERVIEW_AI_CASE_M1_SKILL_03"",""OB_FIRST_PANEL_06_TECHNICAL_REVIEWER_EV_APP0181_FIRST_INTERVIEW_PRACTITIONER_QA_M1_SKILL_04"",""OB_FIRST_PANEL_06_TECHNICAL_REVIEWER_EV_APP0181_FIRST_INTERVIEW_PRACTITIONER_QA_M1_SKILL_05"",""OB_FIRST_PANEL_06_TECHNICAL_REVIEWER_EV_APP0181_FIRST_INTERVIEW_PRACTITIONER_QA_M1_SKILL_06"",""OB_FIRST_PANEL_06_TECHNICAL_REVIEWER_EV_APP0181_FIRST_INTERVIEW_PRACTITIONER_QA_M1_SKILL_08"",""OB_FIRST_PANEL_06_TECHNICAL_REVIEWER_EV_APP0181_FIRST_INTERVIEW_TECHNICAL_ASSESSMENT_M1_SKILL_01"",""OB_FIRST_PANEL_06_TECHNICAL_REVIEWER_EV_APP0181_FIRST_INTERVIEW_TECHNICAL_ASSESSMENT_M1_SKILL_02"",""OB_FIRST_PANEL_06_TECHNICAL_REVIEWER_EV_APP0181_FIRST_INTERVIEW_TECHNICAL_ASSESSMENT_M1_SKILL_07""]","[""EVALUATOR_DISAGREEMENT""]",APP0181_FIRST_INTERVIEW_CALIBRATION,직접 Observation의 평가자/Rubric 차이와 동일 맥락 충돌 검토. 합의된 LIMITED/NOT_OBSERVED만으로 회의를 만들지 않으며 품질 신호로 쓰지 않는다.
APP0189_FIRST_INTERVIEW_CALIBRATION_REVIEW,APP0189_FIRST_INTERVIEW,INTERVIEW,2026-12-14T10:00:00+09:00,"[""OB_FIRST_PANEL_07_HIRING_MANAGER_EV_APP0189_FIRST_INTERVIEW_AI_CASE_M1_SKILL_01"",""OB_FIRST_PANEL_07_HIRING_MANAGER_EV_APP0189_FIRST_INTERVIEW_AI_CASE_M1_SKILL_03"",""OB_FIRST_PANEL_07_HIRING_MANAGER_EV_APP0189_FIRST_INTERVIEW_PRACTITIONER_QA_M1_SKILL_04"",""OB_FIRST_PANEL_07_HIRING_MANAGER_EV_APP0189_FIRST_INTERVIEW_PRACTITIONER_QA_M1_SKILL_05"",""OB_FIRST_PANEL_07_HIRING_MANAGER_EV_APP0189_FIRST_INTERVIEW_PRACTITIONER_QA_M1_SKILL_06"",""OB_FIRST_PANEL_07_HIRING_MANAGER_EV_APP0189_FIRST_INTERVIEW_PRACTITIONER_QA_M1_SKILL_08"",""OB_FIRST_PANEL_07_HIRING_MANAGER_EV_APP0189_FIRST_INTERVIEW_TECHNICAL_ASSESSMENT_M1_SKILL_01"",""OB_FIRST_PANEL_07_HIRING_MANAGER_EV_APP0189_FIRST_INTERVIEW_TECHNICAL_ASSESSMENT_M1_SKILL_02"",""OB_FIRST_PANEL_07_HIRING_MANAGER_EV_APP0189_FIRST_INTERVIEW_TECHNICAL_ASSESSMENT_M1_SKILL_07"",""OB_FIRST_PANEL_07_ML_ENGINEER_EV_APP0189_FIRST_INTERVIEW_AI_CASE_M1_SKILL_01"",""OB_FIRST_PANEL_07_ML_ENGINEER_EV_APP0189_FIRST_INTERVIEW_AI_CASE_M1_SKILL_03"",""OB_FIRST_PANEL_07_ML_ENGINEER_EV_APP0189_FIRST_INTERVIEW_PRACTITIONER_QA_M1_SKILL_04"",""OB_FIRST_PANEL_07_ML_ENGINEER_EV_APP0189_FIRST_INTERVIEW_PRACTITIONER_QA_M1_SKILL_05"",""OB_FIRST_PANEL_07_ML_ENGINEER_EV_APP0189_FIRST_INTERVIEW_PRACTITIONER_QA_M1_SKILL_06"",""OB_FIRST_PANEL_07_ML_ENGINEER_EV_APP0189_FIRST_INTERVIEW_PRACTITIONER_QA_M1_SKILL_08"",""OB_FIRST_PANEL_07_ML_ENGINEER_EV_APP0189_FIRST_INTERVIEW_TECHNICAL_ASSESSMENT_M1_SKILL_01"",""OB_FIRST_PANEL_07_ML_ENGINEER_EV_APP0189_FIRST_INTERVIEW_TECHNICAL_ASSESSMENT_M1_SKILL_02"",""OB_FIRST_PANEL_07_ML_ENGINEER_EV_APP0189_FIRST_INTERVIEW_TECHNICAL_ASSESSMENT_M1_SKILL_07"",""OB_FIRST_PANEL_07_TECHNICAL_REVIEWER_EV_APP0189_FIRST_INTERVIEW_AI_CASE_M1_SKILL_01"",""OB_FIRST_PANEL_07_TECHNICAL_REVIEWER_EV_APP0189_FIRST_INTERVIEW_AI_CASE_M1_SKILL_03"",""OB_FIRST_PANEL_07_TECHNICAL_REVIEWER_EV_APP0189_FIRST_INTERVIEW_PRACTITIONER_QA_M1_SKILL_04"",""OB_FIRST_PANEL_07_TECHNICAL_REVIEWER_EV_APP0189_FIRST_INTERVIEW_PRACTITIONER_QA_M1_SKILL_05"",""OB_FIRST_PANEL_07_TECHNICAL_REVIEWER_EV_APP0189_FIRST_INTERVIEW_PRACTITIONER_QA_M1_SKILL_06"",""OB_FIRST_PANEL_07_TECHNICAL_REVIEWER_EV_APP0189_FIRST_INTERVIEW_PRACTITIONER_QA_M1_SKILL_08"",""OB_FIRST_PANEL_07_TECHNICAL_REVIEWER_EV_APP0189_FIRST_INTERVIEW_TECHNICAL_ASSESSMENT_M1_SKILL_01"",""OB_FIRST_PANEL_07_TECHNICAL_REVIEWER_EV_APP0189_FIRST_INTERVIEW_TECHNICAL_ASSESSMENT_M1_SKILL_02"",""OB_FIRST_PANEL_07_TECHNICAL_REVIEWER_EV_APP0189_FIRST_INTERVIEW_TECHNICAL_ASSESSMENT_M1_SKILL_07""]","[""EVALUATOR_DISAGREEMENT""]",APP0189_FIRST_INTERVIEW_CALIBRATION,직접 Observation의 평가자/Rubric 차이와 동일 맥락 충돌 검토. 합의된 LIMITED/NOT_OBSERVED만으로 회의를 만들지 않으며 품질 신호로 쓰지 않는다.
APP0193_FIRST_INTERVIEW_CALIBRATION_REVIEW,APP0193_FIRST_INTERVIEW,INTERVIEW,2026-12-14T10:00:00+09:00,"[""OB_FIRST_PANEL_08_HIRING_MANAGER_EV_APP0193_FIRST_INTERVIEW_AI_CASE_M1_SKILL_01"",""OB_FIRST_PANEL_08_HIRING_MANAGER_EV_APP0193_FIRST_INTERVIEW_AI_CASE_M1_SKILL_03"",""OB_FIRST_PANEL_08_HIRING_MANAGER_EV_APP0193_FIRST_INTERVIEW_PRACTITIONER_QA_M1_SKILL_04"",""OB_FIRST_PANEL_08_HIRING_MANAGER_EV_APP0193_FIRST_INTERVIEW_PRACTITIONER_QA_M1_SKILL_05"",""OB_FIRST_PANEL_08_HIRING_MANAGER_EV_APP0193_FIRST_INTERVIEW_PRACTITIONER_QA_M1_SKILL_06"",""OB_FIRST_PANEL_08_HIRING_MANAGER_EV_APP0193_FIRST_INTERVIEW_PRACTITIONER_QA_M1_SKILL_08"",""OB_FIRST_PANEL_08_HIRING_MANAGER_EV_APP0193_FIRST_INTERVIEW_TECHNICAL_ASSESSMENT_M1_SKILL_01"",""OB_FIRST_PANEL_08_HIRING_MANAGER_EV_APP0193_FIRST_INTERVIEW_TECHNICAL_ASSESSMENT_M1_SKILL_02"",""OB_FIRST_PANEL_08_HIRING_MANAGER_EV_APP0193_FIRST_INTERVIEW_TECHNICAL_ASSESSMENT_M1_SKILL_07"",""OB_FIRST_PANEL_08_ML_ENGINEER_EV_APP0193_FIRST_INTERVIEW_AI_CASE_M1_SKILL_01"",""OB_FIRST_PANEL_08_ML_ENGINEER_EV_APP0193_FIRST_INTERVIEW_AI_CASE_M1_SKILL_03"",""OB_FIRST_PANEL_08_ML_ENGINEER_EV_APP0193_FIRST_INTERVIEW_PRACTITIONER_QA_M1_SKILL_04"",""OB_FIRST_PANEL_08_ML_ENGINEER_EV_APP0193_FIRST_INTERVIEW_PRACTITIONER_QA_M1_SKILL_05"",""OB_FIRST_PANEL_08_ML_ENGINEER_EV_APP0193_FIRST_INTERVIEW_PRACTITIONER_QA_M1_SKILL_06"",""OB_FIRST_PANEL_08_ML_ENGINEER_EV_APP0193_FIRST_INTERVIEW_PRACTITIONER_QA_M1_SKILL_08"",""OB_FIRST_PANEL_08_ML_ENGINEER_EV_APP0193_FIRST_INTERVIEW_TECHNICAL_ASSESSMENT_M1_SKILL_01"",""OB_FIRST_PANEL_08_ML_ENGINEER_EV_APP0193_FIRST_INTERVIEW_TECHNICAL_ASSESSMENT_M1_SKILL_02"",""OB_FIRST_PANEL_08_ML_ENGINEER_EV_APP0193_FIRST_INTERVIEW_TECHNICAL_ASSESSMENT_M1_SKILL_07"",""OB_FIRST_PANEL_08_TECHNICAL_REVIEWER_EV_APP0193_FIRST_INTERVIEW_AI_CASE_M1_SKILL_01"",""OB_FIRST_PANEL_08_TECHNICAL_REVIEWER_EV_APP0193_FIRST_INTERVIEW_AI_CASE_M1_SKILL_03"",""OB_FIRST_PANEL_08_TECHNICAL_REVIEWER_EV_APP0193_FIRST_INTERVIEW_PRACTITIONER_QA_M1_SKILL_04"",""OB_FIRST_PANEL_08_TECHNICAL_REVIEWER_EV_APP0193_FIRST_INTERVIEW_PRACTITIONER_QA_M1_SKILL_05"",""OB_FIRST_PANEL_08_TECHNICAL_REVIEWER_EV_APP0193_FIRST_INTERVIEW_PRACTITIONER_QA_M1_SKILL_06"",""OB_FIRST_PANEL_08_TECHNICAL_REVIEWER_EV_APP0193_FIRST_INTERVIEW_PRACTITIONER_QA_M1_SKILL_08"",""OB_FIRST_PANEL_08_TECHNICAL_REVIEWER_EV_APP0193_FIRST_INTERVIEW_TECHNICAL_ASSESSMENT_M1_SKILL_01"",""OB_FIRST_PANEL_08_TECHNICAL_REVIEWER_EV_APP0193_FIRST_INTERVIEW_TECHNICAL_ASSESSMENT_M1_SKILL_02"",""OB_FIRST_PANEL_08_TECHNICAL_REVIEWER_EV_APP0193_FIRST_INTERVIEW_TECHNICAL_ASSESSMENT_M1_SKILL_07""]","[""EVALUATOR_DISAGREEMENT""]",APP0193_FIRST_INTERVIEW_CALIBRATION,직접 Observation의 평가자/Rubric 차이와 동일 맥락 충돌 검토. 합의된 LIMITED/NOT_OBSERVED만으로 회의를 만들지 않으며 품질 신호로 쓰지 않는다.
APP0223_FIRST_INTERVIEW_CALIBRATION_REVIEW,APP0223_FIRST_INTERVIEW,INTERVIEW,2026-12-14T10:00:00+09:00,"[""OB_FIRST_PANEL_09_HIRING_MANAGER_EV_APP0223_FIRST_INTERVIEW_AI_CASE_M1_SKILL_01"",""OB_FIRST_PANEL_09_HIRING_MANAGER_EV_APP0223_FIRST_INTERVIEW_AI_CASE_M1_SKILL_03"",""OB_FIRST_PANEL_09_HIRING_MANAGER_EV_APP0223_FIRST_INTERVIEW_PRACTITIONER_QA_M1_SKILL_04"",""OB_FIRST_PANEL_09_HIRING_MANAGER_EV_APP0223_FIRST_INTERVIEW_PRACTITIONER_QA_M1_SKILL_05"",""OB_FIRST_PANEL_09_HIRING_MANAGER_EV_APP0223_FIRST_INTERVIEW_PRACTITIONER_QA_M1_SKILL_06"",""OB_FIRST_PANEL_09_HIRING_MANAGER_EV_APP0223_FIRST_INTERVIEW_PRACTITIONER_QA_M1_SKILL_08"",""OB_FIRST_PANEL_09_HIRING_MANAGER_EV_APP0223_FIRST_INTERVIEW_TECHNICAL_ASSESSMENT_M1_SKILL_01"",""OB_FIRST_PANEL_09_HIRING_MANAGER_EV_APP0223_FIRST_INTERVIEW_TECHNICAL_ASSESSMENT_M1_SKILL_02"",""OB_FIRST_PANEL_09_HIRING_MANAGER_EV_APP0223_FIRST_INTERVIEW_TECHNICAL_ASSESSMENT_M1_SKILL_07"",""OB_FIRST_PANEL_09_ML_ENGINEER_EV_APP0223_FIRST_INTERVIEW_AI_CASE_M1_SKILL_01"",""OB_FIRST_PANEL_09_ML_ENGINEER_EV_APP0223_FIRST_INTERVIEW_AI_CASE_M1_SKILL_03"",""OB_FIRST_PANEL_09_ML_ENGINEER_EV_APP0223_FIRST_INTERVIEW_PRACTITIONER_QA_M1_SKILL_04"",""OB_FIRST_PANEL_09_ML_ENGINEER_EV_APP0223_FIRST_INTERVIEW_PRACTITIONER_QA_M1_SKILL_05"",""OB_FIRST_PANEL_09_ML_ENGINEER_EV_APP0223_FIRST_INTERVIEW_PRACTITIONER_QA_M1_SKILL_06"",""OB_FIRST_PANEL_09_ML_ENGINEER_EV_APP0223_FIRST_INTERVIEW_PRACTITIONER_QA_M1_SKILL_08"",""OB_FIRST_PANEL_09_ML_ENGINEER_EV_APP0223_FIRST_INTERVIEW_TECHNICAL_ASSESSMENT_M1_SKILL_01"",""OB_FIRST_PANEL_09_ML_ENGINEER_EV_APP0223_FIRST_INTERVIEW_TECHNICAL_ASSESSMENT_M1_SKILL_02"",""OB_FIRST_PANEL_09_ML_ENGINEER_EV_APP0223_FIRST_INTERVIEW_TECHNICAL_ASSESSMENT_M1_SKILL_07"",""OB_FIRST_PANEL_09_TECHNICAL_REVIEWER_EV_APP0223_FIRST_INTERVIEW_AI_CASE_M1_SKILL_01"",""OB_FIRST_PANEL_09_TECHNICAL_REVIEWER_EV_APP0223_FIRST_INTERVIEW_AI_CASE_M1_SKILL_03"",""OB_FIRST_PANEL_09_TECHNICAL_REVIEWER_EV_APP0223_FIRST_INTERVIEW_PRACTITIONER_QA_M1_SKILL_04"",""OB_FIRST_PANEL_09_TECHNICAL_REVIEWER_EV_APP0223_FIRST_INTERVIEW_PRACTITIONER_QA_M1_SKILL_05"",""OB_FIRST_PANEL_09_TECHNICAL_REVIEWER_EV_APP0223_FIRST_INTERVIEW_PRACTITIONER_QA_M1_SKILL_06"",""OB_FIRST_PANEL_09_TECHNICAL_REVIEWER_EV_APP0223_FIRST_INTERVIEW_PRACTITIONER_QA_M1_SKILL_08"",""OB_FIRST_PANEL_09_TECHNICAL_REVIEWER_EV_APP0223_FIRST_INTERVIEW_TECHNICAL_ASSESSMENT_M1_SKILL_01"",""OB_FIRST_PANEL_09_TECHNICAL_REVIEWER_EV_APP0223_FIRST_INTERVIEW_TECHNICAL_ASSESSMENT_M1_SKILL_02"",""OB_FIRST_PANEL_09_TECHNICAL_REVIEWER_EV_APP0223_FIRST_INTERVIEW_TECHNICAL_ASSESSMENT_M1_SKILL_07""]","[""EVALUATOR_DISAGREEMENT""]",APP0223_FIRST_INTERVIEW_CALIBRATION,직접 Observation의 평가자/Rubric 차이와 동일 맥락 충돌 검토. 합의된 LIMITED/NOT_OBSERVED만으로 회의를 만들지 않으며 품질 신호로 쓰지 않는다.
APP0228_FIRST_INTERVIEW_CALIBRATION_REVIEW,APP0228_FIRST_INTERVIEW,INTERVIEW,2026-12-14T10:00:00+09:00,"[""OB_FIRST_PANEL_10_HIRING_MANAGER_EV_APP0228_FIRST_INTERVIEW_AI_CASE_M1_SKILL_01"",""OB_FIRST_PANEL_10_HIRING_MANAGER_EV_APP0228_FIRST_INTERVIEW_AI_CASE_M1_SKILL_03"",""OB_FIRST_PANEL_10_HIRING_MANAGER_EV_APP0228_FIRST_INTERVIEW_PRACTITIONER_QA_M1_SKILL_04"",""OB_FIRST_PANEL_10_HIRING_MANAGER_EV_APP0228_FIRST_INTERVIEW_PRACTITIONER_QA_M1_SKILL_05"",""OB_FIRST_PANEL_10_HIRING_MANAGER_EV_APP0228_FIRST_INTERVIEW_PRACTITIONER_QA_M1_SKILL_06"",""OB_FIRST_PANEL_10_HIRING_MANAGER_EV_APP0228_FIRST_INTERVIEW_PRACTITIONER_QA_M1_SKILL_08"",""OB_FIRST_PANEL_10_HIRING_MANAGER_EV_APP0228_FIRST_INTERVIEW_TECHNICAL_ASSESSMENT_M1_SKILL_01"",""OB_FIRST_PANEL_10_HIRING_MANAGER_EV_APP0228_FIRST_INTERVIEW_TECHNICAL_ASSESSMENT_M1_SKILL_02"",""OB_FIRST_PANEL_10_HIRING_MANAGER_EV_APP0228_FIRST_INTERVIEW_TECHNICAL_ASSESSMENT_M1_SKILL_07"",""OB_FIRST_PANEL_10_ML_ENGINEER_EV_APP0228_FIRST_INTERVIEW_AI_CASE_M1_SKILL_01"",""OB_FIRST_PANEL_10_ML_ENGINEER_EV_APP0228_FIRST_INTERVIEW_AI_CASE_M1_SKILL_03"",""OB_FIRST_PANEL_10_ML_ENGINEER_EV_APP0228_FIRST_INTERVIEW_PRACTITIONER_QA_M1_SKILL_04"",""OB_FIRST_PANEL_10_ML_ENGINEER_EV_APP0228_FIRST_INTERVIEW_PRACTITIONER_QA_M1_SKILL_05"",""OB_FIRST_PANEL_10_ML_ENGINEER_EV_APP0228_FIRST_INTERVIEW_PRACTITIONER_QA_M1_SKILL_06"",""OB_FIRST_PANEL_10_ML_ENGINEER_EV_APP0228_FIRST_INTERVIEW_PRACTITIONER_QA_M1_SKILL_08"",""OB_FIRST_PANEL_10_ML_ENGINEER_EV_APP0228_FIRST_INTERVIEW_TECHNICAL_ASSESSMENT_M1_SKILL_01"",""OB_FIRST_PANEL_10_ML_ENGINEER_EV_APP0228_FIRST_INTERVIEW_TECHNICAL_ASSESSMENT_M1_SKILL_02"",""OB_FIRST_PANEL_10_ML_ENGINEER_EV_APP0228_FIRST_INTERVIEW_TECHNICAL_ASSESSMENT_M1_SKILL_07"",""OB_FIRST_PANEL_10_TECHNICAL_REVIEWER_EV_APP0228_FIRST_INTERVIEW_AI_CASE_M1_SKILL_01"",""OB_FIRST_PANEL_10_TECHNICAL_REVIEWER_EV_APP0228_FIRST_INTERVIEW_AI_CASE_M1_SKILL_03"",""OB_FIRST_PANEL_10_TECHNICAL_REVIEWER_EV_APP0228_FIRST_INTERVIEW_PRACTITIONER_QA_M1_SKILL_04"",""OB_FIRST_PANEL_10_TECHNICAL_REVIEWER_EV_APP0228_FIRST_INTERVIEW_PRACTITIONER_QA_M1_SKILL_05"",""OB_FIRST_PANEL_10_TECHNICAL_REVIEWER_EV_APP0228_FIRST_INTERVIEW_PRACTITIONER_QA_M1_SKILL_06"",""OB_FIRST_PANEL_10_TECHNICAL_REVIEWER_EV_APP0228_FIRST_INTERVIEW_PRACTITIONER_QA_M1_SKILL_08"",""OB_FIRST_PANEL_10_TECHNICAL_REVIEWER_EV_APP0228_FIRST_INTERVIEW_TECHNICAL_ASSESSMENT_M1_SKILL_01"",""OB_FIRST_PANEL_10_TECHNICAL_REVIEWER_EV_APP0228_FIRST_INTERVIEW_TECHNICAL_ASSESSMENT_M1_SKILL_02"",""OB_FIRST_PANEL_10_TECHNICAL_REVIEWER_EV_APP0228_FIRST_INTERVIEW_TECHNICAL_ASSESSMENT_M1_SKILL_07""]","[""EVALUATOR_DISAGREEMENT""]",APP0228_FIRST_INTERVIEW_CALIBRATION,직접 Observation의 평가자/Rubric 차이와 동일 맥락 충돌 검토. 합의된 LIMITED/NOT_OBSERVED만으로 회의를 만들지 않으며 품질 신호로 쓰지 않는다.
APP0237_FIRST_INTERVIEW_CALIBRATION_REVIEW,APP0237_FIRST_INTERVIEW,INTERVIEW,2026-12-17T10:00:00+09:00,"[""OB_FIRST_PANEL_01_HIRING_MANAGER_EV_APP0237_FIRST_INTERVIEW_AI_CASE_M1_SKILL_01"",""OB_FIRST_PANEL_01_HIRING_MANAGER_EV_APP0237_FIRST_INTERVIEW_AI_CASE_M1_SKILL_03"",""OB_FIRST_PANEL_01_HIRING_MANAGER_EV_APP0237_FIRST_INTERVIEW_PRACTITIONER_QA_M1_SKILL_04"",""OB_FIRST_PANEL_01_HIRING_MANAGER_EV_APP0237_FIRST_INTERVIEW_PRACTITIONER_QA_M1_SKILL_05"",""OB_FIRST_PANEL_01_HIRING_MANAGER_EV_APP0237_FIRST_INTERVIEW_PRACTITIONER_QA_M1_SKILL_06"",""OB_FIRST_PANEL_01_HIRING_MANAGER_EV_APP0237_FIRST_INTERVIEW_PRACTITIONER_QA_M1_SKILL_08"",""OB_FIRST_PANEL_01_HIRING_MANAGER_EV_APP0237_FIRST_INTERVIEW_TECHNICAL_ASSESSMENT_M1_SKILL_01"",""OB_FIRST_PANEL_01_HIRING_MANAGER_EV_APP0237_FIRST_INTERVIEW_TECHNICAL_ASSESSMENT_M1_SKILL_02"",""OB_FIRST_PANEL_01_HIRING_MANAGER_EV_APP0237_FIRST_INTERVIEW_TECHNICAL_ASSESSMENT_M1_SKILL_07"",""OB_FIRST_PANEL_01_ML_ENGINEER_EV_APP0237_FIRST_INTERVIEW_AI_CASE_M1_SKILL_01"",""OB_FIRST_PANEL_01_ML_ENGINEER_EV_APP0237_FIRST_INTERVIEW_AI_CASE_M1_SKILL_03"",""OB_FIRST_PANEL_01_ML_ENGINEER_EV_APP0237_FIRST_INTERVIEW_PRACTITIONER_QA_M1_SKILL_04"",""OB_FIRST_PANEL_01_ML_ENGINEER_EV_APP0237_FIRST_INTERVIEW_PRACTITIONER_QA_M1_SKILL_05"",""OB_FIRST_PANEL_01_ML_ENGINEER_EV_APP0237_FIRST_INTERVIEW_PRACTITIONER_QA_M1_SKILL_06"",""OB_FIRST_PANEL_01_ML_ENGINEER_EV_APP0237_FIRST_INTERVIEW_PRACTITIONER_QA_M1_SKILL_08"",""OB_FIRST_PANEL_01_ML_ENGINEER_EV_APP0237_FIRST_INTERVIEW_TECHNICAL_ASSESSMENT_M1_SKILL_01"",""OB_FIRST_PANEL_01_ML_ENGINEER_EV_APP0237_FIRST_INTERVIEW_TECHNICAL_ASSESSMENT_M1_SKILL_02"",""OB_FIRST_PANEL_01_ML_ENGINEER_EV_APP0237_FIRST_INTERVIEW_TECHNICAL_ASSESSMENT_M1_SKILL_07"",""OB_FIRST_PANEL_01_TECHNICAL_REVIEWER_EV_APP0237_FIRST_INTERVIEW_AI_CASE_M1_SKILL_01"",""OB_FIRST_PANEL_01_TECHNICAL_REVIEWER_EV_APP0237_FIRST_INTERVIEW_AI_CASE_M1_SKILL_03"",""OB_FIRST_PANEL_01_TECHNICAL_REVIEWER_EV_APP0237_FIRST_INTERVIEW_PRACTITIONER_QA_M1_SKILL_04"",""OB_FIRST_PANEL_01_TECHNICAL_REVIEWER_EV_APP0237_FIRST_INTERVIEW_PRACTITIONER_QA_M1_SKILL_05"",""OB_FIRST_PANEL_01_TECHNICAL_REVIEWER_EV_APP0237_FIRST_INTERVIEW_PRACTITIONER_QA_M1_SKILL_06"",""OB_FIRST_PANEL_01_TECHNICAL_REVIEWER_EV_APP0237_FIRST_INTERVIEW_PRACTITIONER_QA_M1_SKILL_08"",""OB_FIRST_PANEL_01_TECHNICAL_REVIEWER_EV_APP0237_FIRST_INTERVIEW_TECHNICAL_ASSESSMENT_M1_SKILL_01"",""OB_FIRST_PANEL_01_TECHNICAL_REVIEWER_EV_APP0237_FIRST_INTERVIEW_TECHNICAL_ASSESSMENT_M1_SKILL_02"",""OB_FIRST_PANEL_01_TECHNICAL_REVIEWER_EV_APP0237_FIRST_INTERVIEW_TECHNICAL_ASSESSMENT_M1_SKILL_07""]",[],,직접 Observation의 평가자/Rubric 차이와 동일 맥락 충돌 검토. 합의된 LIMITED/NOT_OBSERVED만으로 회의를 만들지 않으며 품질 신호로 쓰지 않는다.
APP0238_FIRST_INTERVIEW_CALIBRATION_REVIEW,APP0238_FIRST_INTERVIEW,INTERVIEW,2026-12-17T10:00:00+09:00,"[""OB_FIRST_PANEL_02_HIRING_MANAGER_EV_APP0238_FIRST_INTERVIEW_AI_CASE_M1_SKILL_01"",""OB_FIRST_PANEL_02_HIRING_MANAGER_EV_APP0238_FIRST_INTERVIEW_AI_CASE_M1_SKILL_03"",""OB_FIRST_PANEL_02_HIRING_MANAGER_EV_APP0238_FIRST_INTERVIEW_PRACTITIONER_QA_M1_SKILL_04"",""OB_FIRST_PANEL_02_HIRING_MANAGER_EV_APP0238_FIRST_INTERVIEW_PRACTITIONER_QA_M1_SKILL_05"",""OB_FIRST_PANEL_02_HIRING_MANAGER_EV_APP0238_FIRST_INTERVIEW_PRACTITIONER_QA_M1_SKILL_06"",""OB_FIRST_PANEL_02_HIRING_MANAGER_EV_APP0238_FIRST_INTERVIEW_PRACTITIONER_QA_M1_SKILL_08"",""OB_FIRST_PANEL_02_HIRING_MANAGER_EV_APP0238_FIRST_INTERVIEW_TECHNICAL_ASSESSMENT_M1_SKILL_01"",""OB_FIRST_PANEL_02_HIRING_MANAGER_EV_APP0238_FIRST_INTERVIEW_TECHNICAL_ASSESSMENT_M1_SKILL_02"",""OB_FIRST_PANEL_02_HIRING_MANAGER_EV_APP0238_FIRST_INTERVIEW_TECHNICAL_ASSESSMENT_M1_SKILL_07"",""OB_FIRST_PANEL_02_ML_ENGINEER_EV_APP0238_FIRST_INTERVIEW_AI_CASE_M1_SKILL_01"",""OB_FIRST_PANEL_02_ML_ENGINEER_EV_APP0238_FIRST_INTERVIEW_AI_CASE_M1_SKILL_03"",""OB_FIRST_PANEL_02_ML_ENGINEER_EV_APP0238_FIRST_INTERVIEW_PRACTITIONER_QA_M1_SKILL_04"",""OB_FIRST_PANEL_02_ML_ENGINEER_EV_APP0238_FIRST_INTERVIEW_PRACTITIONER_QA_M1_SKILL_05"",""OB_FIRST_PANEL_02_ML_ENGINEER_EV_APP0238_FIRST_INTERVIEW_PRACTITIONER_QA_M1_SKILL_06"",""OB_FIRST_PANEL_02_ML_ENGINEER_EV_APP0238_FIRST_INTERVIEW_PRACTITIONER_QA_M1_SKILL_08"",""OB_FIRST_PANEL_02_ML_ENGINEER_EV_APP0238_FIRST_INTERVIEW_TECHNICAL_ASSESSMENT_M1_SKILL_01"",""OB_FIRST_PANEL_02_ML_ENGINEER_EV_APP0238_FIRST_INTERVIEW_TECHNICAL_ASSESSMENT_M1_SKILL_02"",""OB_FIRST_PANEL_02_ML_ENGINEER_EV_APP0238_FIRST_INTERVIEW_TECHNICAL_ASSESSMENT_M1_SKILL_07"",""OB_FIRST_PANEL_02_TECHNICAL_REVIEWER_EV_APP0238_FIRST_INTERVIEW_AI_CASE_M1_SKILL_01"",""OB_FIRST_PANEL_02_TECHNICAL_REVIEWER_EV_APP0238_FIRST_INTERVIEW_AI_CASE_M1_SKILL_03"",""OB_FIRST_PANEL_02_TECHNICAL_REVIEWER_EV_APP0238_FIRST_INTERVIEW_PRACTITIONER_QA_M1_SKILL_04"",""OB_FIRST_PANEL_02_TECHNICAL_REVIEWER_EV_APP0238_FIRST_INTERVIEW_PRACTITIONER_QA_M1_SKILL_05"",""OB_FIRST_PANEL_02_TECHNICAL_REVIEWER_EV_APP0238_FIRST_INTERVIEW_PRACTITIONER_QA_M1_SKILL_06"",""OB_FIRST_PANEL_02_TECHNICAL_REVIEWER_EV_APP0238_FIRST_INTERVIEW_PRACTITIONER_QA_M1_SKILL_08"",""OB_FIRST_PANEL_02_TECHNICAL_REVIEWER_EV_APP0238_FIRST_INTERVIEW_TECHNICAL_ASSESSMENT_M1_SKILL_01"",""OB_FIRST_PANEL_02_TECHNICAL_REVIEWER_EV_APP0238_FIRST_INTERVIEW_TECHNICAL_ASSESSMENT_M1_SKILL_02"",""OB_FIRST_PANEL_02_TECHNICAL_REVIEWER_EV_APP0238_FIRST_INTERVIEW_TECHNICAL_ASSESSMENT_M1_SKILL_07""]","[""EVALUATOR_DISAGREEMENT""]",APP0238_FIRST_INTERVIEW_CALIBRATION,직접 Observation의 평가자/Rubric 차이와 동일 맥락 충돌 검토. 합의된 LIMITED/NOT_OBSERVED만으로 회의를 만들지 않으며 품질 신호로 쓰지 않는다.
APP0268_FIRST_INTERVIEW_CALIBRATION_REVIEW,APP0268_FIRST_INTERVIEW,INTERVIEW,2026-12-17T10:00:00+09:00,"[""OB_FIRST_PANEL_04_HIRING_MANAGER_EV_APP0268_FIRST_INTERVIEW_AI_CASE_M1_SKILL_01"",""OB_FIRST_PANEL_04_HIRING_MANAGER_EV_APP0268_FIRST_INTERVIEW_AI_CASE_M1_SKILL_03"",""OB_FIRST_PANEL_04_HIRING_MANAGER_EV_APP0268_FIRST_INTERVIEW_PRACTITIONER_QA_M1_SKILL_04"",""OB_FIRST_PANEL_04_HIRING_MANAGER_EV_APP0268_FIRST_INTERVIEW_PRACTITIONER_QA_M1_SKILL_05"",""OB_FIRST_PANEL_04_HIRING_MANAGER_EV_APP0268_FIRST_INTERVIEW_PRACTITIONER_QA_M1_SKILL_06"",""OB_FIRST_PANEL_04_HIRING_MANAGER_EV_APP0268_FIRST_INTERVIEW_PRACTITIONER_QA_M1_SKILL_08"",""OB_FIRST_PANEL_04_HIRING_MANAGER_EV_APP0268_FIRST_INTERVIEW_TECHNICAL_ASSESSMENT_M1_SKILL_01"",""OB_FIRST_PANEL_04_HIRING_MANAGER_EV_APP0268_FIRST_INTERVIEW_TECHNICAL_ASSESSMENT_M1_SKILL_02"",""OB_FIRST_PANEL_04_HIRING_MANAGER_EV_APP0268_FIRST_INTERVIEW_TECHNICAL_ASSESSMENT_M1_SKILL_07"",""OB_FIRST_PANEL_04_ML_ENGINEER_EV_APP0268_FIRST_INTERVIEW_AI_CASE_M1_SKILL_01"",""OB_FIRST_PANEL_04_ML_ENGINEER_EV_APP0268_FIRST_INTERVIEW_AI_CASE_M1_SKILL_03"",""OB_FIRST_PANEL_04_ML_ENGINEER_EV_APP0268_FIRST_INTERVIEW_PRACTITIONER_QA_M1_SKILL_04"",""OB_FIRST_PANEL_04_ML_ENGINEER_EV_APP0268_FIRST_INTERVIEW_PRACTITIONER_QA_M1_SKILL_05"",""OB_FIRST_PANEL_04_ML_ENGINEER_EV_APP0268_FIRST_INTERVIEW_PRACTITIONER_QA_M1_SKILL_06"",""OB_FIRST_PANEL_04_ML_ENGINEER_EV_APP0268_FIRST_INTERVIEW_PRACTITIONER_QA_M1_SKILL_08"",""OB_FIRST_PANEL_04_ML_ENGINEER_EV_APP0268_FIRST_INTERVIEW_TECHNICAL_ASSESSMENT_M1_SKILL_01"",""OB_FIRST_PANEL_04_ML_ENGINEER_EV_APP0268_FIRST_INTERVIEW_TECHNICAL_ASSESSMENT_M1_SKILL_02"",""OB_FIRST_PANEL_04_ML_ENGINEER_EV_APP0268_FIRST_INTERVIEW_TECHNICAL_ASSESSMENT_M1_SKILL_07"",""OB_FIRST_PANEL_04_TECHNICAL_REVIEWER_EV_APP0268_FIRST_INTERVIEW_AI_CASE_M1_SKILL_01"",""OB_FIRST_PANEL_04_TECHNICAL_REVIEWER_EV_APP0268_FIRST_INTERVIEW_AI_CASE_M1_SKILL_03"",""OB_FIRST_PANEL_04_TECHNICAL_REVIEWER_EV_APP0268_FIRST_INTERVIEW_PRACTITIONER_QA_M1_SKILL_04"",""OB_FIRST_PANEL_04_TECHNICAL_REVIEWER_EV_APP0268_FIRST_INTERVIEW_PRACTITIONER_QA_M1_SKILL_05"",""OB_FIRST_PANEL_04_TECHNICAL_REVIEWER_EV_APP0268_FIRST_INTERVIEW_PRACTITIONER_QA_M1_SKILL_06"",""OB_FIRST_PANEL_04_TECHNICAL_REVIEWER_EV_APP0268_FIRST_INTERVIEW_PRACTITIONER_QA_M1_SKILL_08"",""OB_FIRST_PANEL_04_TECHNICAL_REVIEWER_EV_APP0268_FIRST_INTERVIEW_TECHNICAL_ASSESSMENT_M1_SKILL_01"",""OB_FIRST_PANEL_04_TECHNICAL_REVIEWER_EV_APP0268_FIRST_INTERVIEW_TECHNICAL_ASSESSMENT_M1_SKILL_02"",""OB_FIRST_PANEL_04_TECHNICAL_REVIEWER_EV_APP0268_FIRST_INTERVIEW_TECHNICAL_ASSESSMENT_M1_SKILL_07""]","[""EVALUATOR_DISAGREEMENT""]",APP0268_FIRST_INTERVIEW_CALIBRATION,직접 Observation의 평가자/Rubric 차이와 동일 맥락 충돌 검토. 합의된 LIMITED/NOT_OBSERVED만으로 회의를 만들지 않으며 품질 신호로 쓰지 않는다.
APP0270_FIRST_INTERVIEW_CALIBRATION_REVIEW,APP0270_FIRST_INTERVIEW,INTERVIEW,2026-12-17T10:00:00+09:00,"[""OB_FIRST_PANEL_05_HIRING_MANAGER_EV_APP0270_FIRST_INTERVIEW_AI_CASE_M1_SKILL_01"",""OB_FIRST_PANEL_05_HIRING_MANAGER_EV_APP0270_FIRST_INTERVIEW_AI_CASE_M1_SKILL_03"",""OB_FIRST_PANEL_05_HIRING_MANAGER_EV_APP0270_FIRST_INTERVIEW_PRACTITIONER_QA_M1_SKILL_04"",""OB_FIRST_PANEL_05_HIRING_MANAGER_EV_APP0270_FIRST_INTERVIEW_PRACTITIONER_QA_M1_SKILL_05"",""OB_FIRST_PANEL_05_HIRING_MANAGER_EV_APP0270_FIRST_INTERVIEW_PRACTITIONER_QA_M1_SKILL_06"",""OB_FIRST_PANEL_05_HIRING_MANAGER_EV_APP0270_FIRST_INTERVIEW_PRACTITIONER_QA_M1_SKILL_08"",""OB_FIRST_PANEL_05_HIRING_MANAGER_EV_APP0270_FIRST_INTERVIEW_TECHNICAL_ASSESSMENT_M1_SKILL_01"",""OB_FIRST_PANEL_05_HIRING_MANAGER_EV_APP0270_FIRST_INTERVIEW_TECHNICAL_ASSESSMENT_M1_SKILL_02"",""OB_FIRST_PANEL_05_HIRING_MANAGER_EV_APP0270_FIRST_INTERVIEW_TECHNICAL_ASSESSMENT_M1_SKILL_07"",""OB_FIRST_PANEL_05_ML_ENGINEER_EV_APP0270_FIRST_INTERVIEW_AI_CASE_M1_SKILL_01"",""OB_FIRST_PANEL_05_ML_ENGINEER_EV_APP0270_FIRST_INTERVIEW_AI_CASE_M1_SKILL_03"",""OB_FIRST_PANEL_05_ML_ENGINEER_EV_APP0270_FIRST_INTERVIEW_PRACTITIONER_QA_M1_SKILL_04"",""OB_FIRST_PANEL_05_ML_ENGINEER_EV_APP0270_FIRST_INTERVIEW_PRACTITIONER_QA_M1_SKILL_05"",""OB_FIRST_PANEL_05_ML_ENGINEER_EV_APP0270_FIRST_INTERVIEW_PRACTITIONER_QA_M1_SKILL_06"",""OB_FIRST_PANEL_05_ML_ENGINEER_EV_APP0270_FIRST_INTERVIEW_PRACTITIONER_QA_M1_SKILL_08"",""OB_FIRST_PANEL_05_ML_ENGINEER_EV_APP0270_FIRST_INTERVIEW_TECHNICAL_ASSESSMENT_M1_SKILL_01"",""OB_FIRST_PANEL_05_ML_ENGINEER_EV_APP0270_FIRST_INTERVIEW_TECHNICAL_ASSESSMENT_M1_SKILL_02"",""OB_FIRST_PANEL_05_ML_ENGINEER_EV_APP0270_FIRST_INTERVIEW_TECHNICAL_ASSESSMENT_M1_SKILL_07"",""OB_FIRST_PANEL_05_TECHNICAL_REVIEWER_EV_APP0270_FIRST_INTERVIEW_AI_CASE_M1_SKILL_01"",""OB_FIRST_PANEL_05_TECHNICAL_REVIEWER_EV_APP0270_FIRST_INTERVIEW_AI_CASE_M1_SKILL_03"",""OB_FIRST_PANEL_05_TECHNICAL_REVIEWER_EV_APP0270_FIRST_INTERVIEW_PRACTITIONER_QA_M1_SKILL_04"",""OB_FIRST_PANEL_05_TECHNICAL_REVIEWER_EV_APP0270_FIRST_INTERVIEW_PRACTITIONER_QA_M1_SKILL_05"",""OB_FIRST_PANEL_05_TECHNICAL_REVIEWER_EV_APP0270_FIRST_INTERVIEW_PRACTITIONER_QA_M1_SKILL_06"",""OB_FIRST_PANEL_05_TECHNICAL_REVIEWER_EV_APP0270_FIRST_INTERVIEW_PRACTITIONER_QA_M1_SKILL_08"",""OB_FIRST_PANEL_05_TECHNICAL_REVIEWER_EV_APP0270_FIRST_INTERVIEW_TECHNICAL_ASSESSMENT_M1_SKILL_01"",""OB_FIRST_PANEL_05_TECHNICAL_REVIEWER_EV_APP0270_FIRST_INTERVIEW_TECHNICAL_ASSESSMENT_M1_SKILL_02"",""OB_FIRST_PANEL_05_TECHNICAL_REVIEWER_EV_APP0270_FIRST_INTERVIEW_TECHNICAL_ASSESSMENT_M1_SKILL_07""]",[],,직접 Observation의 평가자/Rubric 차이와 동일 맥락 충돌 검토. 합의된 LIMITED/NOT_OBSERVED만으로 회의를 만들지 않으며 품질 신호로 쓰지 않는다.
APP0285_FIRST_INTERVIEW_CALIBRATION_REVIEW,APP0285_FIRST_INTERVIEW,INTERVIEW,2026-12-17T10:00:00+09:00,"[""OB_FIRST_PANEL_06_HIRING_MANAGER_EV_APP0285_FIRST_INTERVIEW_AI_CASE_M1_SKILL_01"",""OB_FIRST_PANEL_06_HIRING_MANAGER_EV_APP0285_FIRST_INTERVIEW_AI_CASE_M1_SKILL_03"",""OB_FIRST_PANEL_06_HIRING_MANAGER_EV_APP0285_FIRST_INTERVIEW_PRACTITIONER_QA_M1_SKILL_04"",""OB_FIRST_PANEL_06_HIRING_MANAGER_EV_APP0285_FIRST_INTERVIEW_PRACTITIONER_QA_M1_SKILL_05"",""OB_FIRST_PANEL_06_HIRING_MANAGER_EV_APP0285_FIRST_INTERVIEW_PRACTITIONER_QA_M1_SKILL_06"",""OB_FIRST_PANEL_06_HIRING_MANAGER_EV_APP0285_FIRST_INTERVIEW_PRACTITIONER_QA_M1_SKILL_08"",""OB_FIRST_PANEL_06_HIRING_MANAGER_EV_APP0285_FIRST_INTERVIEW_TECHNICAL_ASSESSMENT_M1_SKILL_01"",""OB_FIRST_PANEL_06_HIRING_MANAGER_EV_APP0285_FIRST_INTERVIEW_TECHNICAL_ASSESSMENT_M1_SKILL_02"",""OB_FIRST_PANEL_06_HIRING_MANAGER_EV_APP0285_FIRST_INTERVIEW_TECHNICAL_ASSESSMENT_M1_SKILL_07"",""OB_FIRST_PANEL_06_ML_ENGINEER_EV_APP0285_FIRST_INTERVIEW_AI_CASE_M1_SKILL_01"",""OB_FIRST_PANEL_06_ML_ENGINEER_EV_APP0285_FIRST_INTERVIEW_AI_CASE_M1_SKILL_03"",""OB_FIRST_PANEL_06_ML_ENGINEER_EV_APP0285_FIRST_INTERVIEW_PRACTITIONER_QA_M1_SKILL_04"",""OB_FIRST_PANEL_06_ML_ENGINEER_EV_APP0285_FIRST_INTERVIEW_PRACTITIONER_QA_M1_SKILL_05"",""OB_FIRST_PANEL_06_ML_ENGINEER_EV_APP0285_FIRST_INTERVIEW_PRACTITIONER_QA_M1_SKILL_06"",""OB_FIRST_PANEL_06_ML_ENGINEER_EV_APP0285_FIRST_INTERVIEW_PRACTITIONER_QA_M1_SKILL_08"",""OB_FIRST_PANEL_06_ML_ENGINEER_EV_APP0285_FIRST_INTERVIEW_TECHNICAL_ASSESSMENT_M1_SKILL_01"",""OB_FIRST_PANEL_06_ML_ENGINEER_EV_APP0285_FIRST_INTERVIEW_TECHNICAL_ASSESSMENT_M1_SKILL_02"",""OB_FIRST_PANEL_06_ML_ENGINEER_EV_APP0285_FIRST_INTERVIEW_TECHNICAL_ASSESSMENT_M1_SKILL_07"",""OB_FIRST_PANEL_06_TECHNICAL_REVIEWER_EV_APP0285_FIRST_INTERVIEW_AI_CASE_M1_SKILL_01"",""OB_FIRST_PANEL_06_TECHNICAL_REVIEWER_EV_APP0285_FIRST_INTERVIEW_AI_CASE_M1_SKILL_03"",""OB_FIRST_PANEL_06_TECHNICAL_REVIEWER_EV_APP0285_FIRST_INTERVIEW_PRACTITIONER_QA_M1_SKILL_04"",""OB_FIRST_PANEL_06_TECHNICAL_REVIEWER_EV_APP0285_FIRST_INTERVIEW_PRACTITIONER_QA_M1_SKILL_05"",""OB_FIRST_PANEL_06_TECHNICAL_REVIEWER_EV_APP0285_FIRST_INTERVIEW_PRACTITIONER_QA_M1_SKILL_06"",""OB_FIRST_PANEL_06_TECHNICAL_REVIEWER_EV_APP0285_FIRST_INTERVIEW_PRACTITIONER_QA_M1_SKILL_08"",""OB_FIRST_PANEL_06_TECHNICAL_REVIEWER_EV_APP0285_FIRST_INTERVIEW_TECHNICAL_ASSESSMENT_M1_SKILL_01"",""OB_FIRST_PANEL_06_TECHNICAL_REVIEWER_EV_APP0285_FIRST_INTERVIEW_TECHNICAL_ASSESSMENT_M1_SKILL_02"",""OB_FIRST_PANEL_06_TECHNICAL_REVIEWER_EV_APP0285_FIRST_INTERVIEW_TECHNICAL_ASSESSMENT_M1_SKILL_07""]",[],,직접 Observation의 평가자/Rubric 차이와 동일 맥락 충돌 검토. 합의된 LIMITED/NOT_OBSERVED만으로 회의를 만들지 않으며 품질 신호로 쓰지 않는다.
APP0297_FIRST_INTERVIEW_CALIBRATION_REVIEW,APP0297_FIRST_INTERVIEW,INTERVIEW,2026-12-17T10:00:00+09:00,"[""OB_FIRST_PANEL_07_HIRING_MANAGER_EV_APP0297_FIRST_INTERVIEW_AI_CASE_M1_SKILL_01"",""OB_FIRST_PANEL_07_HIRING_MANAGER_EV_APP0297_FIRST_INTERVIEW_AI_CASE_M1_SKILL_03"",""OB_FIRST_PANEL_07_HIRING_MANAGER_EV_APP0297_FIRST_INTERVIEW_PRACTITIONER_QA_M1_SKILL_04"",""OB_FIRST_PANEL_07_HIRING_MANAGER_EV_APP0297_FIRST_INTERVIEW_PRACTITIONER_QA_M1_SKILL_05"",""OB_FIRST_PANEL_07_HIRING_MANAGER_EV_APP0297_FIRST_INTERVIEW_PRACTITIONER_QA_M1_SKILL_06"",""OB_FIRST_PANEL_07_HIRING_MANAGER_EV_APP0297_FIRST_INTERVIEW_PRACTITIONER_QA_M1_SKILL_08"",""OB_FIRST_PANEL_07_HIRING_MANAGER_EV_APP0297_FIRST_INTERVIEW_TECHNICAL_ASSESSMENT_M1_SKILL_01"",""OB_FIRST_PANEL_07_HIRING_MANAGER_EV_APP0297_FIRST_INTERVIEW_TECHNICAL_ASSESSMENT_M1_SKILL_02"",""OB_FIRST_PANEL_07_HIRING_MANAGER_EV_APP0297_FIRST_INTERVIEW_TECHNICAL_ASSESSMENT_M1_SKILL_07"",""OB_FIRST_PANEL_07_ML_ENGINEER_EV_APP0297_FIRST_INTERVIEW_AI_CASE_M1_SKILL_01"",""OB_FIRST_PANEL_07_ML_ENGINEER_EV_APP0297_FIRST_INTERVIEW_AI_CASE_M1_SKILL_03"",""OB_FIRST_PANEL_07_ML_ENGINEER_EV_APP0297_FIRST_INTERVIEW_PRACTITIONER_QA_M1_SKILL_04"",""OB_FIRST_PANEL_07_ML_ENGINEER_EV_APP0297_FIRST_INTERVIEW_PRACTITIONER_QA_M1_SKILL_05"",""OB_FIRST_PANEL_07_ML_ENGINEER_EV_APP0297_FIRST_INTERVIEW_PRACTITIONER_QA_M1_SKILL_06"",""OB_FIRST_PANEL_07_ML_ENGINEER_EV_APP0297_FIRST_INTERVIEW_PRACTITIONER_QA_M1_SKILL_08"",""OB_FIRST_PANEL_07_ML_ENGINEER_EV_APP0297_FIRST_INTERVIEW_TECHNICAL_ASSESSMENT_M1_SKILL_01"",""OB_FIRST_PANEL_07_ML_ENGINEER_EV_APP0297_FIRST_INTERVIEW_TECHNICAL_ASSESSMENT_M1_SKILL_02"",""OB_FIRST_PANEL_07_ML_ENGINEER_EV_APP0297_FIRST_INTERVIEW_TECHNICAL_ASSESSMENT_M1_SKILL_07"",""OB_FIRST_PANEL_07_TECHNICAL_REVIEWER_EV_APP0297_FIRST_INTERVIEW_AI_CASE_M1_SKILL_01"",""OB_FIRST_PANEL_07_TECHNICAL_REVIEWER_EV_APP0297_FIRST_INTERVIEW_AI_CASE_M1_SKILL_03"",""OB_FIRST_PANEL_07_TECHNICAL_REVIEWER_EV_APP0297_FIRST_INTERVIEW_PRACTITIONER_QA_M1_SKILL_04"",""OB_FIRST_PANEL_07_TECHNICAL_REVIEWER_EV_APP0297_FIRST_INTERVIEW_PRACTITIONER_QA_M1_SKILL_05"",""OB_FIRST_PANEL_07_TECHNICAL_REVIEWER_EV_APP0297_FIRST_INTERVIEW_PRACTITIONER_QA_M1_SKILL_06"",""OB_FIRST_PANEL_07_TECHNICAL_REVIEWER_EV_APP0297_FIRST_INTERVIEW_PRACTITIONER_QA_M1_SKILL_08"",""OB_FIRST_PANEL_07_TECHNICAL_REVIEWER_EV_APP0297_FIRST_INTERVIEW_TECHNICAL_ASSESSMENT_M1_SKILL_01"",""OB_FIRST_PANEL_07_TECHNICAL_REVIEWER_EV_APP0297_FIRST_INTERVIEW_TECHNICAL_ASSESSMENT_M1_SKILL_02"",""OB_FIRST_PANEL_07_TECHNICAL_REVIEWER_EV_APP0297_FIRST_INTERVIEW_TECHNICAL_ASSESSMENT_M1_SKILL_07""]","[""EVALUATOR_DISAGREEMENT""]",APP0297_FIRST_INTERVIEW_CALIBRATION,직접 Observation의 평가자/Rubric 차이와 동일 맥락 충돌 검토. 합의된 LIMITED/NOT_OBSERVED만으로 회의를 만들지 않으며 품질 신호로 쓰지 않는다.
APP0309_FIRST_INTERVIEW_CALIBRATION_REVIEW,APP0309_FIRST_INTERVIEW,INTERVIEW,2026-12-17T10:00:00+09:00,"[""OB_FIRST_PANEL_08_HIRING_MANAGER_EV_APP0309_FIRST_INTERVIEW_AI_CASE_M1_SKILL_01"",""OB_FIRST_PANEL_08_HIRING_MANAGER_EV_APP0309_FIRST_INTERVIEW_AI_CASE_M1_SKILL_03"",""OB_FIRST_PANEL_08_HIRING_MANAGER_EV_APP0309_FIRST_INTERVIEW_PRACTITIONER_QA_M1_SKILL_04"",""OB_FIRST_PANEL_08_HIRING_MANAGER_EV_APP0309_FIRST_INTERVIEW_PRACTITIONER_QA_M1_SKILL_05"",""OB_FIRST_PANEL_08_HIRING_MANAGER_EV_APP0309_FIRST_INTERVIEW_PRACTITIONER_QA_M1_SKILL_06"",""OB_FIRST_PANEL_08_HIRING_MANAGER_EV_APP0309_FIRST_INTERVIEW_PRACTITIONER_QA_M1_SKILL_08"",""OB_FIRST_PANEL_08_HIRING_MANAGER_EV_APP0309_FIRST_INTERVIEW_TECHNICAL_ASSESSMENT_M1_SKILL_01"",""OB_FIRST_PANEL_08_HIRING_MANAGER_EV_APP0309_FIRST_INTERVIEW_TECHNICAL_ASSESSMENT_M1_SKILL_02"",""OB_FIRST_PANEL_08_HIRING_MANAGER_EV_APP0309_FIRST_INTERVIEW_TECHNICAL_ASSESSMENT_M1_SKILL_07"",""OB_FIRST_PANEL_08_ML_ENGINEER_EV_APP0309_FIRST_INTERVIEW_AI_CASE_M1_SKILL_01"",""OB_FIRST_PANEL_08_ML_ENGINEER_EV_APP0309_FIRST_INTERVIEW_AI_CASE_M1_SKILL_03"",""OB_FIRST_PANEL_08_ML_ENGINEER_EV_APP0309_FIRST_INTERVIEW_PRACTITIONER_QA_M1_SKILL_04"",""OB_FIRST_PANEL_08_ML_ENGINEER_EV_APP0309_FIRST_INTERVIEW_PRACTITIONER_QA_M1_SKILL_05"",""OB_FIRST_PANEL_08_ML_ENGINEER_EV_APP0309_FIRST_INTERVIEW_PRACTITIONER_QA_M1_SKILL_06"",""OB_FIRST_PANEL_08_ML_ENGINEER_EV_APP0309_FIRST_INTERVIEW_PRACTITIONER_QA_M1_SKILL_08"",""OB_FIRST_PANEL_08_ML_ENGINEER_EV_APP0309_FIRST_INTERVIEW_TECHNICAL_ASSESSMENT_M1_SKILL_01"",""OB_FIRST_PANEL_08_ML_ENGINEER_EV_APP0309_FIRST_INTERVIEW_TECHNICAL_ASSESSMENT_M1_SKILL_02"",""OB_FIRST_PANEL_08_ML_ENGINEER_EV_APP0309_FIRST_INTERVIEW_TECHNICAL_ASSESSMENT_M1_SKILL_07"",""OB_FIRST_PANEL_08_TECHNICAL_REVIEWER_EV_APP0309_FIRST_INTERVIEW_AI_CASE_M1_SKILL_01"",""OB_FIRST_PANEL_08_TECHNICAL_REVIEWER_EV_APP0309_FIRST_INTERVIEW_AI_CASE_M1_SKILL_03"",""OB_FIRST_PANEL_08_TECHNICAL_REVIEWER_EV_APP0309_FIRST_INTERVIEW_PRACTITIONER_QA_M1_SKILL_04"",""OB_FIRST_PANEL_08_TECHNICAL_REVIEWER_EV_APP0309_FIRST_INTERVIEW_PRACTITIONER_QA_M1_SKILL_05"",""OB_FIRST_PANEL_08_TECHNICAL_REVIEWER_EV_APP0309_FIRST_INTERVIEW_PRACTITIONER_QA_M1_SKILL_06"",""OB_FIRST_PANEL_08_TECHNICAL_REVIEWER_EV_APP0309_FIRST_INTERVIEW_PRACTITIONER_QA_M1_SKILL_08"",""OB_FIRST_PANEL_08_TECHNICAL_REVIEWER_EV_APP0309_FIRST_INTERVIEW_TECHNICAL_ASSESSMENT_M1_SKILL_01"",""OB_FIRST_PANEL_08_TECHNICAL_REVIEWER_EV_APP0309_FIRST_INTERVIEW_TECHNICAL_ASSESSMENT_M1_SKILL_02"",""OB_FIRST_PANEL_08_TECHNICAL_REVIEWER_EV_APP0309_FIRST_INTERVIEW_TECHNICAL_ASSESSMENT_M1_SKILL_07""]","[""EVALUATOR_DISAGREEMENT""]",APP0309_FIRST_INTERVIEW_CALIBRATION,직접 Observation의 평가자/Rubric 차이와 동일 맥락 충돌 검토. 합의된 LIMITED/NOT_OBSERVED만으로 회의를 만들지 않으며 품질 신호로 쓰지 않는다.
APP0325_FIRST_INTERVIEW_CALIBRATION_REVIEW,APP0325_FIRST_INTERVIEW,INTERVIEW,2026-12-17T10:00:00+09:00,"[""OB_FIRST_PANEL_09_HIRING_MANAGER_EV_APP0325_FIRST_INTERVIEW_AI_CASE_M1_SKILL_01"",""OB_FIRST_PANEL_09_HIRING_MANAGER_EV_APP0325_FIRST_INTERVIEW_AI_CASE_M1_SKILL_03"",""OB_FIRST_PANEL_09_HIRING_MANAGER_EV_APP0325_FIRST_INTERVIEW_PRACTITIONER_QA_M1_SKILL_04"",""OB_FIRST_PANEL_09_HIRING_MANAGER_EV_APP0325_FIRST_INTERVIEW_PRACTITIONER_QA_M1_SKILL_05"",""OB_FIRST_PANEL_09_HIRING_MANAGER_EV_APP0325_FIRST_INTERVIEW_PRACTITIONER_QA_M1_SKILL_06"",""OB_FIRST_PANEL_09_HIRING_MANAGER_EV_APP0325_FIRST_INTERVIEW_PRACTITIONER_QA_M1_SKILL_08"",""OB_FIRST_PANEL_09_HIRING_MANAGER_EV_APP0325_FIRST_INTERVIEW_TECHNICAL_ASSESSMENT_M1_SKILL_01"",""OB_FIRST_PANEL_09_HIRING_MANAGER_EV_APP0325_FIRST_INTERVIEW_TECHNICAL_ASSESSMENT_M1_SKILL_02"",""OB_FIRST_PANEL_09_HIRING_MANAGER_EV_APP0325_FIRST_INTERVIEW_TECHNICAL_ASSESSMENT_M1_SKILL_07"",""OB_FIRST_PANEL_09_ML_ENGINEER_EV_APP0325_FIRST_INTERVIEW_AI_CASE_M1_SKILL_01"",""OB_FIRST_PANEL_09_ML_ENGINEER_EV_APP0325_FIRST_INTERVIEW_AI_CASE_M1_SKILL_03"",""OB_FIRST_PANEL_09_ML_ENGINEER_EV_APP0325_FIRST_INTERVIEW_PRACTITIONER_QA_M1_SKILL_04"",""OB_FIRST_PANEL_09_ML_ENGINEER_EV_APP0325_FIRST_INTERVIEW_PRACTITIONER_QA_M1_SKILL_05"",""OB_FIRST_PANEL_09_ML_ENGINEER_EV_APP0325_FIRST_INTERVIEW_PRACTITIONER_QA_M1_SKILL_06"",""OB_FIRST_PANEL_09_ML_ENGINEER_EV_APP0325_FIRST_INTERVIEW_PRACTITIONER_QA_M1_SKILL_08"",""OB_FIRST_PANEL_09_ML_ENGINEER_EV_APP0325_FIRST_INTERVIEW_TECHNICAL_ASSESSMENT_M1_SKILL_01"",""OB_FIRST_PANEL_09_ML_ENGINEER_EV_APP0325_FIRST_INTERVIEW_TECHNICAL_ASSESSMENT_M1_SKILL_02"",""OB_FIRST_PANEL_09_ML_ENGINEER_EV_APP0325_FIRST_INTERVIEW_TECHNICAL_ASSESSMENT_M1_SKILL_07"",""OB_FIRST_PANEL_09_TECHNICAL_REVIEWER_EV_APP0325_FIRST_INTERVIEW_AI_CASE_M1_SKILL_01"",""OB_FIRST_PANEL_09_TECHNICAL_REVIEWER_EV_APP0325_FIRST_INTERVIEW_AI_CASE_M1_SKILL_03"",""OB_FIRST_PANEL_09_TECHNICAL_REVIEWER_EV_APP0325_FIRST_INTERVIEW_PRACTITIONER_QA_M1_SKILL_04"",""OB_FIRST_PANEL_09_TECHNICAL_REVIEWER_EV_APP0325_FIRST_INTERVIEW_PRACTITIONER_QA_M1_SKILL_05"",""OB_FIRST_PANEL_09_TECHNICAL_REVIEWER_EV_APP0325_FIRST_INTERVIEW_PRACTITIONER_QA_M1_SKILL_06"",""OB_FIRST_PANEL_09_TECHNICAL_REVIEWER_EV_APP0325_FIRST_INTERVIEW_PRACTITIONER_QA_M1_SKILL_08"",""OB_FIRST_PANEL_09_TECHNICAL_REVIEWER_EV_APP0325_FIRST_INTERVIEW_TECHNICAL_ASSESSMENT_M1_SKILL_01"",""OB_FIRST_PANEL_09_TECHNICAL_REVIEWER_EV_APP0325_FIRST_INTERVIEW_TECHNICAL_ASSESSMENT_M1_SKILL_02"",""OB_FIRST_PANEL_09_TECHNICAL_REVIEWER_EV_APP0325_FIRST_INTERVIEW_TECHNICAL_ASSESSMENT_M1_SKILL_07""]","[""EVALUATOR_DISAGREEMENT""]",APP0325_FIRST_INTERVIEW_CALIBRATION,직접 Observation의 평가자/Rubric 차이와 동일 맥락 충돌 검토. 합의된 LIMITED/NOT_OBSERVED만으로 회의를 만들지 않으며 품질 신호로 쓰지 않는다.
APP0342_FIRST_INTERVIEW_CALIBRATION_REVIEW,APP0342_FIRST_INTERVIEW,INTERVIEW,2026-12-17T10:00:00+09:00,"[""OB_FIRST_PANEL_10_HIRING_MANAGER_EV_APP0342_FIRST_INTERVIEW_AI_CASE_M1_SKILL_01"",""OB_FIRST_PANEL_10_HIRING_MANAGER_EV_APP0342_FIRST_INTERVIEW_AI_CASE_M1_SKILL_03"",""OB_FIRST_PANEL_10_HIRING_MANAGER_EV_APP0342_FIRST_INTERVIEW_PRACTITIONER_QA_M1_SKILL_04"",""OB_FIRST_PANEL_10_HIRING_MANAGER_EV_APP0342_FIRST_INTERVIEW_PRACTITIONER_QA_M1_SKILL_05"",""OB_FIRST_PANEL_10_HIRING_MANAGER_EV_APP0342_FIRST_INTERVIEW_PRACTITIONER_QA_M1_SKILL_06"",""OB_FIRST_PANEL_10_HIRING_MANAGER_EV_APP0342_FIRST_INTERVIEW_PRACTITIONER_QA_M1_SKILL_08"",""OB_FIRST_PANEL_10_HIRING_MANAGER_EV_APP0342_FIRST_INTERVIEW_TECHNICAL_ASSESSMENT_M1_SKILL_01"",""OB_FIRST_PANEL_10_HIRING_MANAGER_EV_APP0342_FIRST_INTERVIEW_TECHNICAL_ASSESSMENT_M1_SKILL_02"",""OB_FIRST_PANEL_10_HIRING_MANAGER_EV_APP0342_FIRST_INTERVIEW_TECHNICAL_ASSESSMENT_M1_SKILL_07"",""OB_FIRST_PANEL_10_ML_ENGINEER_EV_APP0342_FIRST_INTERVIEW_AI_CASE_M1_SKILL_01"",""OB_FIRST_PANEL_10_ML_ENGINEER_EV_APP0342_FIRST_INTERVIEW_AI_CASE_M1_SKILL_03"",""OB_FIRST_PANEL_10_ML_ENGINEER_EV_APP0342_FIRST_INTERVIEW_PRACTITIONER_QA_M1_SKILL_04"",""OB_FIRST_PANEL_10_ML_ENGINEER_EV_APP0342_FIRST_INTERVIEW_PRACTITIONER_QA_M1_SKILL_05"",""OB_FIRST_PANEL_10_ML_ENGINEER_EV_APP0342_FIRST_INTERVIEW_PRACTITIONER_QA_M1_SKILL_06"",""OB_FIRST_PANEL_10_ML_ENGINEER_EV_APP0342_FIRST_INTERVIEW_PRACTITIONER_QA_M1_SKILL_08"",""OB_FIRST_PANEL_10_ML_ENGINEER_EV_APP0342_FIRST_INTERVIEW_TECHNICAL_ASSESSMENT_M1_SKILL_01"",""OB_FIRST_PANEL_10_ML_ENGINEER_EV_APP0342_FIRST_INTERVIEW_TECHNICAL_ASSESSMENT_M1_SKILL_02"",""OB_FIRST_PANEL_10_ML_ENGINEER_EV_APP0342_FIRST_INTERVIEW_TECHNICAL_ASSESSMENT_M1_SKILL_07"",""OB_FIRST_PANEL_10_TECHNICAL_REVIEWER_EV_APP0342_FIRST_INTERVIEW_AI_CASE_M1_SKILL_01"",""OB_FIRST_PANEL_10_TECHNICAL_REVIEWER_EV_APP0342_FIRST_INTERVIEW_AI_CASE_M1_SKILL_03"",""OB_FIRST_PANEL_10_TECHNICAL_REVIEWER_EV_APP0342_FIRST_INTERVIEW_PRACTITIONER_QA_M1_SKILL_04"",""OB_FIRST_PANEL_10_TECHNICAL_REVIEWER_EV_APP0342_FIRST_INTERVIEW_PRACTITIONER_QA_M1_SKILL_05"",""OB_FIRST_PANEL_10_TECHNICAL_REVIEWER_EV_APP0342_FIRST_INTERVIEW_PRACTITIONER_QA_M1_SKILL_06"",""OB_FIRST_PANEL_10_TECHNICAL_REVIEWER_EV_APP0342_FIRST_INTERVIEW_PRACTITIONER_QA_M1_SKILL_08"",""OB_FIRST_PANEL_10_TECHNICAL_REVIEWER_EV_APP0342_FIRST_INTERVIEW_TECHNICAL_ASSESSMENT_M1_SKILL_01"",""OB_FIRST_PANEL_10_TECHNICAL_REVIEWER_EV_APP0342_FIRST_INTERVIEW_TECHNICAL_ASSESSMENT_M1_SKILL_02"",""OB_FIRST_PANEL_10_TECHNICAL_REVIEWER_EV_APP0342_FIRST_INTERVIEW_TECHNICAL_ASSESSMENT_M1_SKILL_07""]",[],,직접 Observation의 평가자/Rubric 차이와 동일 맥락 충돌 검토. 합의된 LIMITED/NOT_OBSERVED만으로 회의를 만들지 않으며 품질 신호로 쓰지 않는다.
APP0082_SECOND_INTERVIEW_CALIBRATION_REVIEW,APP0082_SECOND_INTERVIEW,INTERVIEW,2026-12-26T10:30:00+09:00,"[""OB_SECOND_INTERVIEW_PANEL_01_HIRING_MANAGER_EV_APP0082_SECOND_INTERVIEW_VALUES_BEHAVIOR_INTERVIEW_M1_SKILL_04"",""OB_SECOND_INTERVIEW_PANEL_01_HIRING_MANAGER_EV_APP0082_SECOND_INTERVIEW_VALUES_BEHAVIOR_INTERVIEW_M1_SKILL_05"",""OB_SECOND_INTERVIEW_PANEL_01_ML_ENGINEER_EV_APP0082_SECOND_INTERVIEW_VALUES_BEHAVIOR_INTERVIEW_M1_SKILL_04"",""OB_SECOND_INTERVIEW_PANEL_01_ML_ENGINEER_EV_APP0082_SECOND_INTERVIEW_VALUES_BEHAVIOR_INTERVIEW_M1_SKILL_05""]",[],,직접 Observation의 평가자/Rubric 차이와 동일 맥락 충돌 검토. 합의된 LIMITED/NOT_OBSERVED만으로 회의를 만들지 않으며 품질 신호로 쓰지 않는다.
APP0005_SECOND_INTERVIEW_CALIBRATION_REVIEW,APP0005_SECOND_INTERVIEW,INTERVIEW,2026-12-29T10:45:00+09:00,"[""OB_SECOND_INTERVIEW_PANEL_01_HIRING_MANAGER_EV_APP0005_SECOND_INTERVIEW_VALUES_BEHAVIOR_INTERVIEW_M1_SKILL_04"",""OB_SECOND_INTERVIEW_PANEL_01_HIRING_MANAGER_EV_APP0005_SECOND_INTERVIEW_VALUES_BEHAVIOR_INTERVIEW_M1_SKILL_05"",""OB_SECOND_INTERVIEW_PANEL_01_ML_ENGINEER_EV_APP0005_SECOND_INTERVIEW_VALUES_BEHAVIOR_INTERVIEW_M1_SKILL_04"",""OB_SECOND_INTERVIEW_PANEL_01_ML_ENGINEER_EV_APP0005_SECOND_INTERVIEW_VALUES_BEHAVIOR_INTERVIEW_M1_SKILL_05""]",[],,직접 Observation의 평가자/Rubric 차이와 동일 맥락 충돌 검토. 합의된 LIMITED/NOT_OBSERVED만으로 회의를 만들지 않으며 품질 신호로 쓰지 않는다.
APP0181_SECOND_INTERVIEW_CALIBRATION_REVIEW,APP0181_SECOND_INTERVIEW,INTERVIEW,2026-12-29T11:15:00+09:00,"[""OB_SECOND_INTERVIEW_PANEL_01_HIRING_MANAGER_EV_APP0181_SECOND_INTERVIEW_VALUES_BEHAVIOR_INTERVIEW_M1_SKILL_04"",""OB_SECOND_INTERVIEW_PANEL_01_HIRING_MANAGER_EV_APP0181_SECOND_INTERVIEW_VALUES_BEHAVIOR_INTERVIEW_M1_SKILL_05"",""OB_SECOND_INTERVIEW_PANEL_01_ML_ENGINEER_EV_APP0181_SECOND_INTERVIEW_VALUES_BEHAVIOR_INTERVIEW_M1_SKILL_04"",""OB_SECOND_INTERVIEW_PANEL_01_ML_ENGINEER_EV_APP0181_SECOND_INTERVIEW_VALUES_BEHAVIOR_INTERVIEW_M1_SKILL_05""]",[],,직접 Observation의 평가자/Rubric 차이와 동일 맥락 충돌 검토. 합의된 LIMITED/NOT_OBSERVED만으로 회의를 만들지 않으며 품질 신호로 쓰지 않는다.
APP0342_SECOND_INTERVIEW_CALIBRATION_REVIEW,APP0342_SECOND_INTERVIEW,INTERVIEW,2027-01-04T10:30:00+09:00,"[""OB_SECOND_INTERVIEW_PANEL_01_HIRING_MANAGER_EV_APP0342_SECOND_INTERVIEW_VALUES_BEHAVIOR_INTERVIEW_M1_SKILL_04"",""OB_SECOND_INTERVIEW_PANEL_01_HIRING_MANAGER_EV_APP0342_SECOND_INTERVIEW_VALUES_BEHAVIOR_INTERVIEW_M1_SKILL_05"",""OB_SECOND_INTERVIEW_PANEL_01_ML_ENGINEER_EV_APP0342_SECOND_INTERVIEW_VALUES_BEHAVIOR_INTERVIEW_M1_SKILL_04"",""OB_SECOND_INTERVIEW_PANEL_01_ML_ENGINEER_EV_APP0342_SECOND_INTERVIEW_VALUES_BEHAVIOR_INTERVIEW_M1_SKILL_05""]",[],,직접 Observation의 평가자/Rubric 차이와 동일 맥락 충돌 검토. 합의된 LIMITED/NOT_OBSERVED만으로 회의를 만들지 않으며 품질 신호로 쓰지 않는다.
APP0228_SECOND_INTERVIEW_CALIBRATION_REVIEW,APP0228_SECOND_INTERVIEW,INTERVIEW,2027-01-01T10:45:00+09:00,"[""OB_SECOND_INTERVIEW_PANEL_01_HIRING_MANAGER_EV_APP0228_SECOND_INTERVIEW_VALUES_BEHAVIOR_INTERVIEW_M1_SKILL_04"",""OB_SECOND_INTERVIEW_PANEL_01_HIRING_MANAGER_EV_APP0228_SECOND_INTERVIEW_VALUES_BEHAVIOR_INTERVIEW_M1_SKILL_05"",""OB_SECOND_INTERVIEW_PANEL_01_ML_ENGINEER_EV_APP0228_SECOND_INTERVIEW_VALUES_BEHAVIOR_INTERVIEW_M1_SKILL_04"",""OB_SECOND_INTERVIEW_PANEL_01_ML_ENGINEER_EV_APP0228_SECOND_INTERVIEW_VALUES_BEHAVIOR_INTERVIEW_M1_SKILL_05""]",[],,직접 Observation의 평가자/Rubric 차이와 동일 맥락 충돌 검토. 합의된 LIMITED/NOT_OBSERVED만으로 회의를 만들지 않으며 품질 신호로 쓰지 않는다.
APP0285_SECOND_INTERVIEW_CALIBRATION_REVIEW,APP0285_SECOND_INTERVIEW,INTERVIEW,2026-12-30T10:30:00+09:00,"[""OB_SECOND_INTERVIEW_PANEL_01_HIRING_MANAGER_EV_APP0285_SECOND_INTERVIEW_VALUES_BEHAVIOR_INTERVIEW_M1_SKILL_04"",""OB_SECOND_INTERVIEW_PANEL_01_HIRING_MANAGER_EV_APP0285_SECOND_INTERVIEW_VALUES_BEHAVIOR_INTERVIEW_M1_SKILL_05"",""OB_SECOND_INTERVIEW_PANEL_01_ML_ENGINEER_EV_APP0285_SECOND_INTERVIEW_VALUES_BEHAVIOR_INTERVIEW_M1_SKILL_04"",""OB_SECOND_INTERVIEW_PANEL_01_ML_ENGINEER_EV_APP0285_SECOND_INTERVIEW_VALUES_BEHAVIOR_INTERVIEW_M1_SKILL_05""]","[""EVALUATOR_DISAGREEMENT""]",APP0285_SECOND_INTERVIEW_CALIBRATION,직접 Observation의 평가자/Rubric 차이와 동일 맥락 충돌 검토. 합의된 LIMITED/NOT_OBSERVED만으로 회의를 만들지 않으며 품질 신호로 쓰지 않는다.
APP0297_SECOND_INTERVIEW_CALIBRATION_REVIEW,APP0297_SECOND_INTERVIEW,INTERVIEW,2026-12-31T10:45:00+09:00,"[""OB_SECOND_INTERVIEW_PANEL_01_HIRING_MANAGER_EV_APP0297_SECOND_INTERVIEW_VALUES_BEHAVIOR_INTERVIEW_M1_SKILL_04"",""OB_SECOND_INTERVIEW_PANEL_01_HIRING_MANAGER_EV_APP0297_SECOND_INTERVIEW_VALUES_BEHAVIOR_INTERVIEW_M1_SKILL_05"",""OB_SECOND_INTERVIEW_PANEL_01_ML_ENGINEER_EV_APP0297_SECOND_INTERVIEW_VALUES_BEHAVIOR_INTERVIEW_M1_SKILL_04"",""OB_SECOND_INTERVIEW_PANEL_01_ML_ENGINEER_EV_APP0297_SECOND_INTERVIEW_VALUES_BEHAVIOR_INTERVIEW_M1_SKILL_05""]",[],,직접 Observation의 평가자/Rubric 차이와 동일 맥락 충돌 검토. 합의된 LIMITED/NOT_OBSERVED만으로 회의를 만들지 않으며 품질 신호로 쓰지 않는다.
APP0238_SECOND_INTERVIEW_CALIBRATION_REVIEW,APP0238_SECOND_INTERVIEW,INTERVIEW,2027-01-09T10:45:00+09:00,"[""OB_SECOND_INTERVIEW_PANEL_01_HIRING_MANAGER_EV_APP0238_SECOND_INTERVIEW_VALUES_BEHAVIOR_INTERVIEW_M1_SKILL_04"",""OB_SECOND_INTERVIEW_PANEL_01_HIRING_MANAGER_EV_APP0238_SECOND_INTERVIEW_VALUES_BEHAVIOR_INTERVIEW_M1_SKILL_05"",""OB_SECOND_INTERVIEW_PANEL_01_ML_ENGINEER_EV_APP0238_SECOND_INTERVIEW_VALUES_BEHAVIOR_INTERVIEW_M1_SKILL_04"",""OB_SECOND_INTERVIEW_PANEL_01_ML_ENGINEER_EV_APP0238_SECOND_INTERVIEW_VALUES_BEHAVIOR_INTERVIEW_M1_SKILL_05""]",[],,직접 Observation의 평가자/Rubric 차이와 동일 맥락 충돌 검토. 합의된 LIMITED/NOT_OBSERVED만으로 회의를 만들지 않으며 품질 신호로 쓰지 않는다.
APP0285_FINAL_REVIEW_FOLLOW_UP_CALIBRATION_REVIEW,APP0285_FINAL_REVIEW,FOLLOW_UP,2027-01-16T11:50:00+09:00,"[""OB_FINAL_REVIEW_PANEL_01_HIRING_MANAGER_EV_APP0285_FINAL_REVIEW_FOCUSED_FOLLOW_UP_M1_SKILL_04"",""OB_FINAL_REVIEW_PANEL_01_ML_ENGINEER_EV_APP0285_FINAL_REVIEW_FOCUSED_FOLLOW_UP_M1_SKILL_04""]",[],,직접 Observation의 평가자/Rubric 차이와 동일 맥락 충돌 검토. 합의된 LIMITED/NOT_OBSERVED만으로 회의를 만들지 않으며 품질 신호로 쓰지 않는다.
APP0005_FINAL_REVIEW_FOLLOW_UP_CALIBRATION_REVIEW,APP0005_FINAL_REVIEW,FOLLOW_UP,2027-01-20T12:05:00+09:00,"[""OB_FINAL_REVIEW_PANEL_01_HIRING_MANAGER_EV_APP0005_FINAL_REVIEW_FOCUSED_FOLLOW_UP_M1_SKILL_04"",""OB_FINAL_REVIEW_PANEL_01_ML_ENGINEER_EV_APP0005_FINAL_REVIEW_FOCUSED_FOLLOW_UP_M1_SKILL_04""]",[],,직접 Observation의 평가자/Rubric 차이와 동일 맥락 충돌 검토. 합의된 LIMITED/NOT_OBSERVED만으로 회의를 만들지 않으며 품질 신호로 쓰지 않는다.
APP0297_FINAL_REVIEW_FOLLOW_UP_CALIBRATION_REVIEW,APP0297_FINAL_REVIEW,FOLLOW_UP,2027-01-13T11:45:00+09:00,"[""OB_FINAL_REVIEW_PANEL_01_HIRING_MANAGER_EV_APP0297_FINAL_REVIEW_FOCUSED_FOLLOW_UP_M1_SKILL_05"",""OB_FINAL_REVIEW_PANEL_01_ML_ENGINEER_EV_APP0297_FINAL_REVIEW_FOCUSED_FOLLOW_UP_M1_SKILL_05""]",[],,직접 Observation의 평가자/Rubric 차이와 동일 맥락 충돌 검토. 합의된 LIMITED/NOT_OBSERVED만으로 회의를 만들지 않으며 품질 신호로 쓰지 않는다.
APP0228_FINAL_REVIEW_FOLLOW_UP_CALIBRATION_REVIEW,APP0228_FINAL_REVIEW,FOLLOW_UP,2027-01-21T11:40:00+09:00,"[""OB_FINAL_REVIEW_PANEL_01_HIRING_MANAGER_EV_APP0228_FINAL_REVIEW_FOCUSED_FOLLOW_UP_M1_SKILL_04"",""OB_FINAL_REVIEW_PANEL_01_ML_ENGINEER_EV_APP0228_FINAL_REVIEW_FOCUSED_FOLLOW_UP_M1_SKILL_04""]","[""EVALUATOR_DISAGREEMENT""]",APP0228_FINAL_REVIEW_FOLLOW_UP_CALIBRATION,직접 Observation의 평가자/Rubric 차이와 동일 맥락 충돌 검토. 합의된 LIMITED/NOT_OBSERVED만으로 회의를 만들지 않으며 품질 신호로 쓰지 않는다.
